row_uid,question_id,category,vote_pattern,agreement_status,confidence_bin,avg_confidence,composite_score,is_correct,rank,auto_resolved_fraction,auto_resolved_accuracy
row1106_KXLIGUE1GAME_164d97838105,KXLIGUE1GAME,Sports,unanimous_3_to_0,Unanimous,High,0.9899999999999999,1.9899999999999998,True,1,0.0008410428931875525,1.0
row1029_KXNBAGAME_7f0cc19d58cf,KXNBAGAME,Sports,unanimous_3_to_0,Unanimous,High,0.9833333333333334,1.9833333333333334,True,2,0.001682085786375105,1.0
row0067_KXUSAINTEL_f47b046cb718,KXUSAINTEL,Politics,unanimous_3_to_0,Unanimous,High,0.9833333333333334,1.9833333333333334,True,3,0.002523128679562658,1.0
row0015_KXEUROVISION_1a4f17b066b5,KXEUROVISION,Entertainment,unanimous_3_to_0,Unanimous,High,0.9833333333333334,1.9833333333333334,True,4,0.00336417157275021,1.0
row0538_KXAUSPM_11bbe8d13354,KXAUSPM,Elections,unanimous_3_to_0,Unanimous,High,0.9833333333333334,1.9833333333333334,True,5,0.004205214465937763,1.0
row0060_KXTOPALBUMBYTAYLORSWIFT_dd1259badff0,KXTOPALBUMBYTAYLORSWIFT,Entertainment,unanimous_3_to_0,Unanimous,High,0.9833333333333334,1.9833333333333334,True,6,0.005046257359125316,1.0
row0036_KXMAYORNOLA_e25a073dda7b,KXMAYORNOLA,Elections,unanimous_3_to_0,Unanimous,High,0.9833333333333334,1.9833333333333334,True,7,0.005887300252312868,1.0
row0057_KXUSAMBCHINA_3b3d548f274d,KXUSAMBCHINA,Politics,unanimous_3_to_0,Unanimous,High,0.9833333333333334,1.9833333333333334,True,8,0.00672834314550042,1.0
row0040_KXTRUMPFOOTBALL_aa26e8d1fde4,KXTRUMPFOOTBALL,Entertainment,unanimous_3_to_0,Unanimous,High,0.9833333333333334,1.9833333333333334,True,9,0.007569386038687973,1.0
row0518_KXGRAMMYNOMROTY_2c2e6ca6c6cd,KXGRAMMYNOMROTY,Entertainment,unanimous_3_to_0,Unanimous,High,0.9833333333333334,1.9833333333333334,True,10,0.008410428931875526,1.0
row0801_KXPRESTALKPUTIN_fee51178e867,KXPRESTALKPUTIN,Politics,unanimous_3_to_0,Unanimous,High,0.9833333333333334,1.9833333333333334,True,11,0.009251471825063078,1.0
row0047_KXRADIOHEAD_8c4b1037be30,KXRADIOHEAD,Entertainment,unanimous_3_to_0,Unanimous,High,0.9833333333333334,1.9833333333333334,True,12,0.010092514718250631,1.0
row0052_KXXAISUEAPPLE_7dae0f6ff7a2,KXXAISUEAPPLE,Politics,unanimous_3_to_0,Unanimous,High,0.9833333333333334,1.9833333333333334,True,13,0.010933557611438183,1.0
row0886_KXAUSSEATSLABOR_06ffe56b2bf5,KXAUSSEATSLABOR,Politics,unanimous_3_to_0,Unanimous,High,0.9833333333333334,1.9833333333333334,True,14,0.011774600504625737,1.0
row0884_KXAUSSEATSLIBNAT_66c91e1c2961,KXAUSSEATSLIBNAT,Politics,unanimous_3_to_0,Unanimous,High,0.9833333333333334,1.9833333333333334,True,15,0.012615643397813289,1.0
row0058_KXUSELECTIONARIZONA7_f1ec65fdea5f,KXUSELECTIONARIZONA7,Elections,unanimous_3_to_0,Unanimous,High,0.9833333333333334,1.9833333333333334,True,16,0.01345668629100084,1.0
row1105_KXLIGUE1GAME_f71a23b44791,KXLIGUE1GAME,Sports,unanimous_3_to_0,Unanimous,High,0.9833333333333334,1.9833333333333334,True,17,0.014297729184188394,1.0
row1030_KXNBAGAME_703f124e645c,KXNBAGAME,Sports,unanimous_3_to_0,Unanimous,High,0.9833333333333334,1.9833333333333334,True,18,0.015138772077375946,1.0
row0844_KXGRAMMYNOMCOUNTLG_6d8790ef8258,KXGRAMMYNOMCOUNTLG,Sports,unanimous_3_to_0,Unanimous,High,0.9833333333333334,1.9833333333333334,True,19,0.0159798149705635,1.0
row0472_KXAJTOSSEO_e6c8f4d0ace4,KXAJTOSSEO,Politics,unanimous_3_to_0,Unanimous,High,0.9833333333333334,1.9833333333333334,True,20,0.01682085786375105,1.0
row0075_KXGRAMMYNOMCOUNTKL_e08e3add6100,KXGRAMMYNOMCOUNTKL,Sports,unanimous_3_to_0,Unanimous,High,0.9833333333333334,1.9833333333333334,True,21,0.017661900756938603,1.0
row0015_GOVPARTYVA_8985fb9ca93a,GOVPARTYVA,Politics,unanimous_3_to_0,Unanimous,High,0.9833333333333334,1.9833333333333334,True,22,0.018502943650126155,1.0
row0066_KXUCLGAME_b858b19b2302,KXUCLGAME,Sports,unanimous_3_to_0,Unanimous,High,0.9833333333333334,1.9833333333333334,True,23,0.01934398654331371,1.0
row0659_KXTARIFFSCOPPER_151e6a6c697c,KXTARIFFSCOPPER,Politics,unanimous_3_to_0,Unanimous,High,0.9833333333333334,1.9833333333333334,True,24,0.020185029436501262,1.0
row0727_KXINDEXADD_8d70c855c3ef,KXINDEXADD,World,unanimous_3_to_0,Unanimous,High,0.9833333333333334,1.9833333333333334,True,25,0.021026072329688814,1.0
row0988_KXNFLTOTAL_c9a651e60e97,KXNFLTOTAL,Sports,unanimous_3_to_0,Unanimous,High,0.9833333333333334,1.9833333333333334,True,26,0.021867115222876366,1.0
row0078_KXBLSCOMMISSIONER_9da8ae92a2ec,KXBLSCOMMISSIONER,Politics,unanimous_3_to_0,Unanimous,High,0.9833333333333334,1.9833333333333334,True,27,0.022708158116063918,1.0
row0651_KXTRUMPMEET_5d10f572266d,KXTRUMPMEET,Social,unanimous_3_to_0,Unanimous,High,0.9833333333333334,1.9833333333333334,True,28,0.023549201009251473,1.0
row0996_KXNFLGAME_78bcc0bc4484,KXNFLGAME,Sports,unanimous_3_to_0,Unanimous,High,0.9833333333333334,1.9833333333333334,True,29,0.024390243902439025,1.0
row0997_KXNFLGAME_71849303e9a2,KXNFLGAME,Sports,unanimous_3_to_0,Unanimous,High,0.9833333333333334,1.9833333333333334,True,30,0.025231286795626577,1.0
row0088_KXCOMPANYBOARDOPENDOOR_f6ab994ebe27,KXCOMPANYBOARDOPENDOOR,Companies,unanimous_3_to_0,Unanimous,High,0.9833333333333334,1.9833333333333334,True,31,0.02607232968881413,1.0
row0744_KXDRAGONISS_a09f79ac3a90,KXDRAGONISS,World,unanimous_3_to_0,Unanimous,High,0.9833333333333334,1.9833333333333334,True,32,0.02691337258200168,1.0
row0036_KXGRAMMYNOMCOUNTKL_9fd649b76836,KXGRAMMYNOMCOUNTKL,Sports,unanimous_3_to_0,Unanimous,High,0.9833333333333334,1.9833333333333334,True,33,0.027754415475189236,1.0
row0761_KXCAHOUSINGLAW_33bbbe8a4475,KXCAHOUSINGLAW,Politics,unanimous_3_to_0,Unanimous,High,0.9833333333333334,1.9833333333333334,True,34,0.028595458368376788,1.0
row1024_KXNCAAFTOTAL_c802e09c8e40,KXNCAAFTOTAL,Sports,unanimous_3_to_0,Unanimous,High,0.9833333333333334,1.9833333333333334,True,35,0.02943650126156434,1.0
row0002_KXUECLGAME_0fe05299293b,KXUECLGAME,Sports,unanimous_3_to_0,Unanimous,High,0.9833333333333334,1.9833333333333334,True,36,0.030277544154751892,1.0
row0549_KXGOLDENBACHELOR_ed5a7ce75643,KXGOLDENBACHELOR,Entertainment,unanimous_3_to_0,Unanimous,High,0.9833333333333334,1.9833333333333334,True,37,0.031118587047939444,1.0
row0038_KXNFLTOTAL_1e4a27b5e39d,KXNFLTOTAL,Sports,unanimous_3_to_0,Unanimous,High,0.9833333333333334,1.9833333333333334,True,38,0.031959629941127,1.0
row0879_KXBESTACRESSTONYS_5597c08c3a53,KXBESTACRESSTONYS,Entertainment,unanimous_3_to_0,Unanimous,High,0.9833333333333334,1.9833333333333334,True,39,0.03280067283431455,1.0
row0467_KXCATHOLICWISCNOSIN_1a07f0a80afe,KXCATHOLICWISCNOSIN,Politics,unanimous_3_to_0,Unanimous,High,0.9833333333333334,1.9833333333333334,True,40,0.0336417157275021,1.0
row1142_KXWTAMATCH_ad1de419f942,KXWTAMATCH,Sports,unanimous_3_to_0,Unanimous,High,0.9833333333333334,1.9833333333333334,True,41,0.034482758620689655,1.0
row0063_KXDWARKESH_c524c03ede12,KXDWARKESH,Entertainment,unanimous_3_to_0,Unanimous,High,0.9833333333333334,1.9833333333333334,True,42,0.03532380151387721,1.0
row1141_KXWTAMATCH_565179bc5aae,KXWTAMATCH,Sports,unanimous_3_to_0,Unanimous,High,0.9833333333333334,1.9833333333333334,True,43,0.03616484440706476,1.0
row0043_KXUECLGAME_bfd0c12472bf,KXUECLGAME,Sports,unanimous_3_to_0,Unanimous,High,0.9833333333333334,1.9833333333333334,True,44,0.03700588730025231,1.0
row1137_KXGRAMMYNOMNAOTY_f5dc8b9ee2d7,KXGRAMMYNOMNAOTY,Entertainment,unanimous_3_to_0,Unanimous,High,0.9833333333333334,1.9833333333333334,True,45,0.03784693019343986,1.0
row0031_KXSENATERUN_b411945cf8e0,KXSENATERUN,Politics,unanimous_3_to_0,Unanimous,High,0.9833333333333334,1.9833333333333334,True,46,0.03868797308662742,1.0
row0071_KXNEXTTEAMWESTBROOK_42efdad5e337,KXNEXTTEAMWESTBROOK,Sports,unanimous_3_to_0,Unanimous,High,0.9833333333333334,1.9833333333333334,True,47,0.03952901597981497,1.0
row1130_KXSAUDIPLGAME_cb55d233d90d,KXSAUDIPLGAME,Sports,unanimous_3_to_0,Unanimous,High,0.9833333333333334,1.9833333333333334,True,48,0.040370058873002525,1.0
row0859_KXDIDDYTRIALATTEND_2b4c05232560,KXDIDDYTRIALATTEND,Entertainment,unanimous_3_to_0,Unanimous,High,0.9833333333333334,1.9833333333333334,True,49,0.04121110176619008,1.0
row0822_KXNEWPOPECOUNTRY_73481b9d5ba2,KXNEWPOPECOUNTRY,World,unanimous_3_to_0,Unanimous,High,0.9833333333333334,1.9833333333333334,True,50,0.04205214465937763,1.0
row1152_KXGRAMMYNOMBRA_3f4f7484ccea,KXGRAMMYNOMBRA,Entertainment,unanimous_3_to_0,Unanimous,High,0.9833333333333334,1.9833333333333334,True,51,0.04289318755256518,1.0
row0852_KXFDAAPPROVAL_bd1313e3f06d,KXFDAAPPROVAL,World,unanimous_3_to_0,Unanimous,High,0.9833333333333334,1.9833333333333334,True,52,0.04373423044575273,1.0
row0006_KXNFLWINS-CLE_882dd6026a3c,KXNFLWINS-CLE,Sports,unanimous_3_to_0,Unanimous,High,0.9833333333333334,1.9833333333333334,True,53,0.044575273338940284,1.0
row0067_KXUSELECTIONARIZONA7_d630fd604f82,KXUSELECTIONARIZONA7,Elections,unanimous_3_to_0,Unanimous,High,0.9833333333333334,1.9833333333333334,True,54,0.045416316232127836,1.0
row0835_KXMAYORATLANTA_1a649a5ff380,KXMAYORATLANTA,Elections,unanimous_3_to_0,Unanimous,High,0.9833333333333334,1.9833333333333334,True,55,0.04625735912531539,1.0
row0065_KXEUROVISIONHOST_dfe3ddf442dc,KXEUROVISIONHOST,Entertainment,unanimous_3_to_0,Unanimous,High,0.9833333333333334,1.9833333333333334,True,56,0.04709840201850295,1.0
row1119_KXF1RACEPODIUM_bf92ddefa932,KXF1RACEPODIUM,Sports,unanimous_3_to_0,Unanimous,High,0.9833333333333334,1.9833333333333334,True,57,0.0479394449116905,1.0
row1118_KXF1RACE_b6119bd604ac,KXF1RACE,Sports,unanimous_3_to_0,Unanimous,High,0.9833333333333334,1.9833333333333334,True,58,0.04878048780487805,1.0
row0008_KXGRAMMYNOMNAOTY_49f9dbe26140,KXGRAMMYNOMNAOTY,Entertainment,unanimous_3_to_0,Unanimous,High,0.98,1.98,True,59,0.0496215306980656,1.0
row0018_KXCALIREDISTRICTING_dab49a7dd67b,KXCALIREDISTRICTING,Elections,unanimous_3_to_0,Unanimous,High,0.98,1.98,True,60,0.050462573591253154,1.0
row0028_KXFIFAGAME_9c264871c263,KXFIFAGAME,Sports,unanimous_3_to_0,Unanimous,High,0.9766666666666667,1.9766666666666666,True,61,0.051303616484440706,1.0
row0759_KXCARDFEECHASESAPH_27f948f6d5f7,KXCARDFEECHASESAPH,Companies,unanimous_3_to_0,Unanimous,High,0.9766666666666667,1.9766666666666666,True,62,0.05214465937762826,1.0
row0725_KXIPCGAZA_604618f76288,KXIPCGAZA,Politics,unanimous_3_to_0,Unanimous,High,0.9766666666666667,1.9766666666666666,True,63,0.05298570227081581,1.0
row0100_KXBILLBOARDRUNNERUPSONG_02da520c2699,KXBILLBOARDRUNNERUPSONG,Entertainment,unanimous_3_to_0,Unanimous,High,0.9766666666666667,1.9766666666666666,True,64,0.05382674516400336,1.0
row0569_KXATTYGENVA_45a0a29e4ff3,KXATTYGENVA,Elections,unanimous_3_to_0,Unanimous,High,0.9766666666666667,1.9766666666666666,True,65,0.054667788057190914,1.0
row0020_KXNCAAMBGAME_b9cab139b8b6,KXNCAAMBGAME,Sports,unanimous_3_to_0,Unanimous,High,0.9766666666666667,1.9766666666666666,True,66,0.05550883095037847,1.0
row0825_KXNEWPOPECONTINENT_4721b5de5d4f,KXNEWPOPECONTINENT,World,unanimous_3_to_0,Unanimous,High,0.9766666666666667,1.9766666666666666,True,67,0.056349873843566024,1.0
row0946_KXTRUMPPARDONMONTH_effe16c32e84,KXTRUMPPARDONMONTH,Politics,unanimous_3_to_0,Unanimous,High,0.9766666666666667,1.9766666666666666,True,68,0.057190916736753576,1.0
row1100_KXLIGAMXGAME_bb9b042aeeaf,KXLIGAMXGAME,Sports,unanimous_3_to_0,Unanimous,High,0.9766666666666667,1.9766666666666666,True,69,0.05803195962994113,1.0
row1128_KXJLEAGUEGAME_923d1c893900,KXJLEAGUEGAME,Sports,unanimous_3_to_0,Unanimous,High,0.9766666666666667,1.9766666666666666,True,70,0.05887300252312868,1.0
row1070_KXLATINGRAMMYROTY_0f31c2d547a7,KXLATINGRAMMYROTY,Entertainment,unanimous_3_to_0,Unanimous,High,0.9766666666666667,1.9766666666666666,True,71,0.05971404541631623,1.0
row0017_KXMLBSERIESEXACT_964e33799abe,KXMLBSERIESEXACT,Sports,unanimous_3_to_0,Unanimous,High,0.9733333333333333,1.9733333333333332,True,72,0.060555088309503784,1.0
row0717_KXMAYORNYCPARTY_7e9560b92278,KXMAYORNYCPARTY,Politics,unanimous_3_to_0,Unanimous,High,0.9733333333333333,1.9733333333333332,True,73,0.061396131202691336,1.0
row0803_KXPERFORMVS_6f573382fe73,KXPERFORMVS,Entertainment,unanimous_3_to_0,Unanimous,High,0.9733333333333333,1.9733333333333332,True,74,0.06223717409587889,1.0
row0834_KXMAYORDETROIT_e7a8374b33bd,KXMAYORDETROIT,Elections,unanimous_3_to_0,Unanimous,High,0.9733333333333333,1.9733333333333332,True,75,0.06307821698906645,1.0
row0100_KXFOXONE_478d37a179c5,KXFOXONE,Companies,unanimous_3_to_0,Unanimous,High,0.9733333333333333,1.9733333333333332,True,76,0.063919259882254,1.0
row0093_KXIEMCHEN_adb9901b49a3,KXIEMCHEN,Sports,unanimous_3_to_0,Unanimous,High,0.9733333333333333,1.9733333333333332,True,77,0.06476030277544155,1.0
row0722_KXLEAVEXAI_dbeff4fa6f96,KXLEAVEXAI,Companies,unanimous_3_to_0,Unanimous,High,0.9733333333333333,1.9733333333333332,True,78,0.0656013456686291,1.0
row0814_KXNEXTTEAMWESTBROOK_b17de07789b6,KXNEXTTEAMWESTBROOK,Sports,unanimous_3_to_0,Unanimous,High,0.9733333333333333,1.9733333333333332,True,79,0.06644238856181665,1.0
row0715_KXMIDSEASONINVITATIONALB_6d3d64f7d322,KXMIDSEASONINVITATIONALB,Sports,unanimous_3_to_0,Unanimous,High,0.9733333333333333,1.9733333333333332,True,80,0.0672834314550042,1.0
row0802_KXPRESTALKPUTIN_d48a7074ded1,KXPRESTALKPUTIN,Politics,unanimous_3_to_0,Unanimous,High,0.9733333333333333,1.9733333333333332,True,81,0.06812447434819176,1.0
row0710_KXNBA2KCOVER_2db6bdf0ba56,KXNBA2KCOVER,Sports,unanimous_3_to_0,Unanimous,High,0.9733333333333333,1.9733333333333332,True,82,0.06896551724137931,1.0
row0808_KXOAIBROWSER_082c1cd1f20c,KXOAIBROWSER,Companies,unanimous_3_to_0,Unanimous,High,0.9733333333333333,1.9733333333333332,True,83,0.06980656013456686,1.0
row0709_KXNBA2KCOVER_1964668e1025,KXNBA2KCOVER,Sports,unanimous_3_to_0,Unanimous,High,0.9733333333333333,1.9733333333333332,True,84,0.07064760302775441,1.0
row0702_KXNEXTTEAMMCLAURIN_f3ae98287ddc,KXNEXTTEAMMCLAURIN,Sports,unanimous_3_to_0,Unanimous,High,0.9733333333333333,1.9733333333333332,True,85,0.07148864592094197,1.0
row0836_KXMAYORATLANTA_7dd6dbb430d9,KXMAYORATLANTA,Elections,unanimous_3_to_0,Unanimous,High,0.9733333333333333,1.9733333333333332,True,86,0.07232968881412952,1.0
row0699_KXNFLREDZONEADS_b5e963866754,KXNFLREDZONEADS,Sports,unanimous_3_to_0,Unanimous,High,0.9733333333333333,1.9733333333333332,True,87,0.07317073170731707,1.0
row0698_KXNGASMAX_7bfc94782e3a,KXNGASMAX,Economics,unanimous_3_to_0,Unanimous,High,0.9733333333333333,1.9733333333333332,True,88,0.07401177460050462,1.0
row0839_KXLOVEISLANDGAMES_e333fedad0e7,KXLOVEISLANDGAMES,Sports,unanimous_3_to_0,Unanimous,High,0.9733333333333333,1.9733333333333332,True,89,0.07485281749369217,1.0
row0694_KXOPENDOORCEO_cee310bb67fd,KXOPENDOORCEO,Companies,unanimous_3_to_0,Unanimous,High,0.9733333333333333,1.9733333333333332,True,90,0.07569386038687972,1.0
row0081_KXNEWVIDEODOBRIK_7b20bd703169,KXNEWVIDEODOBRIK,Social,unanimous_3_to_0,Unanimous,High,0.9733333333333333,1.9733333333333332,True,91,0.07653490328006729,1.0
row0832_KXMISSUSA_1d56a38bda3a,KXMISSUSA,Entertainment,unanimous_3_to_0,Unanimous,High,0.9733333333333333,1.9733333333333332,True,92,0.07737594617325484,1.0
row0823_KXNEWPOPECOUNTRY_35ae62972746,KXNEWPOPECOUNTRY,World,unanimous_3_to_0,Unanimous,High,0.9733333333333333,1.9733333333333332,True,93,0.0782169890664424,1.0
row0035_KXNEWROLEVOGUE_6532bce679b1,KXNEWROLEVOGUE,Companies,unanimous_3_to_0,Unanimous,High,0.9733333333333333,1.9733333333333332,True,94,0.07905803195962995,1.0
row0014_KXACQUIREPUMPFUN_c67c7ddf0c6b,KXACQUIREPUMPFUN,Financials,unanimous_3_to_0,Unanimous,High,0.9733333333333333,1.9733333333333332,True,95,0.0798990748528175,1.0
row0770_KXARRESTJOHNBOLTON_104049684789,KXARRESTJOHNBOLTON,Politics,unanimous_3_to_0,Unanimous,High,0.9733333333333333,1.9733333333333332,True,96,0.08074011774600505,1.0
row0781_KXTRANSSPORTSSUIT_f20e932ddc0b,KXTRANSSPORTSSUIT,Politics,unanimous_3_to_0,Unanimous,High,0.9733333333333333,1.9733333333333332,True,97,0.0815811606391926,1.0
row0764_KXBTS_806520b0cdc3,KXBTS,Entertainment,unanimous_3_to_0,Unanimous,High,0.9733333333333333,1.9733333333333332,True,98,0.08242220353238015,1.0
row0785_KXSPOTIFYALBUMTSWIFT_84233fac25c2,KXSPOTIFYALBUMTSWIFT,Entertainment,unanimous_3_to_0,Unanimous,High,0.9733333333333333,1.9733333333333332,True,99,0.0832632464255677,1.0
row0812_KXNOBELECON_b5e03945f13b,KXNOBELECON,Entertainment,unanimous_3_to_0,Unanimous,High,0.9733333333333333,1.9733333333333332,True,100,0.08410428931875526,1.0
row0786_KXSPOTIFYALBUMTSWIFT_45b3d3ef8ebe,KXSPOTIFYALBUMTSWIFT,Entertainment,unanimous_3_to_0,Unanimous,High,0.9733333333333333,1.9733333333333332,True,101,0.08494533221194281,1.0
row0086_KXCOMPANYACTIONYOUTUBE_20d104323689,KXCOMPANYACTIONYOUTUBE,Companies,unanimous_3_to_0,Unanimous,High,0.9733333333333333,1.9733333333333332,True,102,0.08578637510513036,1.0
row0023_KXNCAAFGAME_ef0987a7ad27,KXNCAAFGAME,Sports,unanimous_3_to_0,Unanimous,High,0.9733333333333333,1.9733333333333332,True,103,0.08662741799831791,1.0
row0796_KXSHUTDOWNBY_eb646992a114,KXSHUTDOWNBY,Politics,unanimous_3_to_0,Unanimous,High,0.9733333333333333,1.9733333333333332,True,104,0.08746846089150546,1.0
row0008_KXCOMMISHCBP_bc6a20c704a1,KXCOMMISHCBP,Politics,unanimous_3_to_0,Unanimous,High,0.9733333333333333,1.9733333333333332,True,105,0.08830950378469302,1.0
row0749_KXDEMORAESSANCTION_ab82d5065fa7,KXDEMORAESSANCTION,Politics,unanimous_3_to_0,Unanimous,High,0.9733333333333333,1.9733333333333332,True,106,0.08915054667788057,1.0
row0747_KXDJTBTC_c6fd1f2a8157,KXDJTBTC,Crypto,unanimous_3_to_0,Unanimous,High,0.9733333333333333,1.9733333333333332,True,107,0.08999158957106812,1.0
row0092_KXTOPALBUMMORGANWALLEN_6757bf0491fa,KXTOPALBUMMORGANWALLEN,Entertainment,unanimous_3_to_0,Unanimous,High,0.9733333333333333,1.9733333333333332,True,108,0.09083263246425567,1.0
row0031_KXADP_801d5a034dcf,KXADP,Economics,unanimous_3_to_0,Unanimous,High,0.9733333333333333,1.9733333333333332,True,109,0.09167367535744322,1.0
row0741_KXEARTHQUAKE_6ef44a72269f,KXEARTHQUAKE,Climate and Weather,unanimous_3_to_0,Unanimous,High,0.9733333333333333,1.9733333333333332,True,110,0.09251471825063078,1.0
row0735_KXFUNDINGBILLS_3f6c063ccc6e,KXFUNDINGBILLS,Politics,unanimous_3_to_0,Unanimous,High,0.9733333333333333,1.9733333333333332,True,111,0.09335576114381834,1.0
row0824_KXNEWPOPECONTINENT_857143e2d79f,KXNEWPOPECONTINENT,World,unanimous_3_to_0,Unanimous,High,0.9733333333333333,1.9733333333333332,True,112,0.0941968040370059,1.0
row0001_KXLTGOVVA_f6a16c9a2c02,KXLTGOVVA,Elections,unanimous_3_to_0,Unanimous,High,0.9733333333333333,1.9733333333333332,True,113,0.09503784693019345,1.0
row0061_KXBESTPLAY_4decdd108a9a,KXBESTPLAY,Entertainment,unanimous_3_to_0,Unanimous,High,0.9733333333333333,1.9733333333333332,True,114,0.095878889823381,1.0
row0465_KXUSIL_84a0b23af9bd,KXUSIL,Politics,unanimous_3_to_0,Unanimous,High,0.9733333333333333,1.9733333333333332,True,115,0.09671993271656855,1.0
row0519_KXMAYORMINN_38ecd7c95997,KXMAYORMINN,Elections,unanimous_3_to_0,Unanimous,High,0.9733333333333333,1.9733333333333332,True,116,0.0975609756097561,1.0
row0514_KXCOACHOUTDALWINGS_aa8b706ec796,KXCOACHOUTDALWINGS,Sports,unanimous_3_to_0,Unanimous,High,0.9733333333333333,1.9733333333333332,True,117,0.09840201850294365,1.0
row0512_KXEWCDOTA2_8c5da97668a7,KXEWCDOTA2,Sports,unanimous_3_to_0,Unanimous,High,0.9733333333333333,1.9733333333333332,True,118,0.0992430613961312,1.0
row0507_KXSUPERBOWLHEADLINE_bc73839facff,KXSUPERBOWLHEADLINE,Entertainment,unanimous_3_to_0,Unanimous,High,0.9733333333333333,1.9733333333333332,True,119,0.10008410428931876,1.0
row0498_KXLEAVELECORNU_08a717fc7078,KXLEAVELECORNU,Politics,unanimous_3_to_0,Unanimous,High,0.9733333333333333,1.9733333333333332,True,120,0.10092514718250631,1.0
row0497_KXLEAVELECORNU_e2bbcfd7f584,KXLEAVELECORNU,Politics,unanimous_3_to_0,Unanimous,High,0.9733333333333333,1.9733333333333332,True,121,0.10176619007569386,1.0
row0489_KXROMANIATOP2_2f7c8349f456,KXROMANIATOP2,Politics,unanimous_3_to_0,Unanimous,High,0.9733333333333333,1.9733333333333332,True,122,0.10260723296888141,1.0
row0476_KXACTORZELDA_b4fe72af8233,KXACTORZELDA,Entertainment,unanimous_3_to_0,Unanimous,High,0.9733333333333333,1.9733333333333332,True,123,0.10344827586206896,1.0
row0473_KXPCOIE_aaac752d58a3,KXPCOIE,Politics,unanimous_3_to_0,Unanimous,High,0.9733333333333333,1.9733333333333332,True,124,0.10428931875525652,1.0
row0471_KXAMESOHIO_c928524861c2,KXAMESOHIO,Politics,unanimous_3_to_0,Unanimous,High,0.9733333333333333,1.9733333333333332,True,125,0.10513036164844407,1.0
row0469_KXBECERRABRAIDWOOD_04178042448c,KXBECERRABRAIDWOOD,Politics,unanimous_3_to_0,Unanimous,High,0.9733333333333333,1.9733333333333332,True,126,0.10597140454163162,1.0
row0064_KXSERIEAGAME_fcc722df1f12,KXSERIEAGAME,Sports,unanimous_3_to_0,Unanimous,High,0.9733333333333333,1.9733333333333332,True,127,0.10681244743481917,1.0
row0468_KXBLOMHONICKMAN_b7acc4818b89,KXBLOMHONICKMAN,Politics,unanimous_3_to_0,Unanimous,High,0.9733333333333333,1.9733333333333332,True,128,0.10765349032800672,1.0
row0462_KXCANCOALITION_101be77c8dae,KXCANCOALITION,Politics,unanimous_3_to_0,Unanimous,High,0.9733333333333333,1.9733333333333332,True,129,0.10849453322119428,1.0
row0062_KXTOPALBUMBYSABRINA_80d0f8289ba8,KXTOPALBUMBYSABRINA,Entertainment,unanimous_3_to_0,Unanimous,High,0.9733333333333333,1.9733333333333332,True,130,0.10933557611438183,1.0
row0074_KXTRUMPSETTLECBS_8f9fd8c5c0c4,KXTRUMPSETTLECBS,Politics,unanimous_3_to_0,Unanimous,High,0.9733333333333333,1.9733333333333332,True,131,0.11017661900756939,1.0
row0047_KXBUNDESLIGAGAME_5b63fb0034f0,KXBUNDESLIGAGAME,Sports,unanimous_3_to_0,Unanimous,High,0.9733333333333333,1.9733333333333332,True,132,0.11101766190075694,1.0
row0044_KXBESTACTRMUS_d67827b815ac,KXBESTACTRMUS,Entertainment,unanimous_3_to_0,Unanimous,High,0.9733333333333333,1.9733333333333332,True,133,0.1118587047939445,1.0
row0079_KXCREDITRATING_50e296c7b110,KXCREDITRATING,Politics,unanimous_3_to_0,Unanimous,High,0.9733333333333333,1.9733333333333332,True,134,0.11269974768713205,1.0
row0081_KXLIGAMXGAME_d869bb288e1a,KXLIGAMXGAME,Sports,unanimous_3_to_0,Unanimous,High,0.9733333333333333,1.9733333333333332,True,135,0.1135407905803196,1.0
row0028_KX1SONGTAYLORSWIFT_24a9759f4a73,KX1SONGTAYLORSWIFT,Entertainment,unanimous_3_to_0,Unanimous,High,0.9733333333333333,1.9733333333333332,True,136,0.11438183347350715,1.0
row0026_KXF1RACE_afa3febc3a78,KXF1RACE,Sports,unanimous_3_to_0,Unanimous,High,0.9733333333333333,1.9733333333333332,True,137,0.1152228763666947,1.0
row0020_KXCHOPINCOMPETITION_b23094d1e59b,KXCHOPINCOMPETITION,Entertainment,unanimous_3_to_0,Unanimous,High,0.9733333333333333,1.9733333333333332,True,138,0.11606391925988226,1.0
row0017_KXNHLTOTAL_9938667836f3,KXNHLTOTAL,Sports,unanimous_3_to_0,Unanimous,High,0.9733333333333333,1.9733333333333332,True,139,0.11690496215306981,1.0
row0015_KXGOVREOPEN2025_a690668c62e9,KXGOVREOPEN2025,Politics,unanimous_3_to_0,Unanimous,High,0.9733333333333333,1.9733333333333332,True,140,0.11774600504625736,1.0
row0013_KXALEAGUEGAME_14e8be256916,KXALEAGUEGAME,Sports,unanimous_3_to_0,Unanimous,High,0.9733333333333333,1.9733333333333332,True,141,0.11858704793944491,1.0
row0090_KXUSAMBSWISS_62e8ca3a6a70,KXUSAMBSWISS,Politics,unanimous_3_to_0,Unanimous,High,0.9733333333333333,1.9733333333333332,True,142,0.11942809083263246,1.0
row0009_KXRECOGPALESTINE_6bb2a615a394,KXRECOGPALESTINE,Politics,unanimous_3_to_0,Unanimous,High,0.9733333333333333,1.9733333333333332,True,143,0.12026913372582002,1.0
row0031_KXNEWALBUMBIEBER_330703c8a96d,KXNEWALBUMBIEBER,Entertainment,unanimous_3_to_0,Unanimous,High,0.9733333333333333,1.9733333333333332,True,144,0.12111017661900757,1.0
row0023_KXGRAMMYNOMCOUNTSC_e57d01985099,KXGRAMMYNOMCOUNTSC,Sports,unanimous_3_to_0,Unanimous,High,0.9733333333333333,1.9733333333333332,True,145,0.12195121951219512,1.0
row0018_KXNFLWINS-SEA_80282d3fea8d,KXNFLWINS-SEA,Sports,unanimous_3_to_0,Unanimous,High,0.9733333333333333,1.9733333333333332,True,146,0.12279226240538267,1.0
row0017_KXMARATHON_cbfee485dd6b,KXMARATHON,Sports,unanimous_3_to_0,Unanimous,High,0.9733333333333333,1.9733333333333332,True,147,0.12363330529857022,1.0
row0690_KXPRESVISIT_66182393d114,KXPRESVISIT,Politics,unanimous_3_to_0,Unanimous,High,0.9733333333333333,1.9733333333333332,True,148,0.12447434819175777,1.0
row0689_KXPRICEINCREASEUSPSFOREVER_89feb958d69c,KXPRICEINCREASEUSPSFOREVER,Financials,unanimous_3_to_0,Unanimous,High,0.9733333333333333,1.9733333333333332,True,149,0.12531539108494533,1.0
row0679_KXRESCISSION_07f996c034c7,KXRESCISSION,Politics,unanimous_3_to_0,Unanimous,High,0.9733333333333333,1.9733333333333332,True,150,0.1261564339781329,1.0
row0678_KXROGANGUEST_29c14c7809a7,KXROGANGUEST,Entertainment,unanimous_3_to_0,Unanimous,High,0.9733333333333333,1.9733333333333332,True,151,0.12699747687132043,1.0
row0675_KXSERGIOCONF_cb45551a1b64,KXSERGIOCONF,Politics,unanimous_3_to_0,Unanimous,High,0.9733333333333333,1.9733333333333332,True,152,0.127838519764508,1.0
row0663_KXSWIFTWEEKSNUM1_cf17a457ef8c,KXSWIFTWEEKSNUM1,Entertainment,unanimous_3_to_0,Unanimous,High,0.9733333333333333,1.9733333333333332,True,153,0.12867956265769553,1.0
row0662_KXSWIFTWEEKSNUM1_1b677fc28e32,KXSWIFTWEEKSNUM1,Entertainment,unanimous_3_to_0,Unanimous,High,0.9733333333333333,1.9733333333333332,True,154,0.1295206055508831,1.0
row0073_KXSEXYMAN_008cbddc34a7,KXSEXYMAN,Entertainment,unanimous_3_to_0,Unanimous,High,0.9733333333333333,1.9733333333333332,True,155,0.13036164844407064,1.0
row0660_KXTAIWANREF_11a29d0c8ed2,KXTAIWANREF,Elections,unanimous_3_to_0,Unanimous,High,0.9733333333333333,1.9733333333333332,True,156,0.1312026913372582,1.0
row0658_KXTEXASBTC_c4896b5d9662,KXTEXASBTC,Politics,unanimous_3_to_0,Unanimous,High,0.9733333333333333,1.9733333333333332,True,157,0.13204373423044574,1.0
row0657_KXTIPTAX_69b5e853ef76,KXTIPTAX,Politics,unanimous_3_to_0,Unanimous,High,0.9733333333333333,1.9733333333333332,True,158,0.1328847771236333,1.0
row0650_KXTRUMPOSC_68837892c5f3,KXTRUMPOSC,Politics,unanimous_3_to_0,Unanimous,High,0.9733333333333333,1.9733333333333332,True,159,0.13372582001682085,1.0
row0648_KXTRUMPPARDON_2e4a9439bf7e,KXTRUMPPARDON,Politics,unanimous_3_to_0,Unanimous,High,0.9733333333333333,1.9733333333333332,True,160,0.1345668629100084,1.0
row0843_KXGRAMMYNOMCOUNTSC_a541dd739cd6,KXGRAMMYNOMCOUNTSC,Sports,unanimous_3_to_0,Unanimous,High,0.9733333333333333,1.9733333333333332,True,161,0.13540790580319595,1.0
row0085_KXBALLONDOR_b618ee1fe801,KXBALLONDOR,Sports,unanimous_3_to_0,Unanimous,High,0.9733333333333333,1.9733333333333332,True,162,0.13624894869638352,1.0
row0631_KXAWARDSCOUNTSTU_90d180b8ee05,KXAWARDSCOUNTSTU,Entertainment,unanimous_3_to_0,Unanimous,High,0.9733333333333333,1.9733333333333332,True,163,0.13708999158957108,1.0
row0090_KXNCAAMBTOTAL_9d9a252d012f,KXNCAAMBTOTAL,Sports,unanimous_3_to_0,Unanimous,High,0.9733333333333333,1.9733333333333332,True,164,0.13793103448275862,1.0
row0625_KXGOVSHUTLENGTH_1a0da44d95d9,KXGOVSHUTLENGTH,Politics,unanimous_3_to_0,Unanimous,High,0.9733333333333333,1.9733333333333332,True,165,0.13877207737594618,1.0
row0094_KXROMANIABAN_168753bf1166,KXROMANIABAN,Politics,unanimous_3_to_0,Unanimous,High,0.9733333333333333,1.9733333333333332,True,166,0.13961312026913372,1.0
row0624_KXGPT5_ef6970b6258d,KXGPT5,Science and Technology,unanimous_3_to_0,Unanimous,High,0.9733333333333333,1.9733333333333332,True,167,0.1404541631623213,1.0
row0620_KXTRUMP60MINUTES_6c90aff71252,KXTRUMP60MINUTES,Entertainment,unanimous_3_to_0,Unanimous,High,0.9733333333333333,1.9733333333333332,True,168,0.14129520605550883,1.0
row0619_KXTURKEYAMB_6c037168bc50,KXTURKEYAMB,Politics,unanimous_3_to_0,Unanimous,High,0.9733333333333333,1.9733333333333332,True,169,0.1421362489486964,1.0
row0100_KXSPOTIFY4BILLION_482dd31caa8a,KXSPOTIFY4BILLION,Entertainment,unanimous_3_to_0,Unanimous,High,0.9733333333333333,1.9733333333333332,True,170,0.14297729184188393,1.0
row0572_GOVPARTYVA_0720fd4b54c0,GOVPARTYVA,Politics,unanimous_3_to_0,Unanimous,High,0.9733333333333333,1.9733333333333332,True,171,0.1438183347350715,1.0
row0568_KXATTYGENVA_0c3814ef326d,KXATTYGENVA,Elections,unanimous_3_to_0,Unanimous,High,0.9733333333333333,1.9733333333333332,True,172,0.14465937762825903,1.0
row0547_KXWALZGOV_ebb5d1bf5624,KXWALZGOV,Politics,unanimous_3_to_0,Unanimous,High,0.9733333333333333,1.9733333333333332,True,173,0.1455004205214466,1.0
row0546_KXOASIS_1927d2eaf434,KXOASIS,Entertainment,unanimous_3_to_0,Unanimous,High,0.9733333333333333,1.9733333333333332,True,174,0.14634146341463414,1.0
row0641_KXVOTESHUTDOWNH_3a9c97051f84,KXVOTESHUTDOWNH,Politics,unanimous_3_to_0,Unanimous,High,0.9733333333333333,1.9733333333333332,True,175,0.1471825063078217,1.0
row0097_KXTOPALBUMSTRAYKIDS_1ef504674cc4,KXTOPALBUMSTRAYKIDS,Entertainment,unanimous_3_to_0,Unanimous,High,0.9733333333333333,1.9733333333333332,True,176,0.14802354920100924,1.0
row0999_KXNHLTOTAL_99953f9edcdd,KXNHLTOTAL,Sports,unanimous_3_to_0,Unanimous,High,0.9733333333333333,1.9733333333333332,True,177,0.1488645920941968,1.0
row0028_KXCOACHOUTAUB_797882fb018a,KXCOACHOUTAUB,Sports,unanimous_3_to_0,Unanimous,High,0.9733333333333333,1.9733333333333332,True,178,0.14970563498738435,1.0
row0076_KXCOACHELLA_4aba742b5d0b,KXCOACHELLA,Entertainment,unanimous_3_to_0,Unanimous,High,0.9733333333333333,1.9733333333333332,True,179,0.1505466778805719,1.0
row0072_KXMAYORCHAR_388a40e93749,KXMAYORCHAR,Elections,unanimous_3_to_0,Unanimous,High,0.9733333333333333,1.9733333333333332,True,180,0.15138772077375945,1.0
row0934_KXUSAMBBAHAMAS_087268687625,KXUSAMBBAHAMAS,Politics,unanimous_3_to_0,Unanimous,High,0.9733333333333333,1.9733333333333332,True,181,0.15222876366694701,1.0
row0066_KXMOLDOVAPAS_29e647293a65,KXMOLDOVAPAS,Elections,unanimous_3_to_0,Unanimous,High,0.9733333333333333,1.9733333333333332,True,182,0.15306980656013458,1.0
row1032_KXPGATOUR_9f2727b4085d,KXPGATOUR,Sports,unanimous_3_to_0,Unanimous,High,0.9733333333333333,1.9733333333333332,True,183,0.15391084945332212,1.0
row1033_KXR6GAME_705bc7f32d51,KXR6GAME,Sports,unanimous_3_to_0,Unanimous,High,0.9733333333333333,1.9733333333333332,True,184,0.15475189234650968,1.0
row0063_KXBALLONDORNATION_76e8e73752ee,KXBALLONDORNATION,Sports,unanimous_3_to_0,Unanimous,High,0.9733333333333333,1.9733333333333332,True,185,0.15559293523969722,1.0
row1036_KXRANKLISTSONGTHRILLER_7bbd12416a41,KXRANKLISTSONGTHRILLER,Entertainment,unanimous_3_to_0,Unanimous,High,0.9733333333333333,1.9733333333333332,True,186,0.1564339781328848,1.0
row1008_KXMAYORBOSTON_1ec3d28eb82e,KXMAYORBOSTON,Elections,unanimous_3_to_0,Unanimous,High,0.9733333333333333,1.9733333333333332,True,187,0.15727502102607233,1.0
row1038_KXMAYORNOLA_637a9c5d80d9,KXMAYORNOLA,Elections,unanimous_3_to_0,Unanimous,High,0.9733333333333333,1.9733333333333332,True,188,0.1581160639192599,1.0
row1041_KXCSGOGAME_b32690e28f92,KXCSGOGAME,Sports,unanimous_3_to_0,Unanimous,High,0.9733333333333333,1.9733333333333332,True,189,0.15895710681244743,1.0
row0032_KXEFLCHAMPIONSHIPGAME_2821b82d5163,KXEFLCHAMPIONSHIPGAME,Sports,unanimous_3_to_0,Unanimous,High,0.9733333333333333,1.9733333333333332,True,190,0.159798149705635,1.0
row0914_KXUSAMBTURKEY_98843104ef87,KXUSAMBTURKEY,Politics,unanimous_3_to_0,Unanimous,High,0.9733333333333333,1.9733333333333332,True,191,0.16063919259882253,1.0
row0912_KXUSAMBUK_fd389581af4c,KXUSAMBUK,Politics,unanimous_3_to_0,Unanimous,High,0.9733333333333333,1.9733333333333332,True,192,0.1614802354920101,1.0
row0057_KXUCLBTTS_aae4690b0f2b,KXUCLBTTS,Sports,unanimous_3_to_0,Unanimous,High,0.9733333333333333,1.9733333333333332,True,193,0.16232127838519764,1.0
row1069_KXLATINGRAMMYROTY_484ba3e3f477,KXLATINGRAMMYROTY,Entertainment,unanimous_3_to_0,Unanimous,High,0.9733333333333333,1.9733333333333332,True,194,0.1631623212783852,1.0
row1009_KXMAYORBOSTON_9e9c66e32a10,KXMAYORBOSTON,Elections,unanimous_3_to_0,Unanimous,High,0.9733333333333333,1.9733333333333332,True,195,0.16400336417157274,1.0
row0084_KXMISSUSA_d45bf8502008,KXMISSUSA,Entertainment,unanimous_3_to_0,Unanimous,High,0.9733333333333333,1.9733333333333332,True,196,0.1648444070647603,1.0
row1103_KXLALIGAGAME_7f4856de5957,KXLALIGAGAME,Sports,unanimous_3_to_0,Unanimous,High,0.9733333333333333,1.9733333333333332,True,197,0.16568544995794784,1.0
row0987_KXNCAAMBGAME_8c896163b77a,KXNCAAMBGAME,Sports,unanimous_3_to_0,Unanimous,High,0.9733333333333333,1.9733333333333332,True,198,0.1665264928511354,1.0
row0005_KXGOVSHUTLENGTH_1eeb8f6828b8,KXGOVSHUTLENGTH,Politics,unanimous_3_to_0,Unanimous,High,0.9733333333333333,1.9733333333333332,True,199,0.16736753574432295,1.0
row0973_KXNFL2TD_43b7b99cbdab,KXNFL2TD,Sports,unanimous_3_to_0,Unanimous,High,0.9733333333333333,1.9733333333333332,True,200,0.16820857863751051,1.0
row0967_KXTRUMPSAY_359383692934,KXTRUMPSAY,Mentions,unanimous_3_to_0,Unanimous,High,0.9733333333333333,1.9733333333333332,True,201,0.16904962153069805,1.0
row0977_KXNCAAMBTOTAL_7d86f03af4ec,KXNCAAMBTOTAL,Sports,unanimous_3_to_0,Unanimous,High,0.9733333333333333,1.9733333333333332,True,202,0.16989066442388562,1.0
row0978_KXNCAAMBSPREAD_5ed1ff7ec6ef,KXNCAAMBSPREAD,Sports,unanimous_3_to_0,Unanimous,High,0.9733333333333333,1.9733333333333332,True,203,0.17073170731707318,1.0
row0964_KXTOPSONG_2fb5d8c32897,KXTOPSONG,Entertainment,unanimous_3_to_0,Unanimous,High,0.9733333333333333,1.9733333333333332,True,204,0.17157275021026072,1.0
row0979_KXFIFAGAME_f5e745a6d5fa,KXFIFAGAME,Sports,unanimous_3_to_0,Unanimous,High,0.9733333333333333,1.9733333333333332,True,205,0.1724137931034483,1.0
row0989_KXNFLSPREAD_3653cdc680db,KXNFLSPREAD,Sports,unanimous_3_to_0,Unanimous,High,0.9733333333333333,1.9733333333333332,True,206,0.17325483599663583,1.0
row0018_KXADP_d76bc71aebd6,KXADP,Economics,unanimous_3_to_0,Unanimous,High,0.9733333333333333,1.9733333333333332,True,207,0.1740958788898234,1.0
row0990_KXNFLSPREAD_462525c9af41,KXNFLSPREAD,Sports,unanimous_3_to_0,Unanimous,High,0.9733333333333333,1.9733333333333332,True,208,0.17493692178301093,1.0
row0090_KXBALLONDOR_f0a332f95271,KXBALLONDOR,Sports,unanimous_3_to_0,Unanimous,High,0.9733333333333333,1.9733333333333332,True,209,0.1757779646761985,1.0
row0945_KXTRUMPSAYMONTH_1a2d4100cc44,KXTRUMPSAYMONTH,Mentions,unanimous_3_to_0,Unanimous,High,0.9733333333333333,1.9733333333333332,True,210,0.17661900756938603,1.0
row0998_KXNFL2TD_316720d39dc1,KXNFL2TD,Sports,unanimous_3_to_0,Unanimous,High,0.9733333333333333,1.9733333333333332,True,211,0.1774600504625736,1.0
row0088_KXUFCFIGHT_76b53003562a,KXUFCFIGHT,Sports,unanimous_3_to_0,Unanimous,High,0.9733333333333333,1.9733333333333332,True,212,0.17830109335576114,1.0
row0847_KXGRAMMYNOMCOUNTBB_25c75fda1b5b,KXGRAMMYNOMCOUNTBB,Sports,unanimous_3_to_0,Unanimous,High,0.9733333333333333,1.9733333333333332,True,213,0.1791421362489487,1.0
row1003_KXNHLGAME_77244c194789,KXNHLGAME,Sports,unanimous_3_to_0,Unanimous,High,0.9733333333333333,1.9733333333333332,True,214,0.17998317914213624,1.0
row1071_KXLATINGRAMMYBNA_52fd39f27e0a,KXLATINGRAMMYBNA,Entertainment,unanimous_3_to_0,Unanimous,High,0.9733333333333333,1.9733333333333332,True,215,0.1808242220353238,1.0
row1045_KXINXU_d3defddc33c6,KXINXU,Financials,unanimous_3_to_0,Unanimous,High,0.9733333333333333,1.9733333333333332,True,216,0.18166526492851134,1.0
row0970_KXNFLFIRSTTD_45c48aa192f3,KXNFLFIRSTTD,Sports,unanimous_3_to_0,Unanimous,High,0.9733333333333333,1.9733333333333332,True,217,0.1825063078216989,1.0
row1131_KXEFLCHAMPIONSHIPGAME_8c0d3427b231,KXEFLCHAMPIONSHIPGAME,Sports,unanimous_3_to_0,Unanimous,High,0.9733333333333333,1.9733333333333332,True,218,0.18334735071488645,1.0
row1127_KXJLEAGUEGAME_419f6fe5573e,KXJLEAGUEGAME,Sports,unanimous_3_to_0,Unanimous,High,0.9733333333333333,1.9733333333333332,True,219,0.184188393608074,1.0
row0021_KXNFLFIRSTTD_1e0967a0b1cd,KXNFLFIRSTTD,Sports,unanimous_3_to_0,Unanimous,High,0.9733333333333333,1.9733333333333332,False,220,0.18502943650126155,0.9954545454545455
row0058_KXGRAMMYNOMSOTY_82b0d22765eb,KXGRAMMYNOMSOTY,Entertainment,unanimous_3_to_0,Unanimous,High,0.9733333333333333,1.9733333333333332,True,221,0.18587047939444912,0.995475113122172
row0882_KXBALLONDORNATION_4039c7f712c8,KXBALLONDORNATION,Sports,unanimous_3_to_0,Unanimous,High,0.9733333333333333,1.9733333333333332,True,222,0.18671152228763668,0.9954954954954955
row0888_KXALLINGUEST_9011a4b0a4ea,KXALLINGUEST,Entertainment,unanimous_3_to_0,Unanimous,High,0.9733333333333333,1.9733333333333332,True,223,0.18755256518082422,0.9955156950672646
row1125_KXLOLMAP_ae5486afab36,KXLOLMAP,Sports,unanimous_3_to_0,Unanimous,High,0.9733333333333333,1.9733333333333332,True,224,0.1883936080740118,0.9955357142857143
row0020_KXMAYORSEATTLE_ae20ee25d0df,KXMAYORSEATTLE,Elections,unanimous_3_to_0,Unanimous,High,0.9733333333333333,1.9733333333333332,True,225,0.18923465096719932,0.9955555555555555
row1122_KXWTAFINALS_5c8f392136c6,KXWTAFINALS,Sports,unanimous_3_to_0,Unanimous,High,0.9733333333333333,1.9733333333333332,True,226,0.1900756938603869,0.995575221238938
row0891_KX1SONGSABRINACARPENTER_3ddfe19b722e,KX1SONGSABRINACARPENTER,Entertainment,unanimous_3_to_0,Unanimous,High,0.9733333333333333,1.9733333333333332,True,227,0.19091673675357443,0.9955947136563876
row0893_KXTOPALBUMBYJACKBOYS_1909f1694260,KXTOPALBUMBYJACKBOYS,Entertainment,unanimous_3_to_0,Unanimous,High,0.9733333333333333,1.9733333333333332,True,228,0.191757779646762,0.9956140350877193
row0033_KXMAYORSEATTLE_9e34947cbcd6,KXMAYORSEATTLE,Elections,unanimous_3_to_0,Unanimous,High,0.9733333333333333,1.9733333333333332,True,229,0.19259882253994953,0.9956331877729258
row1120_KXF1RACEPODIUM_f55bfed81fe0,KXF1RACEPODIUM,Sports,unanimous_3_to_0,Unanimous,High,0.9733333333333333,1.9733333333333332,True,230,0.1934398654331371,0.9956521739130435
row0037_KXAUSCOALITION_6d8c25263ef5,KXAUSCOALITION,Politics,unanimous_3_to_0,Unanimous,High,0.9733333333333333,1.9733333333333332,True,231,0.19428090832632464,0.9956709956709957
row0894_KXTOPALBUMBYCARDIB_64473d6f3fb7,KXTOPALBUMBYCARDIB,Entertainment,unanimous_3_to_0,Unanimous,High,0.9733333333333333,1.9733333333333332,True,232,0.1951219512195122,0.9956896551724138
row1153_KXGRAMMYNOMBRA_a39296fd57e2,KXGRAMMYNOMBRA,Entertainment,unanimous_3_to_0,Unanimous,High,0.9733333333333333,1.9733333333333332,True,233,0.19596299411269974,0.9957081545064378
row1160_KXUELGAME_910e4bf39544,KXUELGAME,Sports,unanimous_3_to_0,Unanimous,High,0.9733333333333333,1.9733333333333332,True,234,0.1968040370058873,0.9957264957264957
row0896_KXTOPALBUMRECORDTLOASG_d2515fbe4d65,KXTOPALBUMRECORDTLOASG,Entertainment,unanimous_3_to_0,Unanimous,High,0.9733333333333333,1.9733333333333332,True,235,0.19764507989907484,0.9957446808510638
row1161_KXUELGAME_1dee2cd87d9b,KXUELGAME,Sports,unanimous_3_to_0,Unanimous,High,0.9733333333333333,1.9733333333333332,True,236,0.1984861227922624,0.9957627118644068
row0865_KXBOLIVIARUNOFF_5ab5cfa10280,KXBOLIVIARUNOFF,Elections,unanimous_3_to_0,Unanimous,High,0.9733333333333333,1.9733333333333332,True,237,0.19932716568544995,0.9957805907172996
row1166_KXMLBSERIESGAMETOTAL_9062f2d91bcd,KXMLBSERIESGAMETOTAL,Sports,unanimous_3_to_0,Unanimous,High,0.9733333333333333,1.9733333333333332,True,238,0.2001682085786375,0.9957983193277311
row0855_KXEUROVISION_79065c906b8e,KXEUROVISION,Entertainment,unanimous_3_to_0,Unanimous,High,0.9733333333333333,1.9733333333333332,True,239,0.20100925147182505,0.99581589958159
row0044_KXFEATURETAYLORSWIFT_8e4f62192a09,KXFEATURETAYLORSWIFT,Entertainment,unanimous_3_to_0,Unanimous,High,0.9733333333333333,1.9733333333333332,True,240,0.20185029436501262,0.9958333333333333
row1167_KXMLBSERIESGAMETOTAL_e04f67a94f94,KXMLBSERIESGAMETOTAL,Sports,unanimous_3_to_0,Unanimous,High,0.9733333333333333,1.9733333333333332,True,241,0.20269133725820015,0.995850622406639
row0043_KXGRAMMYNOMROTY_edccd26e0200,KXGRAMMYNOMROTY,Entertainment,unanimous_3_to_0,Unanimous,High,0.9733333333333333,1.9733333333333332,True,242,0.20353238015138772,0.9958677685950413
row1170_KXUCLTOTAL_e339a49233f1,KXUCLTOTAL,Sports,unanimous_3_to_0,Unanimous,High,0.9733333333333333,1.9733333333333332,True,243,0.2043734230445753,0.9958847736625515
row1104_KXSERIEAGAME_56af42ca7ad4,KXSERIEAGAME,Sports,unanimous_3_to_0,Unanimous,High,0.9733333333333333,1.9733333333333332,True,244,0.20521446593776282,0.9959016393442623
row1172_KXUCLGAME_48a58f27c279,KXUCLGAME,Sports,unanimous_3_to_0,Unanimous,High,0.9733333333333333,1.9733333333333332,True,245,0.2060555088309504,0.9959183673469387
row1129_KXALEAGUEGAME_a7bbcc95eeba,KXALEAGUEGAME,Sports,unanimous_3_to_0,Unanimous,High,0.9733333333333333,1.9733333333333332,True,246,0.20689655172413793,0.9959349593495935
row0615_KXNFLWINS-ARI_089302d4d4b3,KXNFLWINS-ARI,Sports,unanimous_3_to_0,Unanimous,High,0.9700000000000001,1.9700000000000002,True,247,0.2077375946173255,0.9959514170040485
row0039_KXLTGOVVA_fd65a69f104c,KXLTGOVVA,Elections,unanimous_3_to_0,Unanimous,High,0.9700000000000001,1.9700000000000002,True,248,0.20857863751051303,0.9959677419354839
row1004_KXSPOTIFY2D_fd1ced619fb7,KXSPOTIFY2D,Entertainment,unanimous_3_to_0,Unanimous,High,0.9666666666666667,1.9666666666666668,True,249,0.2094196804037006,0.9959839357429718
row1020_KXATPMATCH_2062ce1ed4dd,KXATPMATCH,Sports,unanimous_3_to_0,Unanimous,High,0.9666666666666667,1.9666666666666668,True,250,0.21026072329688814,0.996
row1184_KXNYCCOUNCIL14_7f7b8d662b38,KXNYCCOUNCIL14,Politics,unanimous_3_to_0,Unanimous,High,0.9666666666666667,1.9666666666666668,True,251,0.2111017661900757,0.9960159362549801
row0014_KXIPOKLARNA_ae2a15b0d0ca,KXIPOKLARNA,Economics,unanimous_3_to_0,Unanimous,High,0.9666666666666667,1.9666666666666668,True,252,0.21194280908326324,0.996031746031746
row0488_KXSKRMETTI_5e88c3534546,KXSKRMETTI,Politics,unanimous_3_to_0,Unanimous,High,0.9666666666666667,1.9666666666666668,True,253,0.2127838519764508,0.9960474308300395
row0024_KXLATINGRAMMYAOTY_c95342c1def2,KXLATINGRAMMYAOTY,Entertainment,unanimous_3_to_0,Unanimous,High,0.9666666666666667,1.9666666666666668,True,254,0.21362489486963834,0.9960629921259843
row0671_KXSINNERSIMAX_0a0a53c68aa2,KXSINNERSIMAX,Companies,unanimous_3_to_0,Unanimous,High,0.9666666666666667,1.9666666666666668,True,255,0.2144659377628259,0.996078431372549
row0041_KXNCAAFTOTAL_2a6cb26cad82,KXNCAAFTOTAL,Sports,unanimous_3_to_0,Unanimous,High,0.9666666666666667,1.9666666666666668,True,256,0.21530698065601345,0.99609375
row0035_KXACQUIRECOINBASE_24d2d5b7924f,KXACQUIRECOINBASE,Financials,unanimous_3_to_0,Unanimous,High,0.9666666666666667,1.9666666666666668,True,257,0.216148023549201,0.9961089494163424
row0522_KXSHAKETRUMPXI_bab47d70c105,KXSHAKETRUMPXI,World,unanimous_3_to_0,Unanimous,High,0.9666666666666667,1.9666666666666668,True,258,0.21698906644238855,0.9961240310077519
row0060_KXFDAAPPROVAL_d809415529f8,KXFDAAPPROVAL,World,unanimous_3_to_0,Unanimous,High,0.9666666666666667,1.9666666666666668,True,259,0.21783010933557612,0.9961389961389961
row0531_KXCANADAPM_44ce8f0efd19,KXCANADAPM,Politics,unanimous_3_to_0,Unanimous,High,0.9666666666666667,1.9666666666666668,True,260,0.21867115222876365,0.9961538461538462
row1155_KXGRAMMYNOMAOTY_1498184aee9c,KXGRAMMYNOMAOTY,Entertainment,unanimous_3_to_0,Unanimous,High,0.9666666666666667,1.9666666666666668,True,261,0.21951219512195122,0.9961685823754789
row0536_KXMOLDOVABEP_b514190b03c8,KXMOLDOVABEP,Elections,unanimous_3_to_0,Unanimous,High,0.9666666666666667,1.9666666666666668,True,262,0.22035323801513879,0.9961832061068703
row0642_KXVOTERECNCS_37435727999f,KXVOTERECNCS,Politics,unanimous_3_to_0,Unanimous,High,0.9666666666666667,1.9666666666666668,True,263,0.22119428090832632,0.9961977186311787
row0048_KXHULKHOGANATTEND_cf7e5208d5da,KXHULKHOGANATTEND,Entertainment,unanimous_3_to_0,Unanimous,High,0.9666666666666667,1.9666666666666668,True,264,0.2220353238015139,0.9962121212121212
row0014_KXPUBLICADV_ce1af2b555fc,KXPUBLICADV,Elections,unanimous_3_to_0,Unanimous,High,0.9666666666666667,1.9666666666666668,True,265,0.22287636669470143,0.9962264150943396
row0086_KXLALIGAGAME_740651317186,KXLALIGAGAME,Sports,unanimous_3_to_0,Unanimous,High,0.9666666666666667,1.9666666666666668,True,266,0.223717409587889,0.9962406015037594
row0632_KXAWARDSCOUNTSTU_e6a0f12a5965,KXAWARDSCOUNTSTU,Entertainment,unanimous_3_to_0,Unanimous,High,0.9666666666666667,1.9666666666666668,True,267,0.22455845248107653,0.9962546816479401
row0513_KXEUROVISIONHOST_f2251f709631,KXEUROVISIONHOST,Entertainment,unanimous_3_to_0,Unanimous,High,0.9666666666666667,1.9666666666666668,True,268,0.2253994953742641,0.996268656716418
row0047_KXBLASTRIVALS2_0570a44b0974,KXBLASTRIVALS2,Sports,unanimous_3_to_0,Unanimous,High,0.9666666666666667,1.9666666666666668,True,269,0.22624053826745164,0.9962825278810409
row0074_KXCDASEATS_38af99b0c76b,KXCDASEATS,Elections,unanimous_3_to_0,Unanimous,High,0.9666666666666667,1.9666666666666668,True,270,0.2270815811606392,0.9962962962962963
row0005_KXCHANCELLOR_a12991199d69,KXCHANCELLOR,Elections,unanimous_3_to_0,Unanimous,High,0.9666666666666667,1.9666666666666668,True,271,0.22792262405382674,0.996309963099631
row0733_KXGROK4_380cab7814c8,KXGROK4,Science and Technology,unanimous_3_to_0,Unanimous,High,0.9666666666666667,1.9666666666666668,True,272,0.2287636669470143,0.9963235294117647
row0831_KXMLBDIVWINNER_2bb8d6fef58d,KXMLBDIVWINNER,Sports,unanimous_3_to_0,Unanimous,High,0.9666666666666667,1.9666666666666668,True,273,0.22960470984020184,0.9963369963369964
row0830_KXMLBDIVWINNER_316df32589c6,KXMLBDIVWINNER,Sports,unanimous_3_to_0,Unanimous,High,0.9666666666666667,1.9666666666666668,True,274,0.2304457527333894,0.9963503649635036
row0089_KXSNLHOST_ddc2b51a4839,KXSNLHOST,Entertainment,unanimous_3_to_0,Unanimous,High,0.9666666666666667,1.9666666666666668,True,275,0.23128679562657695,0.9963636363636363
row0712_KXMUSKPACKAGEVOTE_883a06bc182d,KXMUSKPACKAGEVOTE,Companies,unanimous_3_to_0,Unanimous,High,0.9666666666666667,1.9666666666666668,True,276,0.2321278385197645,0.9963768115942029
row0716_KXMEDIARELEASEJIMMYKIMMEL_5ee6e8eb0743,KXMEDIARELEASEJIMMYKIMMEL,Entertainment,unanimous_3_to_0,Unanimous,High,0.9666666666666667,1.9666666666666668,True,277,0.23296888141295205,0.9963898916967509
row0025_KXIRELANDPRES_d79d0f81743a,KXIRELANDPRES,Politics,unanimous_3_to_0,Unanimous,High,0.9666666666666667,1.9666666666666668,True,278,0.23380992430613962,0.9964028776978417
row0889_KXALLINGUEST_2ade7d5680e0,KXALLINGUEST,Entertainment,unanimous_3_to_0,Unanimous,High,0.9666666666666667,1.9666666666666668,True,279,0.23465096719932715,0.996415770609319
row0050_KXCOACHOUTNCAAFB_3aa140db7928,KXCOACHOUTNCAAFB,Sports,unanimous_3_to_0,Unanimous,High,0.9666666666666667,1.9666666666666668,True,280,0.23549201009251472,0.9964285714285714
row0924_KXUSAMBITALY_09fffaf5816e,KXUSAMBITALY,Politics,unanimous_3_to_0,Unanimous,High,0.9666666666666667,1.9666666666666668,True,281,0.23633305298570226,0.99644128113879
row0800_KXPRESTALKXI_419a77ffd569,KXPRESTALKXI,Politics,unanimous_3_to_0,Unanimous,High,0.9666666666666667,1.9666666666666668,True,282,0.23717409587888982,0.9964539007092199
row0006_KXTOPALBUMTYLERTHECREATOR_c5ab7b096a80,KXTOPALBUMTYLERTHECREATOR,Entertainment,unanimous_3_to_0,Unanimous,High,0.9666666666666667,1.9666666666666668,True,283,0.2380151387720774,0.9964664310954063
row0968_KXTRUMPSAY_546979f378e2,KXTRUMPSAY,Mentions,unanimous_3_to_0,Unanimous,High,0.9666666666666667,1.9666666666666668,True,284,0.23885618166526493,0.9964788732394366
row0897_KXTOPALBUMRECORDTLOASG_0b47e8ef9cbe,KXTOPALBUMRECORDTLOASG,Entertainment,unanimous_3_to_0,Unanimous,High,0.9666666666666667,1.9666666666666668,True,285,0.2396972245584525,0.9964912280701754
row0779_KXWALTZCOUNT_0753dec4c1ac,KXWALTZCOUNT,Politics,unanimous_3_to_0,Unanimous,High,0.9666666666666667,1.9666666666666668,True,286,0.24053826745164003,0.9965034965034965
row0019_KXPRESTALKXI_9440c6632c3b,KXPRESTALKXI,Politics,unanimous_3_to_0,Unanimous,High,0.9666666666666667,1.9666666666666668,True,287,0.2413793103448276,0.9965156794425087
row0869_KXBESTREVIVALMUS_f08839122906,KXBESTREVIVALMUS,Entertainment,unanimous_3_to_0,Unanimous,High,0.9666666666666667,1.9666666666666668,True,288,0.24222035323801513,0.9965277777777778
row0072_KXMAYORMINN_d78462116e2e,KXMAYORMINN,Elections,unanimous_3_to_0,Unanimous,High,0.9666666666666667,1.9666666666666668,True,289,0.2430613961312027,0.9965397923875432
row0942_KXADMINNASA_ca61468a5b65,KXADMINNASA,Politics,unanimous_3_to_0,Unanimous,High,0.9666666666666667,1.9666666666666668,True,290,0.24390243902439024,0.996551724137931
row0681_KXRECNCHVOTE_e97a00e77f0b,KXRECNCHVOTE,Politics,unanimous_3_to_0,Unanimous,High,0.9666666666666667,1.9666666666666668,True,291,0.2447434819175778,0.9965635738831615
row0966_KXBLASTRIVALS2_d10c6932e52a,KXBLASTRIVALS2,Sports,unanimous_3_to_0,Unanimous,High,0.9666666666666667,1.9666666666666668,True,292,0.24558452481076534,0.9965753424657534
row0938_KXNTLCYBERDIR_7609922e2dd3,KXNTLCYBERDIR,Politics,unanimous_3_to_0,Unanimous,High,0.96,1.96,True,293,0.2464255677039529,0.9965870307167235
row0926_KXUSAMBGREECE_71738761da73,KXUSAMBGREECE,Politics,unanimous_3_to_0,Unanimous,High,0.96,1.96,True,294,0.24726661059714045,0.9965986394557823
row0060_KXLATINGRAMMYBNA_3fa9bcb9c97b,KXLATINGRAMMYBNA,Entertainment,unanimous_3_to_0,Unanimous,High,0.96,1.96,True,295,0.248107653490328,0.9966101694915255
row0693_KXOPENDOORCEO_72dbe3813535,KXOPENDOORCEO,Companies,unanimous_3_to_0,Unanimous,High,0.96,1.96,True,296,0.24894869638351555,0.9966216216216216
row0957_KXSPOTIFYW_5ef5e83798de,KXSPOTIFYW,Entertainment,unanimous_3_to_0,Unanimous,High,0.96,1.96,True,297,0.24978973927670312,0.9966329966329966
row0646_KXUSDHVOTE_6f7498becd74,KXUSDHVOTE,Crypto,unanimous_3_to_0,Unanimous,High,0.96,1.96,True,298,0.25063078216989065,0.9966442953020134
row0530_KXCANADAPM_a48ce5b3ef7a,KXCANADAPM,Politics,unanimous_3_to_0,Unanimous,High,0.96,1.96,True,299,0.2514718250630782,0.9966555183946488
row0792_KXSPOTIFY2BILLION_282095d93e15,KXSPOTIFY2BILLION,Entertainment,unanimous_3_to_0,Unanimous,High,0.96,1.96,True,300,0.2523128679562658,0.9966666666666667
row0868_KXBESTREVIVALMUS_2f3c5edfd542,KXBESTREVIVALMUS,Entertainment,unanimous_3_to_0,Unanimous,High,0.96,1.96,True,301,0.2531539108494533,0.9966777408637874
row0711_KXMUSKWEALTH_07634d03d8b8,KXMUSKWEALTH,Economics,unanimous_3_to_0,Unanimous,High,0.96,1.96,True,302,0.25399495374264086,0.9966887417218543
row0906_KXNCAAFUNDEFEATED_92a7322b3d19,KXNCAAFUNDEFEATED,Sports,unanimous_3_to_0,Unanimous,High,0.96,1.96,True,303,0.25483599663582845,0.9966996699669967
row1154_KXGRAMMYNOMAOTY_e66d5c60e960,KXGRAMMYNOMAOTY,Entertainment,unanimous_3_to_0,Unanimous,High,0.96,1.96,True,304,0.255677039529016,0.9967105263157895
row0043_KXNFLWINS-NO_8f2b4fd58dac,KXNFLWINS-NO,Sports,unanimous_3_to_0,Unanimous,High,0.9566666666666667,1.9566666666666666,True,305,0.25651808242220353,0.9967213114754099
row0798_KXSALT_89132c1b26fb,KXSALT,Politics,unanimous_3_to_0,Unanimous,High,0.9566666666666667,1.9566666666666666,True,306,0.25735912531539107,0.9967320261437909
row0496_KXMOLDOVACOALITION_834b10534914,KXMOLDOVACOALITION,Politics,unanimous_3_to_0,Unanimous,High,0.9566666666666667,1.9566666666666666,True,307,0.25820016820857866,0.996742671009772
row0737_KXFEATURETAYLORSWIFT_ef72187335b9,KXFEATURETAYLORSWIFT,Entertainment,unanimous_3_to_0,Unanimous,High,0.9566666666666667,1.9566666666666666,True,308,0.2590412111017662,0.9967532467532467
row0045_KXNORWAYLABOUR_baf059906ec8,KXNORWAYLABOUR,Elections,unanimous_3_to_0,Unanimous,High,0.9566666666666667,1.9566666666666666,True,309,0.25988225399495374,0.9967637540453075
row0963_KXWORLDSMVP_9770d2a80bd2,KXWORLDSMVP,Sports,unanimous_3_to_0,Unanimous,High,0.9566666666666667,1.9566666666666666,True,310,0.2607232968881413,0.9967741935483871
row0521_KXSHAKETRUMPXI_ea600c7fb95b,KXSHAKETRUMPXI,World,unanimous_3_to_0,Unanimous,High,0.9566666666666667,1.9566666666666666,True,311,0.26156433978132887,0.9967845659163987
row0534_KXMOLDOVAMAJORITY_da5dafaaf49a,KXMOLDOVAMAJORITY,Elections,unanimous_3_to_0,Unanimous,High,0.9566666666666667,1.9566666666666666,True,312,0.2624053826745164,0.9967948717948718
row0533_KXMOLDOVAPAS_e5280317aff2,KXMOLDOVAPAS,Elections,unanimous_3_to_0,Unanimous,High,0.9566666666666667,1.9566666666666666,True,313,0.26324642556770395,0.9968051118210862
row1112_KXSUPERLIGGAME_0e64029380f8,KXSUPERLIGGAME,Sports,unanimous_3_to_0,Unanimous,High,0.9566666666666667,1.9566666666666666,True,314,0.2640874684608915,0.9968152866242038
row0042_KXFUNDINGBILLS_4c72278e6811,KXFUNDINGBILLS,Politics,unanimous_3_to_0,Unanimous,High,0.9566666666666667,1.9566666666666666,True,315,0.2649285113540791,0.9968253968253968
row0746_KXDJTPOSTMUSK_3eee307e8204,KXDJTPOSTMUSK,Politics,unanimous_3_to_0,Unanimous,High,0.9566666666666667,1.9566666666666666,True,316,0.2657695542472666,0.9968354430379747
row0545_KXSENATERUN_ac9a23d389bc,KXSENATERUN,Politics,unanimous_3_to_0,Unanimous,High,0.9566666666666667,1.9566666666666666,True,317,0.26661059714045415,0.9968454258675079
row0099_KXNFLWINS-DAL_65e639aeaebe,KXNFLWINS-DAL,Sports,unanimous_3_to_0,Unanimous,High,0.9566666666666667,1.9566666666666666,True,318,0.2674516400336417,0.9968553459119497
row0854_KXEUROVISIONJURY_c39ce68d6241,KXEUROVISIONJURY,Entertainment,unanimous_3_to_0,Unanimous,High,0.9566666666666667,1.9566666666666666,True,319,0.2682926829268293,0.9968652037617555
row0804_KXPERFORMVS_e2e0d677a380,KXPERFORMVS,Entertainment,unanimous_3_to_0,Unanimous,High,0.9566666666666667,1.9566666666666666,True,320,0.2691337258200168,0.996875
row0019_KXPGATOUR_f4530a2125f9,KXPGATOUR,Sports,unanimous_3_to_0,Unanimous,High,0.9566666666666667,1.9566666666666666,True,321,0.26997476871320436,0.9968847352024922
row0058_KXLOUVRETHIEVESCHARGE_d0076134c8af,KXLOUVRETHIEVESCHARGE,Politics,unanimous_3_to_0,Unanimous,High,0.9566666666666667,1.9566666666666666,True,322,0.2708158116063919,0.9968944099378882
row0071_KXTARIFFPHARMA_1967e384c49f,KXTARIFFPHARMA,Politics,unanimous_3_to_0,Unanimous,High,0.9566666666666667,1.9566666666666666,False,323,0.2716568544995795,0.9938080495356038
row0861_KXCHOPINCOMPETITION_3159f9763e74,KXCHOPINCOMPETITION,Entertainment,unanimous_3_to_0,Unanimous,High,0.9566666666666667,1.9566666666666666,True,324,0.27249789739276703,0.9938271604938271
row1018_KXMARATHON_a1ad7cce9447,KXMARATHON,Sports,unanimous_3_to_0,Unanimous,High,0.9566666666666667,1.9566666666666666,True,325,0.27333894028595457,0.9938461538461538
row1180_KXNYCCOUNCIL2_ffbbb33e2b87,KXNYCCOUNCIL2,Politics,unanimous_3_to_0,Unanimous,High,0.9566666666666667,1.9566666666666666,True,326,0.27417998317914216,0.9938650306748467
row0097_KXNFLWINS-TB_4a4d82785d26,KXNFLWINS-TB,Sports,unanimous_3_to_0,Unanimous,High,0.9566666666666667,1.9566666666666666,True,327,0.2750210260723297,0.9938837920489296
row0943_KXXFLARE_96cbc7bbcf3f,KXXFLARE,Climate and Weather,unanimous_3_to_0,Unanimous,High,0.9566666666666667,1.9566666666666666,True,328,0.27586206896551724,0.9939024390243902
row0612_KXNFLWINS-ATL_7350a1c08c80,KXNFLWINS-ATL,Sports,unanimous_3_to_0,Unanimous,High,0.9566666666666667,1.9566666666666666,True,329,0.2767031118587048,0.993920972644377
row0019_KXPPFUNDING_2bc41f0b1a0f,KXPPFUNDING,Politics,unanimous_3_to_0,Unanimous,High,0.9566666666666667,1.9566666666666666,True,330,0.27754415475189237,0.9939393939393939
row0605_KXNFLWINS-CIN_abaa76809f8d,KXNFLWINS-CIN,Sports,unanimous_3_to_0,Unanimous,High,0.9566666666666667,1.9566666666666666,True,331,0.2783851976450799,0.9939577039274925
row0604_KXNFLWINS-CLE_5e274599ba83,KXNFLWINS-CLE,Sports,unanimous_3_to_0,Unanimous,High,0.9566666666666667,1.9566666666666666,True,332,0.27922624053826745,0.9939759036144579
row0583_KXNFLWINS-NYJ_969a7065ce73,KXNFLWINS-NYJ,Sports,unanimous_3_to_0,Unanimous,High,0.9566666666666667,1.9566666666666666,True,333,0.280067283431455,0.993993993993994
row0016_KXELECTIONMOVIRELAND_c80d7507cd07,KXELECTIONMOVIRELAND,Elections,unanimous_3_to_0,Unanimous,High,0.9566666666666667,1.9566666666666666,True,334,0.2809083263246426,0.9940119760479041
row0073_KXGTA6_950371cbabb6,KXGTA6,Entertainment,unanimous_3_to_0,Unanimous,High,0.9566666666666667,1.9566666666666666,True,335,0.2817493692178301,0.9940298507462687
row0009_KXRECOGPALESTINE_6bb2a615a394,KXRECOGPALESTINE,Politics,unanimous_3_to_0,Unanimous,High,0.9566666666666667,1.9566666666666666,True,336,0.28259041211101765,0.9940476190476191
row0566_KXAIRDROPMONAD_3c932b920fe2,KXAIRDROPMONAD,Crypto,unanimous_3_to_0,Unanimous,High,0.9566666666666667,1.9566666666666666,False,337,0.2834314550042052,0.9910979228486647
row0071_KXTRUMPUFC322_58be75e748b6,KXTRUMPUFC322,Entertainment,unanimous_3_to_0,Unanimous,High,0.9566666666666667,1.9566666666666666,True,338,0.2842724978973928,0.9911242603550295
row0069_KXCOMPTROLLER_a8f7bd44743c,KXCOMPTROLLER,Elections,unanimous_3_to_0,Unanimous,High,0.9566666666666667,1.9566666666666666,True,339,0.2851135407905803,0.9911504424778761
row0466_KXDEVASANTRIX_5b91383688c1,KXDEVASANTRIX,Politics,unanimous_3_to_0,Unanimous,High,0.9566666666666667,1.9566666666666666,True,340,0.28595458368376786,0.9911764705882353
row0070_KXROMANIATOP_508b8b8b2424,KXROMANIATOP,Elections,unanimous_3_to_0,Unanimous,High,0.9566666666666667,1.9566666666666666,True,341,0.2867956265769554,0.9912023460410557
row0778_KXWLEADER_268472721137,KXWLEADER,Politics,unanimous_3_to_0,Unanimous,High,0.9566666666666667,1.9566666666666666,True,342,0.287636669470143,0.9912280701754386
row0490_KXROMANIATOP2_7b20af93ca7c,KXROMANIATOP2,Politics,unanimous_3_to_0,Unanimous,High,0.9533333333333333,1.9533333333333331,True,343,0.28847771236333053,0.9912536443148688
row0529_KXDUTCHGAIN_512b44cb6ec6,KXDUTCHGAIN,Elections,unanimous_3_to_0,Unanimous,High,0.9533333333333333,1.9533333333333331,True,344,0.28931875525651807,0.9912790697674418
row0626_KXFRANCEAMB_1f7982c83fce,KXFRANCEAMB,Politics,unanimous_3_to_0,Unanimous,High,0.9533333333333333,1.9533333333333331,True,345,0.29015979814970566,0.991304347826087
row0692_KXOVERSIGHTRM_b0fda5a236f7,KXOVERSIGHTRM,Politics,unanimous_3_to_0,Unanimous,High,0.9533333333333333,1.9533333333333331,True,346,0.2910008410428932,0.9913294797687862
row0053_KXSEXYMAN_8c086119b80f,KXSEXYMAN,Entertainment,unanimous_3_to_0,Unanimous,High,0.9533333333333333,1.9533333333333331,True,347,0.29184188393608074,0.9913544668587896
row0866_KXBOLIVIARUNOFF_7a68bf5bfbee,KXBOLIVIARUNOFF,Elections,unanimous_3_to_0,Unanimous,High,0.9500000000000001,1.9500000000000002,True,348,0.2926829268292683,0.9913793103448276
row0813_KXNOBELECON_101a891fcd98,KXNOBELECON,Entertainment,unanimous_3_to_0,Unanimous,High,0.9500000000000001,1.9500000000000002,True,349,0.29352396972245587,0.9914040114613181
row0456_KXNYKCOACH_3ea41a4d053b,KXNYKCOACH,Sports,unanimous_3_to_0,Unanimous,High,0.9500000000000001,1.9500000000000002,True,350,0.2943650126156434,0.9914285714285714
row0870_KXBESTREVIVAL_05be5ba470f8,KXBESTREVIVAL,Entertainment,unanimous_3_to_0,Unanimous,High,0.9500000000000001,1.9500000000000002,True,351,0.29520605550883094,0.9914529914529915
row1026_KXNCAAFGAME_c7616a80515b,KXNCAAFGAME,Sports,unanimous_3_to_0,Unanimous,High,0.9500000000000001,1.9500000000000002,True,352,0.2960470984020185,0.9914772727272727
row0608_KXNFLWINS-CAR_b5e825216fe6,KXNFLWINS-CAR,Sports,unanimous_3_to_0,Unanimous,High,0.9500000000000001,1.9500000000000002,True,353,0.2968881412952061,0.9915014164305949
row0819_KXNEWTAYLOR_90539968d6b9,KXNEWTAYLOR,Entertainment,unanimous_3_to_0,Unanimous,High,0.9500000000000001,1.9500000000000002,True,354,0.2977291841883936,0.9915254237288136
row1021_KXATPDOUBLES_6cb3d43053c9,KXATPDOUBLES,Sports,unanimous_3_to_0,Unanimous,High,0.9500000000000001,1.9500000000000002,True,355,0.29857022708158115,0.9915492957746479
row0714_KXMIDSEASONINVITATIONALB_588c47eed9fb,KXMIDSEASONINVITATIONALB,Sports,unanimous_3_to_0,Unanimous,High,0.9500000000000001,1.9500000000000002,True,356,0.2994112699747687,0.9915730337078652
row1019_KXATPMATCH_937ed5ac2c11,KXATPMATCH,Sports,unanimous_3_to_0,Unanimous,High,0.9500000000000001,1.9500000000000002,True,357,0.3002523128679563,0.9915966386554622
row0508_KXSUPERBOWLHEADLINE_e63390814ea9,KXSUPERBOWLHEADLINE,Entertainment,unanimous_3_to_0,Unanimous,High,0.9500000000000001,1.9500000000000002,True,358,0.3010933557611438,0.9916201117318436
row0940_KXHURCTOTMAJ_80717a0c7e64,KXHURCTOTMAJ,Climate and Weather,unanimous_3_to_0,Unanimous,High,0.9500000000000001,1.9500000000000002,True,359,0.30193439865433136,0.9916434540389972
row0099_KXNEWVIDEOOUTDOORBOYS_b5616d064113,KXNEWVIDEOOUTDOORBOYS,Social,unanimous_3_to_0,Unanimous,High,0.9500000000000001,1.9500000000000002,True,360,0.3027754415475189,0.9916666666666667
row0630_KXAWARDSCOUNTWHI_951619a4f8a9,KXAWARDSCOUNTWHI,Entertainment,unanimous_3_to_0,Unanimous,High,0.9500000000000001,1.9500000000000002,True,361,0.3036164844407065,0.9916897506925207
row1169_KXMCMORTALKOMBAT_f9ec6384206a,KXMCMORTALKOMBAT,Entertainment,unanimous_3_to_0,Unanimous,High,0.9500000000000001,1.9500000000000002,True,362,0.30445752733389403,0.9917127071823204
row0703_KXNEXTTEAMMCLAURIN_8f3055909dfe,KXNEXTTEAMMCLAURIN,Sports,unanimous_3_to_0,Unanimous,High,0.9500000000000001,1.9500000000000002,True,363,0.30529857022708157,0.9917355371900827
row0700_KXNEXTTEAMMICAH_5171f8d9507a,KXNEXTTEAMMICAH,Sports,unanimous_3_to_0,Unanimous,High,0.9500000000000001,1.9500000000000002,True,364,0.30613961312026916,0.9917582417582418
row0941_KXCOMMISHCBP_665038cac190,KXCOMMISHCBP,Politics,unanimous_3_to_0,Unanimous,High,0.9500000000000001,1.9500000000000002,True,365,0.3069806560134567,0.9917808219178083
row0695_KXNYCHECKS_248a09305cef,KXNYCHECKS,Politics,unanimous_3_to_0,Unanimous,High,0.9500000000000001,1.9500000000000002,True,366,0.30782169890664424,0.9918032786885246
row0011_KXCHANCELLOR_b42f8c7ff2f0,KXCHANCELLOR,Elections,unanimous_3_to_0,Unanimous,High,0.9500000000000001,1.9500000000000002,True,367,0.3086627417998318,0.9918256130790191
row1187_KXNYCCOUNCIL1_c5222bbd93aa,KXNYCCOUNCIL1,Politics,unanimous_3_to_0,Unanimous,High,0.9500000000000001,1.9500000000000002,True,368,0.30950378469301937,0.9918478260869565
row0874_KXBESTMUSICAL_9f76f2621116,KXBESTMUSICAL,Entertainment,unanimous_3_to_0,Unanimous,High,0.9500000000000001,1.9500000000000002,True,369,0.3103448275862069,0.991869918699187
row0928_KXUSAMBFRANCE_4e1fdd7a197c,KXUSAMBFRANCE,Politics,unanimous_3_to_0,Unanimous,High,0.9500000000000001,1.9500000000000002,True,370,0.31118587047939444,0.9918918918918919
row1099_KXMLSGAME_5cf61971fe17,KXMLSGAME,Sports,unanimous_3_to_0,Unanimous,High,0.9500000000000001,1.9500000000000002,True,371,0.312026913372582,0.9919137466307277
row0475_KXACTORZELDA_29be49936b73,KXACTORZELDA,Entertainment,unanimous_3_to_0,Unanimous,High,0.9500000000000001,1.9500000000000002,True,372,0.3128679562657696,0.9919354838709677
row0903_KX1SONGMORGANWALLEN_6ea80d17db29,KX1SONGMORGANWALLEN,Entertainment,unanimous_3_to_0,Unanimous,High,0.9500000000000001,1.9500000000000002,True,373,0.3137089991589571,0.9919571045576407
row0504_KXDRAKEUMGSUIT_fb7f057fd4d9,KXDRAKEUMGSUIT,Entertainment,unanimous_3_to_0,Unanimous,High,0.9500000000000001,1.9500000000000002,True,374,0.31455004205214465,0.9919786096256684
row1101_KXLIGAPORTUGALGAME_bcb17dc94191,KXLIGAPORTUGALGAME,Sports,unanimous_3_to_0,Unanimous,High,0.9500000000000001,1.9500000000000002,True,375,0.3153910849453322,0.992
row1096_KXLOL1STTIMEWIN_f00c98598111,KXLOL1STTIMEWIN,Sports,unanimous_3_to_0,Unanimous,High,0.9500000000000001,1.9500000000000002,True,376,0.3162321278385198,0.9920212765957447
row1090_KXTRUMPSCOTUS_b6bc24bf4dc9,KXTRUMPSCOTUS,Entertainment,unanimous_3_to_0,Unanimous,High,0.9500000000000001,1.9500000000000002,True,377,0.3170731707317073,0.9920424403183024
row0771_KXANONYMOUSDONOR_0c4af840a91b,KXANONYMOUSDONOR,Politics,unanimous_3_to_0,Unanimous,High,0.9500000000000001,1.9500000000000002,True,378,0.31791421362489486,0.9920634920634921
row0905_KXDWTSELIMINATION_07599a6e49a0,KXDWTSELIMINATION,Entertainment,unanimous_3_to_0,Unanimous,High,0.9500000000000001,1.9500000000000002,True,379,0.3187552565180824,0.9920844327176781
row0484_KXMEDICAIDCUTS_259fb0441183,KXMEDICAIDCUTS,Politics,unanimous_3_to_0,Unanimous,High,0.9500000000000001,1.9500000000000002,True,380,0.31959629941127,0.9921052631578947
row0909_KXUSAMBVATICAN_7d567c5c80c5,KXUSAMBVATICAN,Politics,unanimous_3_to_0,Unanimous,High,0.9500000000000001,1.9500000000000002,True,381,0.32043734230445753,0.9921259842519685
row0748_KXDJTBTC_1d52d7d3f032,KXDJTBTC,Crypto,unanimous_3_to_0,Unanimous,High,0.9500000000000001,1.9500000000000002,True,382,0.32127838519764507,0.9921465968586387
row0811_KXNOBELPEACE_569a87363289,KXNOBELPEACE,Entertainment,unanimous_3_to_0,Unanimous,High,0.9500000000000001,1.9500000000000002,True,383,0.32211942809083266,0.9921671018276762
row0915_KXUSAMBTURKEY_268a98279e88,KXUSAMBTURKEY,Politics,unanimous_3_to_0,Unanimous,High,0.9500000000000001,1.9500000000000002,True,384,0.3229604709840202,0.9921875
row0523_KXPVVSEATS_98e09fcc1673,KXPVVSEATS,Elections,unanimous_3_to_0,Unanimous,High,0.9500000000000001,1.9500000000000002,True,385,0.32380151387720774,0.9922077922077922
row0917_KXUSAMBSWISS_3d81d7b181aa,KXUSAMBSWISS,Politics,unanimous_3_to_0,Unanimous,High,0.9500000000000001,1.9500000000000002,True,386,0.3246425567703953,0.9922279792746114
row1116_KXEPLGAME_4ddc86113461,KXEPLGAME,Sports,unanimous_3_to_0,Unanimous,High,0.9500000000000001,1.9500000000000002,True,387,0.32548359966358287,0.9922480620155039
row0535_KXMOLDOVABEP_ba13b61fa78b,KXMOLDOVABEP,Elections,unanimous_3_to_0,Unanimous,High,0.9500000000000001,1.9500000000000002,True,388,0.3263246425567704,0.9922680412371134
row0920_KXUSAMBPOLAND_4abb3ba6bbba,KXUSAMBPOLAND,Politics,unanimous_3_to_0,Unanimous,High,0.9500000000000001,1.9500000000000002,True,389,0.32716568544995794,0.9922879177377892
row0537_KXAUSPM_60ba42338af6,KXAUSPM,Elections,unanimous_3_to_0,Unanimous,High,0.9500000000000001,1.9500000000000002,True,390,0.3280067283431455,0.9923076923076923
row0541_KXMOSTWINSEMMYS_33a02e7abcc5,KXMOSTWINSEMMYS,Entertainment,unanimous_3_to_0,Unanimous,High,0.9500000000000001,1.9500000000000002,True,391,0.3288477712363331,0.9923273657289002
row0927_KXUSAMBGREECE_797f748c8fe6,KXUSAMBGREECE,Politics,unanimous_3_to_0,Unanimous,High,0.9500000000000001,1.9500000000000002,True,392,0.3296888141295206,0.9923469387755102
row0969_KXATPFINALS_63ffeed0e3a1,KXATPFINALS,Sports,unanimous_3_to_0,Unanimous,High,0.9500000000000001,1.9500000000000002,True,393,0.33052985702270815,0.9923664122137404
row1189_KXELECTCONCEDE_dedc34e91ee7,KXELECTCONCEDE,Elections,unanimous_3_to_0,Unanimous,High,0.9500000000000001,1.9500000000000002,True,394,0.3313708999158957,0.9923857868020305
row0035_KXMAYORCHAR_3fdb9587c521,KXMAYORCHAR,Elections,unanimous_3_to_0,Unanimous,High,0.9500000000000001,1.9500000000000002,True,395,0.3322119428090833,0.9924050632911392
row0067_KXIPOKLARNA_9c4632a56ae6,KXIPOKLARNA,Economics,unanimous_3_to_0,Unanimous,High,0.9500000000000001,1.9500000000000002,True,396,0.3330529857022708,0.9924242424242424
row0005_KXMEDIARELEASEJIMMYKIMMEL_0f7ecfca5aa4,KXMEDIARELEASEJIMMYKIMMEL,Entertainment,unanimous_3_to_0,Unanimous,High,0.9500000000000001,1.9500000000000002,True,397,0.33389402859545836,0.9924433249370277
row0056_KXEUROVISIONJURY_e999f66a82fe,KXEUROVISIONJURY,Entertainment,unanimous_3_to_0,Unanimous,High,0.9500000000000001,1.9500000000000002,True,398,0.3347350714886459,0.992462311557789
row0035_KXKLARSTRIP_2a34b3789074,KXKLARSTRIP,Financials,unanimous_3_to_0,Unanimous,High,0.9500000000000001,1.9500000000000002,True,399,0.3355761143818335,0.9924812030075187
row0083_KXCSGOGAME_3376e7c6e487,KXCSGOGAME,Sports,unanimous_3_to_0,Unanimous,High,0.9500000000000001,1.9500000000000002,True,400,0.33641715727502103,0.9925
row0093_KXPARTYWINNL_e5f309f80bc3,KXPARTYWINNL,Elections,unanimous_3_to_0,Unanimous,High,0.9500000000000001,1.9500000000000002,True,401,0.33725820016820857,0.9925187032418953
row0005_KXNEWCOINCHAIN_e70316b576a3,KXNEWCOINCHAIN,Crypto,unanimous_3_to_0,Unanimous,High,0.9500000000000001,1.9500000000000002,True,402,0.3380992430613961,0.9925373134328358
row0002_KXGRAMMYNOMCOUNTLG_47a06f7fda56,KXGRAMMYNOMCOUNTLG,Sports,unanimous_3_to_0,Unanimous,High,0.9500000000000001,1.9500000000000002,True,403,0.3389402859545837,0.9925558312655087
row0025_KXROMANIATOP_6febc457eb4a,KXROMANIATOP,Elections,unanimous_3_to_0,Unanimous,High,0.9500000000000001,1.9500000000000002,True,404,0.33978132884777124,0.9925742574257426
row0068_KXMOSTWINSEMMYS_349bdbc7f4ad,KXMOSTWINSEMMYS,Entertainment,unanimous_3_to_0,Unanimous,High,0.9500000000000001,1.9500000000000002,True,405,0.3406223717409588,0.9925925925925926
row0064_KXNEXTLDPLEADER_27d6d2a60127,KXNEXTLDPLEADER,Politics,unanimous_3_to_0,Unanimous,High,0.9500000000000001,1.9500000000000002,True,406,0.34146341463414637,0.9926108374384236
row0041_KXNEWPOPENAME_9e0cb74156f2,KXNEWPOPENAME,World,unanimous_3_to_0,Unanimous,High,0.9500000000000001,1.9500000000000002,True,407,0.3423044575273339,0.9926289926289926
row0065_KXFEATUREMETROBOOMIN_b4c51ba9058f,KXFEATUREMETROBOOMIN,Entertainment,unanimous_3_to_0,Unanimous,High,0.9500000000000001,1.9500000000000002,True,408,0.34314550042052144,0.9926470588235294
row0091_KXELECTCONCEDE_a49196c94ba9,KXELECTCONCEDE,Elections,unanimous_3_to_0,Unanimous,High,0.9500000000000001,1.9500000000000002,True,409,0.343986543313709,0.9926650366748166
row0024_KXSALTX_f3f5ed831585,KXSALTX,Politics,unanimous_3_to_0,Unanimous,High,0.9500000000000001,1.9500000000000002,True,410,0.3448275862068966,0.9926829268292683
row0027_KXSURVIVORELIMINATION_b31115cd3139,KXSURVIVORELIMINATION,Sports,unanimous_3_to_0,Unanimous,High,0.9500000000000001,1.9500000000000002,True,411,0.3456686291000841,0.9927007299270073
row0091_KXNEURALINKCOUNT_e0b547cb7729,KXNEURALINKCOUNT,Health,unanimous_3_to_0,Unanimous,High,0.9500000000000001,1.9500000000000002,True,412,0.34650967199327165,0.9927184466019418
row0910_KXUSAMBVATICAN_0b509c2e52fc,KXUSAMBVATICAN,Politics,unanimous_3_to_0,Unanimous,High,0.9466666666666667,1.9466666666666668,True,413,0.3473507148864592,0.9927360774818402
row0455_KXNYKCOACH_8a4e25a8fe97,KXNYKCOACH,Sports,unanimous_3_to_0,Unanimous,High,0.9466666666666667,1.9466666666666668,True,414,0.3481917577796468,0.9927536231884058
row0070_KXNFLWINS-CHI_305bcdd61cc0,KXNFLWINS-CHI,Sports,unanimous_3_to_0,Unanimous,High,0.9433333333333334,1.9433333333333334,True,415,0.3490328006728343,0.9927710843373494
row1049_KXUSDJPYH_1e3d15bcaf39,KXUSDJPYH,Financials,unanimous_3_to_0,Unanimous,High,0.9433333333333334,1.9433333333333334,True,416,0.34987384356602186,0.9927884615384616
row0806_KXPARTYWINNL_4b8dd9dab2b3,KXPARTYWINNL,Elections,unanimous_3_to_0,Unanimous,High,0.9433333333333334,1.9433333333333334,True,417,0.3507148864592094,0.9928057553956835
row0773_KXGTA6_9a9f987638ea,KXGTA6,Entertainment,unanimous_3_to_0,Unanimous,High,0.9433333333333334,1.9433333333333334,True,418,0.351555929352397,0.992822966507177
row1050_KXUSDJPYH_ee2c80f5c5d5,KXUSDJPYH,Financials,unanimous_3_to_0,Unanimous,High,0.9433333333333334,1.9433333333333334,True,419,0.3523969722455845,0.9928400954653938
row0042_KXNFLWINS-IND_b43637953a30,KXNFLWINS-IND,Sports,unanimous_3_to_0,Unanimous,High,0.9433333333333334,1.9433333333333334,True,420,0.35323801513877207,0.9928571428571429
row0577_KXNFLWINS-TB_88491391cf7f,KXNFLWINS-TB,Sports,unanimous_3_to_0,Unanimous,High,0.9433333333333334,1.9433333333333334,True,421,0.3540790580319596,0.9928741092636579
row1107_KXEREDIVISIEGAME_c37ec644249f,KXEREDIVISIEGAME,Sports,unanimous_3_to_0,Unanimous,High,0.9433333333333334,1.9433333333333334,True,422,0.3549201009251472,0.9928909952606635
row1095_KXRTPREDATORBADLANDS_e382dda11cba,KXRTPREDATORBADLANDS,Entertainment,unanimous_3_to_0,Unanimous,High,0.9433333333333334,1.9433333333333334,True,423,0.35576114381833474,0.9929078014184397
row0580_KXNFLWINS-PIT_ed51fe4644a0,KXNFLWINS-PIT,Sports,unanimous_3_to_0,Unanimous,High,0.9433333333333334,1.9433333333333334,True,424,0.3566021867115223,0.9929245283018868
row0026_KXAWARDSCOUNTSEV_8340043cedad,KXAWARDSCOUNTSEV,Entertainment,unanimous_3_to_0,Unanimous,High,0.9433333333333334,1.9433333333333334,True,425,0.35744322960470987,0.9929411764705882
row0047_KXOVERSIGHTRM_ddf7da64221c,KXOVERSIGHTRM,Politics,unanimous_3_to_0,Unanimous,High,0.94,1.94,True,426,0.3582842724978974,0.9929577464788732
row0708_KXNEPMLEAVE_a948d840bc71,KXNEPMLEAVE,Politics,unanimous_3_to_0,Unanimous,High,0.94,1.94,True,427,0.35912531539108494,0.9929742388758782
row0704_KXNEXTLDPLEADER_200f228d6072,KXNEXTLDPLEADER,Politics,unanimous_3_to_0,Unanimous,High,0.94,1.94,True,428,0.3599663582842725,0.9929906542056075
row0701_KXNEXTTEAMMICAH_c46f52c2f67c,KXNEXTTEAMMICAH,Sports,unanimous_3_to_0,Unanimous,High,0.94,1.94,True,429,0.3608074011774601,0.993006993006993
row0068_KXSNLMENTION_2a9b01e19160,KXSNLMENTION,Mentions,unanimous_3_to_0,Unanimous,High,0.9400000000000001,1.94,True,430,0.3616484440706476,0.9930232558139535
row1031_KXBRASILEIROGAME_9db674591049,KXBRASILEIROGAME,Sports,unanimous_3_to_0,Unanimous,High,0.94,1.94,True,431,0.36248948696383515,0.9930394431554525
row0665_KXSUBPOENAATTEND_c0647c99427d,KXSUBPOENAATTEND,Entertainment,unanimous_3_to_0,Unanimous,High,0.9400000000000001,1.94,True,432,0.3633305298570227,0.9930555555555556
row0683_KXRECHEALTHCARE_e50b215af8ef,KXRECHEALTHCARE,Politics,unanimous_3_to_0,Unanimous,High,0.9400000000000001,1.94,True,433,0.3641715727502103,0.9930715935334873
row0584_KXNFLWINS-NYG_ef7d47e47f9b,KXNFLWINS-NYG,Sports,unanimous_3_to_0,Unanimous,High,0.94,1.94,True,434,0.3650126156433978,0.9930875576036866
row1136_KXGRAMMYNOMSOTY_96fe99ef6cde,KXGRAMMYNOMSOTY,Entertainment,unanimous_3_to_0,Unanimous,High,0.9400000000000001,1.94,True,435,0.36585365853658536,0.993103448275862
row0590_KXNFLWINS-LV_3c3848762533,KXNFLWINS-LV,Sports,unanimous_3_to_0,Unanimous,High,0.94,1.94,True,436,0.3666947014297729,0.9931192660550459
row1040_KXCSGOMAP_14bb03f11c14,KXCSGOMAP,Sports,unanimous_3_to_0,Unanimous,High,0.94,1.94,True,437,0.3675357443229605,0.9931350114416476
row1085_KXTOPALBUM_f425a5824fe6,KXTOPALBUM,Entertainment,unanimous_3_to_0,Unanimous,High,0.94,1.94,True,438,0.368376787216148,0.9931506849315068
row0731_KXHOUSEGOVTFUND_2b839401f561,KXHOUSEGOVTFUND,Politics,unanimous_3_to_0,Unanimous,High,0.94,1.94,True,439,0.36921783010933557,0.9931662870159453
row0063_KXBRASILEIROGAME_73e9c5cbe15b,KXBRASILEIROGAME,Sports,unanimous_3_to_0,Unanimous,High,0.94,1.94,True,440,0.3700588730025231,0.9931818181818182
row0913_KXUSAMBUK_823678b908c1,KXUSAMBUK,Politics,unanimous_3_to_0,Unanimous,High,0.94,1.94,True,441,0.3708999158957107,0.9931972789115646
row0768_KXBLOCKTARIFF_5c5abeccd494,KXBLOCKTARIFF,Politics,unanimous_3_to_0,Unanimous,High,0.94,1.94,True,442,0.37174095878889823,0.9932126696832579
row0068_KXJAMAICANHOR_ac41c863ed71,KXJAMAICANHOR,Elections,unanimous_3_to_0,Unanimous,High,0.94,1.94,True,443,0.3725820016820858,0.9932279909706546
row0951_KXCHOVYMVPWF_3186415868c5,KXCHOVYMVPWF,Sports,unanimous_3_to_0,Unanimous,High,0.94,1.94,True,444,0.37342304457527337,0.9932432432432432
row0932_KXUSAMBBELGIUM_cf6f3aaa3b50,KXUSAMBBELGIUM,Politics,unanimous_3_to_0,Unanimous,High,0.94,1.94,True,445,0.3742640874684609,0.9932584269662922
row0782_KXTENNISMAJORDJOKOVIC_c6fc977040e4,KXTENNISMAJORDJOKOVIC,Sports,unanimous_3_to_0,Unanimous,High,0.94,1.94,True,446,0.37510513036164844,0.9932735426008968
row0666_KXSTATEMENTCOUNTPOPESS_66b1576b2d2d,KXSTATEMENTCOUNTPOPESS,Social,unanimous_3_to_0,Unanimous,High,0.9366666666666666,1.9366666666666665,True,447,0.375946173254836,0.9932885906040269
row0904_KXSURVIVORELIMINATION_b6f6797a9564,KXSURVIVORELIMINATION,Sports,unanimous_3_to_0,Unanimous,High,0.9366666666666666,1.9366666666666665,True,448,0.3767872161480236,0.9933035714285714
row0833_KXMIRAGE_7f86d5e29f71,KXMIRAGE,Entertainment,unanimous_3_to_0,Unanimous,High,0.9333333333333332,1.9333333333333331,True,449,0.3776282590412111,0.9933184855233853
row0483_KXREMITTANCERATE_2f4f98037aab,KXREMITTANCERATE,Politics,unanimous_3_to_0,Unanimous,High,0.9333333333333332,1.9333333333333331,True,450,0.37846930193439865,0.9933333333333333
row0007_KXNFLTRADE_bc439646fe22,KXNFLTRADE,Sports,unanimous_3_to_0,Unanimous,High,0.9333333333333332,1.9333333333333331,True,451,0.3793103448275862,0.9933481152993349
row0050_KXLEAVITTMENTIONDURATION_1468e74092b9,KXLEAVITTMENTIONDURATION,Mentions,unanimous_3_to_0,Unanimous,High,0.9333333333333332,1.9333333333333331,True,452,0.3801513877207738,0.9933628318584071
row1086_KXTOPALBUM_cd797c197eb6,KXTOPALBUM,Entertainment,unanimous_3_to_0,Unanimous,High,0.9333333333333332,1.9333333333333331,True,453,0.3809924306139613,0.9933774834437086
row1087_KXBILLBOARDRUNNERUPSONG_e693b35b02a0,KXBILLBOARDRUNNERUPSONG,Entertainment,unanimous_3_to_0,Unanimous,High,0.9333333333333332,1.9333333333333331,True,454,0.38183347350714886,0.9933920704845814
row0613_KXNFLWINS-ATL_e80b64412f96,KXNFLWINS-ATL,Sports,unanimous_3_to_0,Unanimous,High,0.9333333333333332,1.9333333333333331,True,455,0.3826745164003364,0.9934065934065934
row0599_KXNFLWINS-GB_a94e7689ad63,KXNFLWINS-GB,Sports,unanimous_3_to_0,Unanimous,High,0.9333333333333332,1.9333333333333331,True,456,0.383515559293524,0.993421052631579
row1076_KXNETFLIXRANKSHOW_86748f9c64a5,KXNETFLIXRANKSHOW,Entertainment,unanimous_3_to_0,Unanimous,High,0.9333333333333332,1.9333333333333331,False,457,0.3843566021867115,0.9912472647702407
row0492_KXRECCOST_ecfe43a2f7ff,KXRECCOST,Politics,unanimous_3_to_0,Unanimous,High,0.9333333333333332,1.9333333333333331,True,458,0.38519764507989906,0.9912663755458515
row0495_KXMOLDOVACOALITION_337ac35e30d2,KXMOLDOVACOALITION,Politics,unanimous_3_to_0,Unanimous,High,0.9333333333333332,1.9333333333333331,True,459,0.3860386879730866,0.9912854030501089
row0845_KXGRAMMYNOMCOUNTJB_7d9e4df5e31a,KXGRAMMYNOMCOUNTJB,Sports,unanimous_3_to_0,Unanimous,High,0.9333333333333332,1.9333333333333331,True,460,0.3868797308662742,0.991304347826087
row0985_KXDOGE_2454a88927fc,KXDOGE,Crypto,unanimous_3_to_0,Unanimous,High,0.9333333333333332,1.9333333333333331,True,461,0.38772077375946173,0.9913232104121475
row0049_KXBESTACTORTONYAWARDS_f5b225537473,KXBESTACTORTONYAWARDS,Entertainment,unanimous_3_to_0,Unanimous,High,0.9333333333333332,1.9333333333333331,True,462,0.3885618166526493,0.9913419913419913
row0588_KXNFLWINS-MIA_e89baf5be067,KXNFLWINS-MIA,Sports,unanimous_3_to_0,Unanimous,High,0.9333333333333332,1.9333333333333331,True,463,0.3894028595458368,0.9913606911447084
row0098_KXOPENSOURCEOAI_a2422d45cad5,KXOPENSOURCEOAI,Science and Technology,unanimous_3_to_0,Unanimous,High,0.9333333333333332,1.9333333333333331,False,464,0.3902439024390244,0.9892241379310345
row0040_KXTOPSONGRECORDLUTHER_aac6e449d61d,KXTOPSONGRECORDLUTHER,Entertainment,unanimous_3_to_0,Unanimous,High,0.9333333333333332,1.9333333333333331,True,465,0.39108494533221194,0.989247311827957
row0582_KXNFLWINS-PHI_90bd66bd023b,KXNFLWINS-PHI,Sports,unanimous_3_to_0,Unanimous,High,0.9333333333333332,1.9333333333333331,True,466,0.3919259882253995,0.9892703862660944
row0010_KXSPOTIFYBILLIONS_fdae76fa55d5,KXSPOTIFYBILLIONS,Entertainment,unanimous_3_to_0,Unanimous,High,0.9333333333333332,1.9333333333333331,True,467,0.3927670311185871,0.9892933618843683
row0877_KXBESTACTORMUS_2ed69450bbd8,KXBESTACTORMUS,Entertainment,unanimous_3_to_0,Unanimous,High,0.9333333333333332,1.9333333333333331,True,468,0.3936080740117746,0.9893162393162394
row0515_KXCOACHELLA_25190c85cfd8,KXCOACHELLA,Entertainment,unanimous_3_to_0,Unanimous,High,0.9333333333333332,1.9333333333333331,True,469,0.39444911690496215,0.9893390191897654
row0517_KXVOTESHUTDOWNS_9950dbf5c119,KXVOTESHUTDOWNS,Politics,unanimous_3_to_0,Unanimous,High,0.9333333333333332,1.9333333333333331,True,470,0.3952901597981497,0.9893617021276596
row1102_KXLIGAPORTUGALGAME_00fb81792227,KXLIGAPORTUGALGAME,Sports,unanimous_3_to_0,Unanimous,High,0.9333333333333332,1.9333333333333331,True,471,0.3961312026913373,0.9893842887473461
row0039_KXZIWEMENTION_30235d843c55,KXZIWEMENTION,Mentions,unanimous_3_to_0,Unanimous,High,0.9333333333333332,1.9333333333333331,False,472,0.3969722455845248,0.9872881355932204
row0094_KXNORWAYPF_9b20e9c03e42,KXNORWAYPF,Elections,unanimous_3_to_0,Unanimous,High,0.9333333333333332,1.9333333333333331,True,473,0.39781328847771236,0.9873150105708245
row0053_KXBIDENNEBRASKA_f480e49be1dd,KXBIDENNEBRASKA,World,unanimous_3_to_0,Unanimous,High,0.9333333333333332,1.9333333333333331,True,474,0.3986543313708999,0.9873417721518988
row0048_KXIRISH1ROUND_8c602bdb7eeb,KXIRISH1ROUND,Elections,unanimous_3_to_0,Unanimous,High,0.9333333333333332,1.9333333333333331,True,475,0.3994953742640875,0.9873684210526316
row0587_KXNFLWINS-MIN_d941fdee85ca,KXNFLWINS-MIN,Sports,unanimous_3_to_0,Unanimous,High,0.9333333333333332,1.9333333333333331,True,476,0.400336417157275,0.9873949579831933
row0050_KXNFLWINS-LV_447862a5209e,KXNFLWINS-LV,Sports,unanimous_3_to_0,Unanimous,High,0.9333333333333332,1.9333333333333331,True,477,0.40117746005046256,0.9874213836477987
row0082_KXNFLWINS-JAC_01d6aa65cbde,KXNFLWINS-JAC,Sports,unanimous_3_to_0,Unanimous,High,0.9333333333333332,1.9333333333333331,True,478,0.4020185029436501,0.9874476987447699
row0025_KXSWIFTMENTION_f17a0c1a9907,KXSWIFTMENTION,Politics,unanimous_3_to_0,Unanimous,High,0.9333333333333332,1.9333333333333331,False,479,0.4028595458368377,0.9853862212943633
row0952_KXSPOTIFYGLOBALD_6b8313bb34ea,KXSPOTIFYGLOBALD,Entertainment,unanimous_3_to_0,Unanimous,High,0.9333333333333332,1.9333333333333331,True,480,0.40370058873002523,0.9854166666666667
row0790_KXSPOTIFY3BILLION_7a3ea7deb606,KXSPOTIFY3BILLION,Entertainment,unanimous_3_to_0,Unanimous,High,0.9333333333333332,1.9333333333333331,True,481,0.40454163162321277,0.9854469854469855
row0457_KXNONCOMPETEBAN_78851262845a,KXNONCOMPETEBAN,Politics,unanimous_3_to_0,Unanimous,High,0.9333333333333332,1.9333333333333331,True,482,0.4053826745164003,0.9854771784232366
row0707_KXNEWCOINLAUNCH_548f8b50c0ae,KXNEWCOINLAUNCH,Crypto,unanimous_3_to_0,Unanimous,High,0.9333333333333332,1.9333333333333331,True,483,0.4062237174095879,0.9855072463768116
row0059_KXBIDENMENTION_ead727190da2,KXBIDENMENTION,Mentions,unanimous_3_to_0,Unanimous,High,0.9333333333333332,1.9333333333333331,False,484,0.40706476030277544,0.9834710743801653
row0647_KXUSALITHIUM_0c21193d1f90,KXUSALITHIUM,Politics,unanimous_3_to_0,Unanimous,High,0.9333333333333332,1.9333333333333331,True,485,0.407905803195963,0.9835051546391752
row0684_KXRECHEALTHCARE_e7f2481e0947,KXRECHEALTHCARE,Politics,unanimous_3_to_0,Unanimous,High,0.9333333333333332,1.9333333333333331,True,486,0.4087468460891506,0.9835390946502057
row0944_KXTRUMPSAYMONTH_68cf703450c9,KXTRUMPSAYMONTH,Mentions,unanimous_3_to_0,Unanimous,High,0.9333333333333332,1.9333333333333331,True,487,0.4095878889823381,0.9835728952772074
row0463_KXCANCOALITION_e6a1e72f76e7,KXCANCOALITION,Politics,unanimous_3_to_0,Unanimous,High,0.9333333333333332,1.9333333333333331,True,488,0.41042893187552565,0.9836065573770492
row0015_KXMAYORNYCPARTY_ef4f1c66473b,KXMAYORNYCPARTY,Politics,unanimous_3_to_0,Unanimous,High,0.9333333333333332,1.9333333333333331,True,489,0.4112699747687132,0.983640081799591
row1175_KXNYCCOUNCIL39_2db7e33c82ef,KXNYCCOUNCIL39,Politics,unanimous_3_to_0,Unanimous,High,0.9333333333333332,1.9333333333333331,True,490,0.4121110176619008,0.9836734693877551
row0027_KXNEWCOINCHAIN_e79de8ed8229,KXNEWCOINCHAIN,Crypto,unanimous_3_to_0,Unanimous,High,0.9333333333333332,1.9333333333333331,True,491,0.4129520605550883,0.9837067209775967
row0930_KXUSAMBCHILE_712a99527d97,KXUSAMBCHILE,Politics,unanimous_3_to_0,Unanimous,High,0.9333333333333332,1.9333333333333331,True,492,0.41379310344827586,0.983739837398374
row1176_KXNYCCOUNCIL38_b1179e2b0fcd,KXNYCCOUNCIL38,Politics,unanimous_3_to_0,Unanimous,High,0.9333333333333332,1.9333333333333331,True,493,0.4146341463414634,0.9837728194726166
row0077_KXSUPERLIGGAME_e6028cc89548,KXSUPERLIGGAME,Sports,unanimous_3_to_0,Unanimous,High,0.9333333333333332,1.9333333333333331,True,494,0.415475189234651,0.9838056680161943
row0089_KXNFLWINS-BUF_8aa3c3c27ed3,KXNFLWINS-BUF,Sports,unanimous_3_to_0,Unanimous,High,0.9333333333333332,1.9333333333333331,True,495,0.4163162321278385,0.9838383838383838
row0008_KXNLDFOURTH_874ab2442040,KXNLDFOURTH,Elections,unanimous_3_to_0,Unanimous,High,0.9333333333333332,1.9333333333333331,True,496,0.41715727502102606,0.9838709677419355
row0925_KXUSAMBITALY_01084d713ec3,KXUSAMBITALY,Politics,unanimous_3_to_0,Unanimous,High,0.9333333333333332,1.9333333333333331,True,497,0.4179983179142136,0.9839034205231388
row0021_KXMCMORTALKOMBAT_8023d2701fa3,KXMCMORTALKOMBAT,Entertainment,unanimous_3_to_0,Unanimous,High,0.9333333333333332,1.9333333333333331,True,498,0.4188393608074012,0.9839357429718876
row0077_KXMAYORDETROIT_fad63f556b16,KXMAYORDETROIT,Elections,unanimous_3_to_0,Unanimous,High,0.9333333333333332,1.9333333333333331,True,499,0.41968040370058873,0.9839679358717435
row0846_KXGRAMMYNOMCOUNTJB_da26ebbf8de5,KXGRAMMYNOMCOUNTJB,Sports,unanimous_3_to_0,Unanimous,High,0.93,1.9300000000000002,True,500,0.42052144659377627,0.984
row0054_KXNFLWINS-JAC_d02641a31934,KXNFLWINS-JAC,Sports,unanimous_3_to_0,Unanimous,High,0.93,1.9300000000000002,True,501,0.4213624894869638,0.9840319361277445
row0576_KXNFLWINS-TEN_030999900e4a,KXNFLWINS-TEN,Sports,unanimous_3_to_0,Unanimous,High,0.93,1.9300000000000002,True,502,0.4222035323801514,0.9840637450199203
row0051_KXDEDUCT_46d3ca9a4a2b,KXDEDUCT,Politics,unanimous_3_to_0,Unanimous,High,0.93,1.9300000000000002,True,503,0.42304457527333894,0.9840954274353877
row0603_KXNFLWINS-DAL_12b42c79df4a,KXNFLWINS-DAL,Sports,unanimous_3_to_0,Unanimous,High,0.93,1.9300000000000002,True,504,0.4238856181665265,0.9841269841269841
row0061_KXEWCDOTA2_ce069b81a391,KXEWCDOTA2,Sports,unanimous_3_to_0,Unanimous,High,0.9266666666666667,1.9266666666666667,True,505,0.4247266610597141,0.9841584158415841
row0791_KXSPOTIFY3BILLION_8e1eac60a88b,KXSPOTIFY3BILLION,Entertainment,unanimous_3_to_0,Unanimous,High,0.9266666666666667,1.9266666666666667,True,506,0.4255677039529016,0.9841897233201581
row0009_KXAVENGERSDELAY_f13c93a46055,KXAVENGERSDELAY,Entertainment,unanimous_3_to_0,Unanimous,High,0.9266666666666667,1.9266666666666667,True,507,0.42640874684608915,0.9842209072978304
row0579_KXNFLWINS-SEA_0fd83ab12d75,KXNFLWINS-SEA,Sports,unanimous_3_to_0,Unanimous,High,0.9266666666666667,1.9266666666666667,True,508,0.4272497897392767,0.984251968503937
row0876_KXBESTACTORTONYAWARDS_2e2dabe5748a,KXBESTACTORTONYAWARDS,Entertainment,unanimous_3_to_0,Unanimous,High,0.9266666666666667,1.9266666666666667,True,509,0.4280908326324643,0.9842829076620825
row0069_KXFLIGHTJFK_dad62952dba6,KXFLIGHTJFK,World,unanimous_3_to_0,Unanimous,High,0.9266666666666667,1.9266666666666667,False,510,0.4289318755256518,0.9823529411764705
row0040_KXNFLWINS-SF_93a11a0d65db,KXNFLWINS-SF,Sports,unanimous_3_to_0,Unanimous,High,0.9233333333333333,1.9233333333333333,True,511,0.42977291841883936,0.9823874755381604
row0524_KXPVVSEATS_c0ff7babbd72,KXPVVSEATS,Elections,unanimous_3_to_0,Unanimous,High,0.9233333333333333,1.9233333333333333,True,512,0.4306139613120269,0.982421875
row0574_KXNFLWINS-WAS_dc103c4fde11,KXNFLWINS-WAS,Sports,unanimous_3_to_0,Unanimous,High,0.9233333333333333,1.9233333333333333,True,513,0.4314550042052145,0.9824561403508771
row0057_KXMUSKRECONCILIATION_ffbc5613d5ca,KXMUSKRECONCILIATION,World,unanimous_3_to_0,Unanimous,High,0.9233333333333333,1.9233333333333333,True,514,0.432296047098402,0.9824902723735408
row0586_KXNFLWINS-MIN_1a4b89490802,KXNFLWINS-MIN,Sports,unanimous_3_to_0,Unanimous,High,0.9233333333333333,1.9233333333333333,True,515,0.43313708999158956,0.9825242718446602
row0589_KXNFLWINS-MIA_66a8b9b55f32,KXNFLWINS-MIA,Sports,unanimous_3_to_0,Unanimous,High,0.9233333333333333,1.9233333333333333,True,516,0.4339781328847771,0.9825581395348837
row0591_KXNFLWINS-LAC_d33654c14b32,KXNFLWINS-LAC,Sports,unanimous_3_to_0,Unanimous,High,0.9233333333333333,1.9233333333333333,True,517,0.4348191757779647,0.9825918762088974
row0592_KXNFLWINS-LAC_a6e6e6132f31,KXNFLWINS-LAC,Sports,unanimous_3_to_0,Unanimous,High,0.9233333333333333,1.9233333333333333,True,518,0.43566021867115223,0.9826254826254827
row0038_KXIPOSPACEX_401370a9ab13,KXIPOSPACEX,Economics,unanimous_3_to_0,Unanimous,High,0.9233333333333333,1.9233333333333333,True,519,0.43650126156433977,0.9826589595375722
row0606_KXNFLWINS-CIN_7a1974647a3c,KXNFLWINS-CIN,Sports,unanimous_3_to_0,Unanimous,High,0.9233333333333333,1.9233333333333333,True,520,0.4373423044575273,0.9826923076923076
row0607_KXNFLWINS-CHI_2eae9dbb3404,KXNFLWINS-CHI,Sports,unanimous_3_to_0,Unanimous,High,0.9233333333333333,1.9233333333333333,True,521,0.4381833473507149,0.982725527831094
row0001_KXNFLWINS-NYG_e0fe9efe31eb,KXNFLWINS-NYG,Sports,unanimous_3_to_0,Unanimous,High,0.9233333333333333,1.9233333333333333,True,522,0.43902439024390244,0.9827586206896551
row0610_KXNFLWINS-BAL_b9992efe16f1,KXNFLWINS-BAL,Sports,unanimous_3_to_0,Unanimous,High,0.9233333333333333,1.9233333333333333,True,523,0.43986543313709,0.982791586998088
row0595_KXNFLWINS-IND_a4acf8f224e9,KXNFLWINS-IND,Sports,unanimous_3_to_0,Unanimous,High,0.9233333333333333,1.9233333333333333,True,524,0.44070647603027757,0.982824427480916
row1162_KXSCOTUSMENTION_e8cce998cbdb,KXSCOTUSMENTION,Mentions,unanimous_3_to_0,Unanimous,High,0.9233333333333333,1.9233333333333333,True,525,0.4415475189234651,0.9828571428571429
row0453_KXNEXTPOPE_a164547a3f6b,KXNEXTPOPE,World,unanimous_3_to_0,Unanimous,High,0.9233333333333333,1.9233333333333333,True,526,0.44238856181665265,0.9828897338403042
row0042_KXNFLWINS-NYJ_d9dd5d8e0192,KXNFLWINS-NYJ,Sports,unanimous_3_to_0,Unanimous,High,0.9233333333333333,1.9233333333333333,True,527,0.4432296047098402,0.9829222011385199
row0493_KXRECCOST_21bd1f6677b5,KXRECCOST,Politics,unanimous_3_to_0,Unanimous,High,0.9233333333333333,1.9233333333333333,True,528,0.4440706476030278,0.9829545454545454
row0682_KXRECNCHVOTE_ea662168d955,KXRECNCHVOTE,Politics,unanimous_3_to_0,Unanimous,High,0.9166666666666666,1.9166666666666665,True,529,0.4449116904962153,0.9829867674858223
row0559_KXEARNINGSMENTIONCELH_d25e1287e1be,KXEARNINGSMENTIONCELH,Companies,unanimous_3_to_0,Unanimous,High,0.9166666666666666,1.9166666666666665,True,530,0.44575273338940286,0.9830188679245283
row1034_KXTOP10BILLBOARDSPOTSTS_745f1fdace44,KXTOP10BILLBOARDSPOTSTS,Entertainment,unanimous_3_to_0,Unanimous,High,0.9166666666666666,1.9166666666666665,True,531,0.4465937762825904,0.9830508474576272
row0643_KXVOTERECNCS_326fd9364fdd,KXVOTERECNCS,Politics,unanimous_3_to_0,Unanimous,High,0.9166666666666666,1.9166666666666665,True,532,0.447434819175778,0.9830827067669173
row1135_KXHEGSETHMENTION_faf116fc3485,KXHEGSETHMENTION,Mentions,unanimous_3_to_0,Unanimous,High,0.9166666666666666,1.9166666666666665,False,533,0.4482758620689655,0.9812382739212008
row0516_KXVOTESHUTDOWNS_75f05b6e6a70,KXVOTESHUTDOWNS,Politics,unanimous_3_to_0,Unanimous,High,0.9166666666666666,1.9166666666666665,True,534,0.44911690496215306,0.9812734082397003
row0049_KXRECNCSVOTE_03453756ee7a,KXRECNCSVOTE,Politics,unanimous_3_to_0,Unanimous,High,0.9166666666666666,1.9166666666666665,True,535,0.4499579478553406,0.9813084112149533
row0548_KXPORTERDROPOUT_77d182e6a10e,KXPORTERDROPOUT,Politics,unanimous_3_to_0,Unanimous,High,0.9166666666666666,1.9166666666666665,True,536,0.4507989907485282,0.9813432835820896
row0638_KXXRPMAXY_0058c4e1771a,KXXRPMAXY,Crypto,unanimous_3_to_0,Unanimous,High,0.9166666666666666,1.9166666666666665,True,537,0.45164003364171573,0.9813780260707635
row0875_KXBESTACTRMUS_f34baaec8914,KXBESTACTRMUS,Entertainment,unanimous_3_to_0,Unanimous,High,0.9166666666666666,1.9166666666666665,True,538,0.45248107653490327,0.9814126394052045
row0593_KXNFLWINS-LA_c68deab9b684,KXNFLWINS-LA,Sports,unanimous_3_to_0,Unanimous,High,0.9166666666666666,1.9166666666666665,True,539,0.4533221194280908,0.9814471243042672
row1097_KXIEMCHEN_785cdfc1b9df,KXIEMCHEN,Sports,unanimous_3_to_0,Unanimous,High,0.9166666666666666,1.9166666666666665,True,540,0.4541631623212784,0.9814814814814815
row0059_KXSURGEON_e105be3382a9,KXSURGEON,Politics,unanimous_3_to_0,Unanimous,High,0.9166666666666666,1.9166666666666665,True,541,0.45500420521446594,0.9815157116451017
row0777_KXWLEADER_3ce16bfda472,KXWLEADER,Politics,unanimous_3_to_0,Unanimous,High,0.9166666666666666,1.9166666666666665,True,542,0.4558452481076535,0.981549815498155
row0788_KXSPOTIFYALBUMRELEASE_a0eb553f5328,KXSPOTIFYALBUMRELEASE,Entertainment,unanimous_3_to_0,Unanimous,High,0.9166666666666666,1.9166666666666665,True,543,0.456686291000841,0.9815837937384899
row0097_KXVSFANTASYBRA_54d02810814a,KXVSFANTASYBRA,Social,unanimous_3_to_0,Unanimous,High,0.9166666666666666,1.9166666666666665,True,544,0.4575273338940286,0.9816176470588235
row0010_KXVSFANTASYBRA_b2cd68776f03,KXVSFANTASYBRA,Social,unanimous_3_to_0,Unanimous,High,0.9166666666666666,1.9166666666666665,True,545,0.45836837678721615,0.981651376146789
row0752_KXCOYOTEACME_77f678025668,KXCOYOTEACME,Entertainment,unanimous_3_to_0,Unanimous,High,0.9166666666666666,1.9166666666666665,True,546,0.4592094196804037,0.9816849816849816
row0062_KXNFLWINS-PIT_cd2a8e32843c,KXNFLWINS-PIT,Sports,unanimous_3_to_0,Unanimous,High,0.9166666666666666,1.9166666666666665,True,547,0.4600504625735913,0.9817184643510055
row0956_KXSPOTIFYW_b4864a69ff46,KXSPOTIFYW,Entertainment,unanimous_3_to_0,Unanimous,High,0.9166666666666666,1.9166666666666665,True,548,0.4608915054667788,0.9817518248175182
row0029_KXCOMPTROLLER_c0c916622936,KXCOMPTROLLER,Elections,unanimous_3_to_0,Unanimous,High,0.9166666666666666,1.9166666666666665,True,549,0.46173254835996635,0.9817850637522769
row0758_KXCENAMENTION_83e2f685b997,KXCENAMENTION,Politics,unanimous_3_to_0,Unanimous,High,0.9166666666666666,1.9166666666666665,True,550,0.4625735912531539,0.9818181818181818
row0003_KXWALTZCOUNT_92e6a85b1d3e,KXWALTZCOUNT,Politics,unanimous_3_to_0,Unanimous,High,0.9166666666666666,1.9166666666666665,True,551,0.4634146341463415,0.9818511796733213
row0723_KXJAMAICANHOR_36e0263c0cd3,KXJAMAICANHOR,Elections,unanimous_3_to_0,Unanimous,High,0.91,1.9100000000000001,True,552,0.464255677039529,0.9818840579710145
row0064_KXMASSIEDISCHARGE_b82bdedd8afe,KXMASSIEDISCHARGE,Politics,unanimous_3_to_0,Unanimous,High,0.91,1.9100000000000001,True,553,0.46509671993271656,0.9819168173598554
row0014_KXDEBTSHRINK_53d153791b97,KXDEBTSHRINK,Politics,unanimous_3_to_0,Unanimous,High,0.91,1.9100000000000001,False,554,0.4659377628259041,0.98014440433213
row0720_KXLYRICNEWSWIFT_b5759c17adbd,KXLYRICNEWSWIFT,Entertainment,unanimous_3_to_0,Unanimous,High,0.91,1.9100000000000001,False,555,0.4667788057190917,0.9783783783783784
row0082_KXMEDICAIDCUTS_2ab1eb012fb9,KXMEDICAIDCUTS,Politics,unanimous_3_to_0,Unanimous,High,0.91,1.9100000000000001,True,556,0.46761984861227923,0.9784172661870504
row0089_KXVOTESHUTDOWNH_92687a213e2d,KXVOTESHUTDOWNH,Politics,unanimous_3_to_0,Unanimous,High,0.91,1.9100000000000001,True,557,0.46846089150546677,0.9784560143626571
row0805_KXPERFORMVMA_1c021be5de49,KXPERFORMVMA,Entertainment,unanimous_3_to_0,Unanimous,High,0.91,1.9100000000000001,True,558,0.4693019343986543,0.978494623655914
row0858_KXDISTANCE3IATLAS_128a03a39f11,KXDISTANCE3IATLAS,Science and Technology,unanimous_3_to_0,Unanimous,High,0.91,1.9100000000000001,True,559,0.4701429772918419,0.9785330948121646
row1188_KXNFLTRADE_c7e190c56dcc,KXNFLTRADE,Sports,unanimous_3_to_0,Unanimous,High,0.91,1.9100000000000001,True,560,0.47098402018502944,0.9785714285714285
row0551_KXLEAVEPOWELL_bb84ca3ea98b,KXLEAVEPOWELL,Politics,unanimous_3_to_0,Unanimous,High,0.91,1.9100000000000001,True,561,0.471825063078217,0.9786096256684492
row0550_KXLEAVEPOWELL_5394a5ad613a,KXLEAVEPOWELL,Politics,unanimous_3_to_0,Unanimous,High,0.91,1.9100000000000001,True,562,0.4726661059714045,0.9786476868327402
row0960_KXSPOTIFYALBUMW_9df9d9f9b8ad,KXSPOTIFYALBUMW,Entertainment,unanimous_3_to_0,Unanimous,High,0.91,1.9100000000000001,True,563,0.4735071488645921,0.9786856127886323
row0871_KXBESTREVIVAL_4999cfc15ba9,KXBESTREVIVAL,Entertainment,unanimous_3_to_0,Unanimous,Low,0.9066666666666666,1.9066666666666667,True,564,0.47434819175777965,0.9787234042553191
row0055_KXMLSGAME_5657f31ee98e,KXMLSGAME,Sports,unanimous_3_to_0,Unanimous,Low,0.9066666666666666,1.9066666666666667,True,565,0.4751892346509672,0.9787610619469026
row0003_KXPERFORMVMA_2e45a13ad336,KXPERFORMVMA,Entertainment,unanimous_3_to_0,Unanimous,Low,0.9066666666666666,1.9066666666666667,True,566,0.4760302775441548,0.9787985865724381
row0594_KXNFLWINS-KC_372f3ffeae97,KXNFLWINS-KC,Sports,unanimous_3_to_0,Unanimous,Low,0.9066666666666666,1.9066666666666667,True,567,0.4768713204373423,0.9788359788359788
row0947_KXHURCAT_6823c8fd4214,KXHURCAT,Climate and Weather,unanimous_3_to_0,Unanimous,Low,0.9066666666666666,1.9066666666666667,True,568,0.47771236333052985,0.9788732394366197
row1057_KXMELANIAMENTION_644658bfed4f,KXMELANIAMENTION,Mentions,unanimous_3_to_0,Unanimous,Low,0.9033333333333333,1.9033333333333333,True,569,0.4785534062237174,0.9789103690685413
row0892_KXTOPSONGRECORDLUTHER_c3a2a05da99a,KXTOPSONGRECORDLUTHER,Entertainment,unanimous_3_to_0,Unanimous,Low,0.9,1.9,True,570,0.479394449116905,0.9789473684210527
row0596_KXNFLWINS-HOU_42a53d8c74cb,KXNFLWINS-HOU,Sports,unanimous_3_to_0,Unanimous,Low,0.8999999999999999,1.9,True,571,0.4802354920100925,0.978984238178634
row1138_KXFEDGOVMENTION_cb4f31a9f113,KXFEDGOVMENTION,Mentions,unanimous_3_to_0,Unanimous,Low,0.9,1.9,True,572,0.48107653490328006,0.9790209790209791
row0002_KXREMITTANCERATE_b00e224ce969,KXREMITTANCERATE,Politics,unanimous_3_to_0,Unanimous,Low,0.9,1.9,True,573,0.4819175777964676,0.9790575916230366
row0487_KXUNAMB_7ac7bb0e1b44,KXUNAMB,Politics,unanimous_3_to_0,Unanimous,Low,0.9,1.9,True,574,0.4827586206896552,0.9790940766550522
row0740_KXENGAGEMENTSWIFTKELCE_1dd03df867c6,KXENGAGEMENTSWIFTKELCE,Entertainment,unanimous_3_to_0,Unanimous,Low,0.9,1.9,False,575,0.48359966358284273,0.9773913043478261
row0084_KXIRELANDPRES_91a83055d1e7,KXIRELANDPRES,Politics,unanimous_3_to_0,Unanimous,Low,0.9,1.9,True,576,0.48444070647603027,0.9774305555555556
row0637_KXXRPMAXY_893d7718d1c1,KXXRPMAXY,Crypto,unanimous_3_to_0,Unanimous,Low,0.9,1.9,True,577,0.4852817493692178,0.9774696707105719
row0091_KXEARNINGSMENTIONRKLB_29440129226b,KXEARNINGSMENTIONRKLB,Companies,unanimous_3_to_0,Unanimous,Low,0.9,1.9,False,578,0.4861227922624054,0.9757785467128027
row0837_KXMARIOKART9_e92272e21dd8,KXMARIOKART9,Entertainment,unanimous_3_to_0,Unanimous,Low,0.9,1.9,True,579,0.48696383515559294,0.9758203799654577
row0878_KXBESTACRESSTONYS_7a1356b4e280,KXBESTACRESSTONYS,Entertainment,unanimous_3_to_0,Unanimous,Low,0.9,1.9,True,580,0.4878048780487805,0.9758620689655172
row1056_KXMELANIAMENTION_13756045eec6,KXMELANIAMENTION,Mentions,unanimous_3_to_0,Unanimous,Low,0.9,1.9,True,581,0.488645920941968,0.9759036144578314
row0069_KXNFLWINS-DET_2d6b00ee839d,KXNFLWINS-DET,Sports,unanimous_3_to_0,Unanimous,Low,0.9,1.9,True,582,0.4894869638351556,0.9759450171821306
row0532_KXNOLA1ROUND_631ab47b2bf2,KXNOLA1ROUND,Elections,unanimous_3_to_0,Unanimous,Low,0.8999999999999999,1.9,True,583,0.49032800672834315,0.9759862778730704
row0887_KXAUSCOALITION_3cbf9f955bac,KXAUSCOALITION,Politics,unanimous_3_to_0,Unanimous,Low,0.8999999999999999,1.9,True,584,0.4911690496215307,0.976027397260274
row0776_KXRTWITCHERS4_e1dba37ae70d,KXRTWITCHERS4,Entertainment,unanimous_3_to_0,Unanimous,Low,0.9,1.9,True,585,0.4920100925147183,0.976068376068376
row0860_KXDEFICIT_47e9cf68633f,KXDEFICIT,Politics,unanimous_3_to_0,Unanimous,Low,0.8999999999999999,1.9,True,586,0.4928511354079058,0.9761092150170648
row0685_KXRECBILL_77cae405bc4b,KXRECBILL,Politics,unanimous_3_to_0,Unanimous,Low,0.9,1.9,True,587,0.49369217830109335,0.9761499148211243
row0460_KXGERCOALITION_3dac063690b2,KXGERCOALITION,Politics,unanimous_3_to_0,Unanimous,Low,0.8999999999999999,1.9,True,588,0.4945332211942809,0.9761904761904762
row0826_KXMUSKRECONCILIATION_aba4d13309dd,KXMUSKRECONCILIATION,World,unanimous_3_to_0,Unanimous,Low,0.9,1.9,True,589,0.4953742640874685,0.9762308998302207
row0793_KXSPOTIFY2BILLION_3f249223856e,KXSPOTIFY2BILLION,Entertainment,unanimous_3_to_0,Unanimous,Low,0.9,1.9,True,590,0.496215306980656,0.976271186440678
row0034_KXEARNINGSMENTIONRKLB_d5540880546d,KXEARNINGSMENTIONRKLB,Companies,unanimous_3_to_0,Unanimous,Low,0.9,1.9,True,591,0.49705634987384356,0.9763113367174281
row0046_KXDOGED_a0097d1f7abc,KXDOGED,Crypto,unanimous_3_to_0,Unanimous,Low,0.9,1.9,True,592,0.4978973927670311,0.9763513513513513
row0558_KXEARNINGSMENTIONCELH_71f14f1c7241,KXEARNINGSMENTIONCELH,Companies,unanimous_3_to_0,Unanimous,Low,0.9,1.9,False,593,0.4987384356602187,0.9747048903878583
row0063_KXNFLMENTION_e0718bd15a8b,KXNFLMENTION,Mentions,unanimous_3_to_0,Unanimous,Low,0.9,1.9,True,594,0.49957947855340623,0.9747474747474747
row0765_KXBTCRESERVESTATES_edd10f0ea1e5,KXBTCRESERVESTATES,Politics,unanimous_3_to_0,Unanimous,Low,0.9,1.9,True,595,0.5004205214465938,0.9747899159663865
row0564_KXFEDEMPLOYEES_b6356252d434,KXFEDEMPLOYEES,Politics,unanimous_3_to_0,Unanimous,Low,0.8999999999999999,1.9,True,596,0.5012615643397813,0.9748322147651006
row0567_KXBILATERALMENTION_8893b0d826d9,KXBILATERALMENTION,Politics,unanimous_3_to_0,Unanimous,Low,0.9,1.9,True,597,0.5021026072329688,0.9748743718592965
row1149_KXNADALMENTION_08b230174cf6,KXNADALMENTION,Mentions,unanimous_3_to_0,Unanimous,Low,0.9,1.9,True,598,0.5029436501261564,0.9749163879598662
row1164_KXNYCCOUNCIL8_f3052d602ca8,KXNYCCOUNCIL8,Politics,unanimous_3_to_0,Unanimous,Low,0.8966666666666666,1.8966666666666665,True,599,0.503784693019344,0.9749582637729549
row0451_KXKLARSTRIP_b12145dc019d,KXKLARSTRIP,Financials,unanimous_3_to_0,Unanimous,Low,0.8966666666666666,1.8966666666666665,True,600,0.5046257359125316,0.975
row0611_KXNFLWINS-BAL_fc0597beb9c7,KXNFLWINS-BAL,Sports,unanimous_3_to_0,Unanimous,Low,0.8933333333333334,1.8933333333333335,True,601,0.5054667788057191,0.9750415973377704
row0077_KXJONJONESRETIREMENT_5d7664e9dae9,KXJONJONESRETIREMENT,Sports,unanimous_3_to_0,Unanimous,Low,0.8933333333333334,1.8933333333333335,True,602,0.5063078216989066,0.9750830564784053
row0029_KXEULEADEROUT_d75ee1477e4f,KXEULEADEROUT,Politics,unanimous_3_to_0,Unanimous,Low,0.8933333333333334,1.8933333333333335,True,603,0.5071488645920942,0.9751243781094527
row0481_KXSNAPCUTS_3485b10e7300,KXSNAPCUTS,Politics,unanimous_3_to_0,Unanimous,Low,0.8933333333333332,1.893333333333333,True,604,0.5079899074852817,0.9751655629139073
row0021_KXAWARDSCOUNTWHI_4216dccbf1d9,KXAWARDSCOUNTWHI,Entertainment,unanimous_3_to_0,Unanimous,Low,0.89,1.8900000000000001,True,605,0.5088309503784693,0.9752066115702479
row0006_KXRTWITCHERS4_50033ab8a82e,KXRTWITCHERS4,Entertainment,unanimous_3_to_0,Unanimous,Low,0.89,1.8900000000000001,True,606,0.5096719932716569,0.9752475247524752
row0986_KXDOGE_7babaaa59979,KXDOGE,Crypto,unanimous_3_to_0,Unanimous,Low,0.89,1.8900000000000001,True,607,0.5105130361648444,0.9752883031301482
row0010_KXETHD_268c741ddcd8,KXETHD,Crypto,unanimous_3_to_0,Unanimous,Low,0.89,1.8900000000000001,True,608,0.511354079058032,0.975328947368421
row0079_KXMIRAGE_6850e11055f3,KXMIRAGE,Entertainment,unanimous_3_to_0,Unanimous,Low,0.89,1.8900000000000001,True,609,0.5121951219512195,0.9753694581280788
row0818_KXNEWTAYLORAMAS_fc35ec06408c,KXNEWTAYLORAMAS,Entertainment,unanimous_3_to_0,Unanimous,Low,0.89,1.8900000000000001,True,610,0.5130361648444071,0.9754098360655737
row0065_KXAIRDROPPUMPFUN_340bc2f37aff,KXAIRDROPPUMPFUN,Crypto,unanimous_3_to_0,Unanimous,Low,0.89,1.8900000000000001,True,611,0.5138772077375946,0.9754500818330606
row0525_KXNLDTHIRD_ef4f976aaf36,KXNLDTHIRD,Elections,unanimous_3_to_0,Unanimous,Low,0.89,1.8900000000000001,True,612,0.5147182506307821,0.9754901960784313
row0018_KXTAYLORSWIFT_4e984ee6c270,KXTAYLORSWIFT,Entertainment,unanimous_3_to_0,Unanimous,Low,0.89,1.8900000000000001,False,613,0.5155592935239697,0.9738988580750407
row0570_GOVPARTYNJ_bcb2a4a29363,GOVPARTYNJ,Politics,unanimous_3_to_0,Unanimous,Low,0.89,1.8900000000000001,True,614,0.5164003364171573,0.9739413680781759
row0052_KXSNAPDELAY_2d2d8d235aba,KXSNAPDELAY,Politics,unanimous_3_to_0,Unanimous,Low,0.89,1.8900000000000001,True,615,0.5172413793103449,0.9739837398373984
row0028_KXDIDDYTRIALATTEND_d577060c94ca,KXDIDDYTRIALATTEND,Entertainment,unanimous_3_to_0,Unanimous,Low,0.89,1.8900000000000001,True,616,0.5180824222035324,0.974025974025974
row1168_KXCUOMOMENTION_9ca7c83aa5c2,KXCUOMOMENTION,Mentions,unanimous_3_to_0,Unanimous,Low,0.89,1.8900000000000001,False,617,0.5189234650967199,0.9724473257698542
row1165_KXNYCCOUNCIL8_a7be08d535a8,KXNYCCOUNCIL8,Politics,unanimous_3_to_0,Unanimous,Low,0.89,1.8900000000000001,True,618,0.5197645079899075,0.9724919093851133
row0864_KXCANRESIGNPARTY_adba6e67069e,KXCANRESIGNPARTY,Politics,unanimous_3_to_0,Unanimous,Low,0.89,1.8900000000000001,True,619,0.520605550883095,0.9725363489499192
row0045_KXCUOMOMENTION_eab97bcca10f,KXCUOMOMENTION,Mentions,unanimous_3_to_0,Unanimous,Low,0.89,1.8900000000000001,True,620,0.5214465937762826,0.9725806451612903
row0100_KXSWIFTMENTION_7bc9a506085e,KXSWIFTMENTION,Politics,unanimous_3_to_0,Unanimous,Low,0.89,1.8900000000000001,False,621,0.5222876366694701,0.9710144927536232
row0024_KXTRUMPNOMMAX_db128e345c46,KXTRUMPNOMMAX,Politics,unanimous_3_to_0,Unanimous,Low,0.89,1.8900000000000001,True,622,0.5231286795626577,0.9710610932475884
row0006_KXAWARDSCOUNTSEV_aa4a59f8d141,KXAWARDSCOUNTSEV,Entertainment,unanimous_3_to_0,Unanimous,Low,0.8866666666666667,1.8866666666666667,True,623,0.5239697224558453,0.971107544141252
row0075_KXTOPSONGRECORDMANCHILD_0c8983c93017,KXTOPSONGRECORDMANCHILD,Entertainment,unanimous_3_to_0,Unanimous,Low,0.8833333333333333,1.8833333333333333,True,624,0.5248107653490328,0.9711538461538461
row0654_KXTRUMPATTEND_7ad6b2bff9f7,KXTRUMPATTEND,Entertainment,unanimous_3_to_0,Unanimous,Low,0.8833333333333333,1.8833333333333333,True,625,0.5256518082422204,0.9712
row0004_KXIPOOPENAI_e66f0b76e985,KXIPOOPENAI,Economics,unanimous_3_to_0,Unanimous,Low,0.8833333333333333,1.8833333333333333,True,626,0.5264928511354079,0.9712460063897763
row0027_KXAPCALLNJGOV_336ebc8d84ac,KXAPCALLNJGOV,Elections,unanimous_3_to_0,Unanimous,Low,0.8833333333333333,1.8833333333333333,False,627,0.5273338940285954,0.9696969696969697
row0038_KXNGUARDCITY_f3103189b2ef,KXNGUARDCITY,Politics,unanimous_3_to_0,Unanimous,Low,0.8833333333333333,1.8833333333333333,True,628,0.528174936921783,0.9697452229299363
row0079_KXTRUMPNOMMAX_6ec7c4b2a3a3,KXTRUMPNOMMAX,Politics,unanimous_3_to_0,Unanimous,Low,0.8833333333333333,1.8833333333333333,True,629,0.5290159798149706,0.9697933227344993
row0096_KXMRBEAST100M_efcd78a47696,KXMRBEAST100M,Entertainment,unanimous_3_to_0,Unanimous,Low,0.8833333333333333,1.8833333333333333,True,630,0.5298570227081582,0.9698412698412698
row0686_KXQUORUMTX_4cbc4c79e05a,KXQUORUMTX,Politics,unanimous_3_to_0,Unanimous,Low,0.8833333333333333,1.8833333333333333,False,631,0.5306980656013457,0.9683042789223455
row0098_KXBESTACTORMUS_ff0dfd5c3328,KXBESTACTORMUS,Entertainment,unanimous_3_to_0,Unanimous,Low,0.8833333333333333,1.8833333333333333,True,632,0.5315391084945332,0.9683544303797469
row0090_KXFERTILITYSK_d26148e83a9d,KXFERTILITYSK,World,unanimous_3_to_0,Unanimous,Low,0.8833333333333333,1.8833333333333333,True,633,0.5323801513877208,0.9684044233807267
row0073_KXAUSSEATSGREENS_b21fac28af1a,KXAUSSEATSGREENS,Politics,unanimous_3_to_0,Unanimous,Low,0.8833333333333333,1.8833333333333333,True,634,0.5332211942809083,0.9684542586750788
row0454_KXLALEADEROUT_7fcaa7a4bd84,KXLALEADEROUT,Politics,unanimous_3_to_0,Unanimous,Low,0.8833333333333333,1.8833333333333333,True,635,0.5340622371740958,0.968503937007874
row1134_KXHEGSETHMENTION_323578ad6653,KXHEGSETHMENTION,Mentions,unanimous_3_to_0,Unanimous,Low,0.8833333333333333,1.8833333333333333,False,636,0.5349032800672834,0.9669811320754716
row0753_KXCOACHOUTNBA_d87ccb8f6730,KXCOACHOUTNBA,Sports,unanimous_3_to_0,Unanimous,Low,0.8833333333333333,1.8833333333333333,False,637,0.535744322960471,0.9654631083202512
row0477_KXIPOOPENAI_7ece0a642678,KXIPOOPENAI,Economics,unanimous_3_to_0,Unanimous,Low,0.8833333333333333,1.8833333333333333,True,638,0.5365853658536586,0.9655172413793104
row0041_KXEURUSD_da042ed9676c,KXEURUSD,Financials,unanimous_3_to_0,Unanimous,Low,0.8833333333333334,1.8833333333333333,True,639,0.5374264087468461,0.9655712050078247
row0849_KXFOOTBALL1001_0000921a7596,KXFOOTBALL1001,World,unanimous_3_to_0,Unanimous,Low,0.8833333333333333,1.8833333333333333,True,640,0.5382674516400336,0.965625
row1077_KXNETFLIXRANKSHOW_f4d997a37fc9,KXNETFLIXRANKSHOW,Entertainment,unanimous_3_to_0,Unanimous,Low,0.8833333333333333,1.8833333333333333,True,641,0.5391084945332212,0.9656786271450858
row0056_KXEARNINGSMENTIONDIS_7632c4d14b6d,KXEARNINGSMENTIONDIS,Companies,unanimous_3_to_0,Unanimous,Low,0.8833333333333333,1.8833333333333333,True,642,0.5399495374264087,0.9657320872274143
row0065_KXGROENSEATS_74ff67181714,KXGROENSEATS,Elections,unanimous_3_to_0,Unanimous,Low,0.88,1.88,True,643,0.5407905803195963,0.9657853810264385
row0034_KXATPFINALS_afc01936ef44,KXATPFINALS,Sports,unanimous_3_to_0,Unanimous,Low,0.8766666666666666,1.8766666666666665,True,644,0.5416316232127838,0.9658385093167702
row0600_KXNFLWINS-DET_18c7cc69588a,KXNFLWINS-DET,Sports,unanimous_3_to_0,Unanimous,Low,0.8766666666666666,1.8766666666666665,True,645,0.5424726661059714,0.9658914728682171
row0862_KXCHARCOUNTLOLWORLDS_9893afab40fd,KXCHARCOUNTLOLWORLDS,Sports,unanimous_3_to_0,Unanimous,Low,0.8733333333333334,1.8733333333333335,True,646,0.543313708999159,0.9659442724458205
row0687_KXQUORUMTX_b1a98c156840,KXQUORUMTX,Politics,unanimous_3_to_0,Unanimous,Low,0.8733333333333334,1.8733333333333335,False,647,0.5441547518923465,0.964451313755796
row0022_KXMRBEAST50M_946fe3e605aa,KXMRBEAST50M,Entertainment,unanimous_3_to_0,Unanimous,Low,0.8733333333333334,1.8733333333333335,True,648,0.5449957947855341,0.9645061728395061
row0027_KXETH_559033c226b3,KXETH,Crypto,unanimous_3_to_0,Unanimous,Low,0.8733333333333334,1.8733333333333335,True,649,0.5458368376787216,0.9645608628659477
row0553_KXLARGETARIFF_cfdac1b0c074,KXLARGETARIFF,Politics,unanimous_3_to_0,Unanimous,Low,0.8733333333333334,1.8733333333333335,True,650,0.5466778805719091,0.9646153846153847
row0010_KXUSAMBUNFOODAGRI_b739eb9d2e88,KXUSAMBUNFOODAGRI,Politics,unanimous_3_to_0,Unanimous,Low,0.8733333333333334,1.8733333333333335,False,651,0.5475189234650967,0.9631336405529954
row0581_KXNFLWINS-PHI_708363db3fcd,KXNFLWINS-PHI,Sports,unanimous_3_to_0,Unanimous,Low,0.8733333333333334,1.8733333333333335,True,652,0.5483599663582843,0.9631901840490797
row0021_KXTNFMENTION_14dea2112475,KXTNFMENTION,Mentions,unanimous_3_to_0,Unanimous,Low,0.8733333333333334,1.8733333333333335,True,653,0.5492010092514719,0.9632465543644717
row1066_KXTRUMPMENTIONB_639d75a8b25a,KXTRUMPMENTIONB,Mentions,unanimous_3_to_0,Unanimous,Low,0.8733333333333334,1.8733333333333335,True,654,0.5500420521446594,0.963302752293578
row0057_KXSPOTIFYGLOBALD_5d1b73390828,KXSPOTIFYGLOBALD,Entertainment,unanimous_3_to_0,Unanimous,Low,0.8700000000000001,1.87,False,655,0.5508830950378469,0.9618320610687023
row0961_KXSPOTIFYALBUMW_4e3200e439b1,KXSPOTIFYALBUMW,Entertainment,unanimous_3_to_0,Unanimous,Low,0.87,1.87,True,656,0.5517241379310345,0.961890243902439
row1051_KXEURUSDH_1222a767a11e,KXEURUSDH,Financials,unanimous_3_to_0,Unanimous,Low,0.8700000000000001,1.87,True,657,0.552565180824222,0.9619482496194824
row0088_KXSPOTIFYALBUMRELEASEDATEKANYE_097775d445b6,KXSPOTIFYALBUMRELEASEDATEKANYE,Entertainment,unanimous_3_to_0,Unanimous,Low,0.8666666666666667,1.8666666666666667,True,658,0.5534062237174096,0.9620060790273556
row0863_KXCANRESIGNPARTY_e5613456044f,KXCANRESIGNPARTY,Politics,unanimous_3_to_0,Unanimous,Low,0.8666666666666667,1.8666666666666667,True,659,0.5542472666105971,0.9620637329286799
row0820_KXNEWPOPEROUNDS_899b4f359e10,KXNEWPOPEROUNDS,World,unanimous_3_to_0,Unanimous,Low,0.8666666666666667,1.8666666666666667,True,660,0.5550883095037847,0.9621212121212122
row0030_KXDCUSATTORNEY_1a6e6d83f6a6,KXDCUSATTORNEY,Politics,unanimous_3_to_0,Unanimous,Low,0.8666666666666667,1.8666666666666667,True,661,0.5559293523969723,0.962178517397882
row0543_KXNORWAYLABOUR_0c7b25742b1f,KXNORWAYLABOUR,Elections,unanimous_3_to_0,Unanimous,Low,0.8666666666666667,1.8666666666666667,True,662,0.5567703952901598,0.9622356495468278
row0046_KXGOLDENBACHELOR_ce2aa7807115,KXGOLDENBACHELOR,Entertainment,unanimous_3_to_0,Unanimous,Low,0.8666666666666667,1.8666666666666667,True,663,0.5576114381833474,0.9622926093514329
row0540_KXELECTIONMOVAZ7S_88d2fcf0764e,KXELECTIONMOVAZ7S,Elections,unanimous_3_to_0,Unanimous,Low,0.8666666666666666,1.8666666666666667,True,664,0.5584524810765349,0.9623493975903614
row0078_KXNYCCOUNCIL1_c9e87b35b1cf,KXNYCCOUNCIL1,Politics,unanimous_3_to_0,Unanimous,Low,0.8666666666666667,1.8666666666666667,True,665,0.5592935239697224,0.9624060150375939
row0757_KXCENAMENTION_4d84a91c419d,KXCENAMENTION,Politics,unanimous_3_to_0,Unanimous,Low,0.8666666666666667,1.8666666666666667,True,666,0.56013456686291,0.9624624624624625
row0452_KXNEXTPOPE_01f8fed5f528,KXNEXTPOPE,World,unanimous_3_to_0,Unanimous,Low,0.8666666666666667,1.8666666666666667,True,667,0.5609756097560976,0.9625187406296851
row1117_KXEPLBTTS_caa600d5a772,KXEPLBTTS,Sports,unanimous_3_to_0,Unanimous,Low,0.8666666666666667,1.8666666666666667,True,668,0.5618166526492852,0.9625748502994012
row0094_KXBILLS_1f3b840a187f,KXBILLS,Politics,unanimous_3_to_0,Unanimous,Low,0.8666666666666667,1.8666666666666667,False,669,0.5626576955424727,0.9611360239162929
row0092_KXEARNINGSMENTIONAMD_d46ac6c98e51,KXEARNINGSMENTIONAMD,Companies,unanimous_3_to_0,Unanimous,Low,0.8666666666666667,1.8666666666666667,True,670,0.5634987384356602,0.9611940298507463
row1157_KXCOLBERTMENTION_3f5925f4ae65,KXCOLBERTMENTION,Mentions,unanimous_3_to_0,Unanimous,Low,0.8666666666666667,1.8666666666666667,True,671,0.5643397813288478,0.9612518628912071
row0097_KX60MINMENTION_7c0bf913a017,KX60MINMENTION,Mentions,unanimous_3_to_0,Unanimous,Low,0.8666666666666667,1.8666666666666667,True,672,0.5651808242220353,0.9613095238095238
row0729_KXHULKHOGANATTEND_3b2cda4a3aa4,KXHULKHOGANATTEND,Entertainment,unanimous_3_to_0,Unanimous,Low,0.8666666666666667,1.8666666666666667,True,673,0.5660218671152228,0.9613670133729569
row1059_KXFLIGHTJFK_616e9579d385,KXFLIGHTJFK,World,unanimous_3_to_0,Unanimous,Low,0.8666666666666666,1.8666666666666667,True,674,0.5668629100084104,0.9614243323442137
row0575_KXNFLWINS-TEN_159da4ab21a0,KXNFLWINS-TEN,Sports,unanimous_3_to_0,Unanimous,Low,0.8666666666666666,1.8666666666666667,True,675,0.567703952901598,0.9614814814814815
row0736_KXFEATURETYLERTHECREATOR_a4494bd63260,KXFEATURETYLERTHECREATOR,Entertainment,unanimous_3_to_0,Unanimous,Low,0.8666666666666667,1.8666666666666667,True,676,0.5685449957947856,0.9615384615384616
row0038_KXDWTSELIMINATION_f2eb02474733,KXDWTSELIMINATION,Entertainment,unanimous_3_to_0,Unanimous,Low,0.8666666666666666,1.8666666666666667,True,677,0.5693860386879731,0.9615952732644018
row0817_KXNEWTAYLORAMAS_7351fd1c029c,KXNEWTAYLORAMAS,Entertainment,unanimous_3_to_0,Unanimous,Low,0.8666666666666667,1.8666666666666667,True,678,0.5702270815811606,0.9616519174041298
row0074_KXTOPSONGRECORDGOLDEN_bc90b5d0955b,KXTOPSONGRECORDGOLDEN,Entertainment,unanimous_3_to_0,Unanimous,Low,0.8666666666666667,1.8666666666666667,True,679,0.5710681244743482,0.9617083946980854
row0509_KXSECPRESSMENTION_5480f137f894,KXSECPRESSMENTION,Politics,unanimous_3_to_0,Unanimous,Low,0.8666666666666667,1.8666666666666667,True,680,0.5719091673675357,0.961764705882353
row0561_KXEARNINGSMENTIONCAVA_1eb23f067835,KXEARNINGSMENTIONCAVA,Companies,unanimous_3_to_0,Unanimous,Low,0.8666666666666667,1.8666666666666667,False,681,0.5727502102607233,0.960352422907489
row0560_KXEARNINGSMENTIONCAVA_7dba742c6888,KXEARNINGSMENTIONCAVA,Companies,unanimous_3_to_0,Unanimous,Low,0.8666666666666667,1.8666666666666667,False,682,0.5735912531539108,0.9589442815249267
row0085_KXNEXTCOINRH_6a68be901850,KXNEXTCOINRH,Crypto,unanimous_3_to_0,Unanimous,Low,0.8666666666666667,1.8666666666666667,True,683,0.5744322960470984,0.95900439238653
row1144_KXZIWEMENTION_1f0e3e87aa74,KXZIWEMENTION,Mentions,unanimous_3_to_0,Unanimous,Low,0.8666666666666667,1.8666666666666667,True,684,0.575273338940286,0.9590643274853801
row0013_KXNFLWINS-LA_0b128996b4ab,KXNFLWINS-LA,Sports,unanimous_3_to_0,Unanimous,Low,0.8633333333333333,1.8633333333333333,True,685,0.5761143818334735,0.9591240875912409
row0096_KXEURUSDH_fea347316b25,KXEURUSDH,Financials,unanimous_3_to_0,Unanimous,Low,0.8566666666666668,1.856666666666667,True,686,0.5769554247266611,0.9591836734693877
row0002_KXEARNINGSMENTIONSNAP_8c2d4801142d,KXEARNINGSMENTIONSNAP,Companies,unanimous_3_to_0,Unanimous,Low,0.8566666666666668,1.856666666666667,True,687,0.5777964676198486,0.9592430858806404
row0008_KXBTCD_1d750cb20622,KXBTCD,Crypto,unanimous_3_to_0,Unanimous,Low,0.8566666666666668,1.856666666666667,True,688,0.5786375105130361,0.9593023255813954
row0085_KXNFLMENTION_5b114af005cd,KXNFLMENTION,Mentions,unanimous_3_to_0,Unanimous,Low,0.8566666666666666,1.8566666666666665,True,689,0.5794785534062237,0.9593613933236574
row0789_KXSPOTIFY4BILLION_8ac82d3f885c,KXSPOTIFY4BILLION,Entertainment,unanimous_3_to_0,Unanimous,Low,0.8566666666666666,1.8566666666666665,True,690,0.5803195962994113,0.9594202898550724
row0093_KXSAUDIPLGAME_2a7b6462939b,KXSAUDIPLGAME,Sports,unanimous_3_to_0,Unanimous,Low,0.8566666666666666,1.8566666666666665,True,691,0.5811606391925989,0.959479015918958
row0022_KXEUROVISIONTELEV_0c8b8d69bc5d,KXEUROVISIONTELEV,Entertainment,unanimous_3_to_0,Unanimous,Low,0.85,1.85,True,692,0.5820016820857864,0.9595375722543352
row0013_KXEARNINGSMENTIONPYPL_7157061ff045,KXEARNINGSMENTIONPYPL,Companies,unanimous_3_to_0,Unanimous,Low,0.85,1.85,False,693,0.5828427249789739,0.9581529581529582
row0962_KXWORLDSMVP_669685be1094,KXWORLDSMVP,Sports,unanimous_3_to_0,Unanimous,Low,0.85,1.85,True,694,0.5836837678721615,0.9582132564841499
row0024_KXNEXTCOACHOUTNBA_c7025ea50b2c,KXNEXTCOACHOUTNBA,Sports,unanimous_3_to_0,Unanimous,Low,0.85,1.85,True,695,0.584524810765349,0.958273381294964
row0760_KXCALCOLLEGEFUNDPULL_7b0dda4e644e,KXCALCOLLEGEFUNDPULL,World,unanimous_3_to_0,Unanimous,Low,0.85,1.85,True,696,0.5853658536585366,0.9583333333333334
row0009_KXSHIBAD_d4c79cb87afd,KXSHIBAD,Crypto,unanimous_3_to_0,Unanimous,Low,0.85,1.85,True,697,0.5862068965517241,0.9583931133428981
row0705_KXNEXTJPNPM_2245bd18c4ba,KXNEXTJPNPM,Politics,unanimous_3_to_0,Unanimous,Low,0.85,1.85,True,698,0.5870479394449117,0.9584527220630372
row0044_KXFEATURETYLERTHECREATOR_4d7a7cbfb56d,KXFEATURETYLERTHECREATOR,Entertainment,unanimous_3_to_0,Unanimous,Low,0.85,1.85,True,699,0.5878889823380993,0.9585121602288984
row1055_KXTNFMENTION_a7ffb2d4e7c6,KXTNFMENTION,Mentions,unanimous_3_to_0,Unanimous,Low,0.85,1.85,False,700,0.5887300252312868,0.9571428571428572
row0953_KXSPOTIFYD_e2f2351f44a5,KXSPOTIFYD,Entertainment,unanimous_3_to_0,Unanimous,Low,0.85,1.85,True,701,0.5895710681244744,0.9572039942938659
row0555_KXEARNINGSMENTIONLYFT_44ec0874f801,KXEARNINGSMENTIONLYFT,Companies,unanimous_3_to_0,Unanimous,Low,0.85,1.85,True,702,0.5904121110176619,0.9572649572649573
row0649_KXTRUMPPARDON_8241649f4eed,KXTRUMPPARDON,Politics,unanimous_3_to_0,Unanimous,Low,0.85,1.85,False,703,0.5912531539108494,0.9559032716927454
row0848_KXFOOTBALL1001_5d972f07b70e,KXFOOTBALL1001,World,unanimous_3_to_0,Unanimous,Low,0.85,1.85,True,704,0.592094196804037,0.9559659090909091
row0627_KXDOGEMAX1_6465f3c74ec2,KXDOGEMAX1,Crypto,unanimous_3_to_0,Unanimous,Low,0.85,1.85,True,705,0.5929352396972245,0.9560283687943263
row1151_KXGRIFFINMENTION_b6fcda08233b,KXGRIFFINMENTION,Mentions,unanimous_3_to_0,Unanimous,Low,0.85,1.85,True,706,0.5937762825904122,0.9560906515580736
row0092_KXROLLINGLOUD_a756f67dbfb2,KXROLLINGLOUD,Entertainment,unanimous_3_to_0,Unanimous,Low,0.85,1.85,True,707,0.5946173254835997,0.9561527581329562
row0461_KXGERCOALITION_d19ac862d735,KXGERCOALITION,Politics,unanimous_3_to_0,Unanimous,Low,0.85,1.85,True,708,0.5954583683767872,0.9562146892655368
row0622_KXLEAVITTMENTIONDURATION_f47c0e683fc3,KXLEAVITTMENTIONDURATION,Mentions,unanimous_3_to_0,Unanimous,Low,0.85,1.85,True,709,0.5962994112699748,0.9562764456981664
row0479_KXIPOBEASTINDUSTRIES_ac751b40a9e0,KXIPOBEASTINDUSTRIES,Economics,unanimous_3_to_0,Unanimous,Low,0.85,1.85,True,710,0.5971404541631623,0.956338028169014
row0578_KXNFLWINS-SF_ec47f307f556,KXNFLWINS-SF,Sports,unanimous_3_to_0,Unanimous,Low,0.85,1.85,True,711,0.5979814970563498,0.9563994374120957
row0881_KXBERNIEMENTION_91e0f364136a,KXBERNIEMENTION,Politics,unanimous_3_to_0,Unanimous,Low,0.85,1.85,False,712,0.5988225399495374,0.9550561797752809
row0048_KX60MINMENTION_52506da0278f,KX60MINMENTION,Mentions,unanimous_3_to_0,Unanimous,Low,0.85,1.85,True,713,0.599663582842725,0.9551192145862553
row0883_KXAZPORNLAW_38f558a9e7c9,KXAZPORNLAW,Politics,unanimous_3_to_0,Unanimous,Low,0.85,1.85,False,714,0.6005046257359126,0.9537815126050421
row0885_KXAUSSEATSLIBNAT_84315c676f04,KXAUSSEATSLIBNAT,Politics,unanimous_3_to_0,Unanimous,Low,0.85,1.85,True,715,0.6013456686291001,0.9538461538461539
row0031_KXNEWAAPLVR_6c63d7592a48,KXNEWAAPLVR,Companies,unanimous_3_to_0,Unanimous,Low,0.85,1.85,False,716,0.6021867115222876,0.952513966480447
row0038_KXCANRESIGNCOUNT_b7605fc387a6,KXCANRESIGNCOUNT,Politics,unanimous_3_to_0,Unanimous,Low,0.85,1.85,True,717,0.6030277544154752,0.9525801952580195
row0087_KXIPODISCORD_5d58b199e0b1,KXIPODISCORD,Economics,unanimous_3_to_0,Unanimous,Low,0.85,1.85,True,718,0.6038687973086627,0.9526462395543176
row0011_KXNFLWINS-NO_f1b4e8abab72,KXNFLWINS-NO,Sports,unanimous_3_to_0,Unanimous,Low,0.8466666666666667,1.8466666666666667,True,719,0.6047098402018503,0.952712100139082
row0842_KXINXHIGH_cd23b5ad2905,KXINXHIGH,Financials,unanimous_3_to_0,Unanimous,Low,0.8433333333333334,1.8433333333333333,True,720,0.6055508830950378,0.9527777777777777
row0598_KXNFLWINS-GB_6e0ae86a4094,KXNFLWINS-GB,Sports,unanimous_3_to_0,Unanimous,Low,0.8433333333333334,1.8433333333333333,True,721,0.6063919259882254,0.9528432732316228
row0972_KXNFLANYTD_99a59e621ea3,KXNFLANYTD,Sports,unanimous_3_to_0,Unanimous,Low,0.8433333333333334,1.8433333333333333,False,722,0.607232968881413,0.9515235457063712
row0528_KXGROENSEATS_0b8ce3e7e150,KXGROENSEATS,Elections,unanimous_3_to_0,Unanimous,Low,0.8433333333333334,1.8433333333333333,True,723,0.6080740117746005,0.9515905947441217
row1054_KXUSDJPY_e6da36c89dc9,KXUSDJPY,Financials,unanimous_3_to_0,Unanimous,Low,0.8433333333333334,1.8433333333333333,True,724,0.6089150546677881,0.9516574585635359
row0975_KXBTCD_1fefafab8c11,KXBTCD,Crypto,unanimous_3_to_0,Unanimous,Low,0.8433333333333334,1.8433333333333333,True,725,0.6097560975609756,0.9517241379310345
row0062_KXCDASEATS_d8db8a3c9a10,KXCDASEATS,Elections,unanimous_3_to_0,Unanimous,Low,0.8433333333333334,1.8433333333333333,True,726,0.6105971404541631,0.9517906336088154
row0821_KXNEWPOPENAME_f2832f6151ce,KXNEWPOPENAME,World,unanimous_3_to_0,Unanimous,Low,0.84,1.8399999999999999,True,727,0.6114381833473507,0.951856946354883
row1068_KXSURVIVORMENTION_2a444d13e811,KXSURVIVORMENTION,Mentions,unanimous_3_to_0,Unanimous,Low,0.84,1.8399999999999999,True,728,0.6122792262405383,0.9519230769230769
row0597_KXNFLWINS-HOU_4f23073cbe90,KXNFLWINS-HOU,Sports,unanimous_3_to_0,Unanimous,Low,0.84,1.8399999999999999,True,729,0.6131202691337259,0.9519890260631001
row0082_KXDUTCHGAIN_ced502d243a2,KXDUTCHGAIN,Elections,unanimous_3_to_0,Unanimous,Low,0.84,1.8399999999999999,True,730,0.6139613120269134,0.952054794520548
row0635_KXAWARDSCOUNTLAS_d6d3d8c24a05,KXAWARDSCOUNTLAS,Entertainment,unanimous_3_to_0,Unanimous,Low,0.84,1.8399999999999999,True,731,0.6148023549201009,0.9521203830369357
row0075_KXEARNINGSMENTIONCRWV_550ad687efe4,KXEARNINGSMENTIONCRWV,Companies,unanimous_3_to_0,Unanimous,Low,0.84,1.8399999999999999,False,732,0.6156433978132885,0.9508196721311475
row1067_KXSURVIVORMENTION_d30453bab39d,KXSURVIVORMENTION,Mentions,unanimous_3_to_0,Unanimous,Low,0.84,1.8399999999999999,True,733,0.616484440706476,0.9508867667121419
row0780_KXTVSHOWSCANCELLED_4b3a710bb053,KXTVSHOWSCANCELLED,Entertainment,unanimous_3_to_0,Unanimous,Low,0.84,1.8399999999999999,False,734,0.6173254835996635,0.9495912806539509
row0573_KXNFLWINS-WAS_ed17a12b2c06,KXNFLWINS-WAS,Sports,unanimous_3_to_0,Unanimous,Low,0.8366666666666666,1.8366666666666664,True,735,0.6181665264928511,0.9496598639455782
row0032_KXEARNINGSMENTIONAMC_07cb842ba6e0,KXEARNINGSMENTIONAMC,Companies,unanimous_3_to_0,Unanimous,Low,0.8333333333333334,1.8333333333333335,False,736,0.6190075693860387,0.9483695652173914
row1123_KXSNLMENTION_cadb6e917697,KXSNLMENTION,Mentions,unanimous_3_to_0,Unanimous,Low,0.8333333333333334,1.8333333333333335,False,737,0.6198486122792263,0.9470827679782904
row0035_KXEARNINGSMENTIONUAL_bb4efe5f7f2b,KXEARNINGSMENTIONUAL,Companies,unanimous_3_to_0,Unanimous,Low,0.8333333333333334,1.8333333333333335,False,738,0.6206896551724138,0.94579945799458
row0949_KXMAMDANIMENTION_cea7c6a91bd4,KXMAMDANIMENTION,Mentions,unanimous_3_to_0,Unanimous,Low,0.8333333333333334,1.8333333333333335,True,739,0.6215306980656014,0.945872801082544
row1035_KXTOP10BILLBOARDSPOTSTS_50e39579e2a9,KXTOP10BILLBOARDSPOTSTS,Entertainment,unanimous_3_to_0,Unanimous,Low,0.8333333333333334,1.8333333333333335,True,740,0.6223717409587889,0.9459459459459459
row0059_KXHIGHCHI_91412d4e6963,KXHIGHCHI,Climate and Weather,unanimous_3_to_0,Unanimous,Low,0.8333333333333334,1.8333333333333335,True,741,0.6232127838519764,0.9460188933873145
row0056_KXOTEWALZ_1f34c7964ab7,KXOTEWALZ,Politics,unanimous_3_to_0,Unanimous,Low,0.8333333333333334,1.8333333333333335,True,742,0.624053826745164,0.9460916442048517
row0873_KXBESTMUSICAL_51c517981c82,KXBESTMUSICAL,Entertainment,unanimous_3_to_0,Unanimous,Low,0.8333333333333334,1.8333333333333335,True,743,0.6248948696383515,0.946164199192463
row0527_KXNLDFOURTH_ba295acb386c,KXNLDFOURTH,Elections,unanimous_3_to_0,Unanimous,Low,0.8333333333333334,1.8333333333333335,True,744,0.6257359125315392,0.946236559139785
row0816_KXNEXTHURDATE_10c39a596011,KXNEXTHURDATE,Climate and Weather,unanimous_3_to_0,Unanimous,Low,0.8333333333333334,1.8333333333333335,True,745,0.6265769554247267,0.9463087248322147
row0485_KXINCOMERATE_742fffcf1868,KXINCOMERATE,Politics,unanimous_3_to_0,Unanimous,Low,0.8333333333333334,1.8333333333333335,True,746,0.6274179983179142,0.9463806970509383
row1053_KXTNOTEW_6381132dd50b,KXTNOTEW,Financials,unanimous_3_to_0,Unanimous,Low,0.8333333333333334,1.8333333333333335,True,747,0.6282590412111018,0.9464524765729585
row1150_KXGRIFFINMENTION_8d81ba9271c4,KXGRIFFINMENTION,Mentions,unanimous_3_to_0,Unanimous,Low,0.8333333333333334,1.8333333333333335,True,748,0.6291000841042893,0.946524064171123
row0030_KXTNOTED_15a9673f2800,KXTNOTED,Financials,unanimous_3_to_0,Unanimous,Low,0.8333333333333334,1.8333333333333335,True,749,0.6299411269974768,0.9465954606141522
row0092_KXMARIOKART9_a1fa0f19a925,KXMARIOKART9,Entertainment,unanimous_3_to_0,Unanimous,Low,0.8333333333333334,1.8333333333333335,True,750,0.6307821698906644,0.9466666666666667
row0644_KXVOTERECNCH_3958936bd8f6,KXVOTERECNCH,Politics,unanimous_3_to_0,Unanimous,Low,0.8333333333333334,1.8333333333333335,True,751,0.631623212783852,0.9467376830892144
row0634_KXAWARDSCOUNTPEN_0cdc037ecc2a,KXAWARDSCOUNTPEN,Entertainment,unanimous_3_to_0,Unanimous,Low,0.8333333333333334,1.8333333333333335,True,752,0.6324642556770396,0.9468085106382979
row0076_KXCANRESIGNCOUNT_098a2c7265b1,KXCANRESIGNCOUNT,Politics,unanimous_3_to_0,Unanimous,Low,0.8333333333333334,1.8333333333333335,True,753,0.6333052985702271,0.9468791500664011
row0069_KXNYCCOUNCIL2_1788e59557ca,KXNYCCOUNCIL2,Politics,unanimous_3_to_0,Unanimous,Low,0.8333333333333334,1.8333333333333335,True,754,0.6341463414634146,0.946949602122016
row0628_KXDCUSATTORNEY_a090c3f89d68,KXDCUSATTORNEY,Politics,unanimous_3_to_0,Unanimous,Low,0.8333333333333334,1.8333333333333335,False,755,0.6349873843566022,0.9456953642384106
row0706_KXNEXTCOINRH_07df70e695e6,KXNEXTCOINRH,Crypto,unanimous_3_to_0,Unanimous,Low,0.8266666666666667,1.8266666666666667,True,756,0.6358284272497897,0.9457671957671958
row0478_KXIPODISCORD_fbe739188735,KXIPODISCORD,Economics,unanimous_3_to_0,Unanimous,Low,0.8266666666666668,1.8266666666666667,True,757,0.6366694701429773,0.9458388375165125
row0667_KXSOUTHPARKMENTION_da3c3df952a6,KXSOUTHPARKMENTION,Politics,unanimous_3_to_0,Unanimous,Low,0.8266666666666667,1.8266666666666667,True,758,0.6375105130361648,0.945910290237467
row1079_KXNETFLIXRANKMOVIE_787fbee942b6,KXNETFLIXRANKMOVIE,Entertainment,unanimous_3_to_0,Unanimous,Low,0.8266666666666668,1.8266666666666667,True,759,0.6383515559293524,0.9459815546772069
row0013_KXDEMINIMIS_4fe3a0c4b540,KXDEMINIMIS,Politics,unanimous_3_to_0,Unanimous,Low,0.8266666666666668,1.8266666666666667,False,760,0.63919259882254,0.9447368421052632
row0042_KXOAIPROFIT_a66d6283a5de,KXOAIPROFIT,Companies,unanimous_3_to_0,Unanimous,Low,0.8233333333333333,1.8233333333333333,False,761,0.6400336417157275,0.9434954007884363
row0023_KXLALEADEROUT_1ccab1781569,KXLALEADEROUT,Politics,unanimous_3_to_0,Unanimous,Low,0.8233333333333333,1.8233333333333333,True,762,0.6408746846089151,0.9435695538057742
row0775_KXTRUMPATTEND_22b0261c4a57,KXTRUMPATTEND,Entertainment,unanimous_3_to_0,Unanimous,Low,0.8233333333333333,1.8233333333333333,True,763,0.6417157275021026,0.9436435124508519
row0088_KXG7LEADEROUT_e6853aa56ecd,KXG7LEADEROUT,Politics,unanimous_3_to_0,Unanimous,Low,0.8233333333333333,1.8233333333333333,True,764,0.6425567703952901,0.943717277486911
row0078_KXGPTFEES_b663b82abdef,KXGPTFEES,Science and Technology,unanimous_3_to_0,Unanimous,Low,0.8233333333333333,1.8233333333333333,False,765,0.6433978132884777,0.9424836601307189
row0054_KXNORWAYCON_8561cd76b6f7,KXNORWAYCON,Elections,unanimous_3_to_0,Unanimous,Low,0.8233333333333333,1.8233333333333333,True,766,0.6442388561816653,0.9425587467362925
row0976_KXBTC_80062dab7cd7,KXBTC,Crypto,unanimous_3_to_0,Unanimous,Low,0.8233333333333333,1.8233333333333333,True,767,0.6450798990748529,0.9426336375488917
row0048_KXBTCATH_5b1f60ccbfa8,KXBTCATH,Crypto,unanimous_3_to_0,Unanimous,Low,0.8233333333333333,1.8233333333333333,False,768,0.6459209419680404,0.94140625
row0554_KXEARNINGSMENTIONLYFT_b756bce843bb,KXEARNINGSMENTIONLYFT,Companies,unanimous_3_to_0,Unanimous,Low,0.8166666666666668,1.8166666666666669,False,769,0.6467619848612279,0.9401820546163849
row0037_KXAPRPOTUS_e6af528506eb,KXAPRPOTUS,Politics,unanimous_3_to_0,Unanimous,Low,0.8166666666666668,1.8166666666666669,True,770,0.6476030277544155,0.9402597402597402
row1139_KXBIDENMENTION_fe65e59e97e8,KXBIDENMENTION,Mentions,unanimous_3_to_0,Unanimous,Low,0.8166666666666668,1.8166666666666669,False,771,0.648444070647603,0.9390402075226978
row0055_KXEULEADEROUT_9cbebc3213a5,KXEULEADEROUT,Politics,unanimous_3_to_0,Unanimous,Low,0.8166666666666668,1.8166666666666669,True,772,0.6492851135407905,0.939119170984456
row0066_KXTOPALBUMRECORDMBF_3f630426d8b6,KXTOPALBUMRECORDMBF,Entertainment,unanimous_3_to_0,Unanimous,Low,0.8166666666666668,1.8166666666666669,True,773,0.6501261564339781,0.9391979301423027
row0482_KXSNAPCUTS_2ef785414460,KXSNAPCUTS,Politics,unanimous_3_to_0,Unanimous,Low,0.8166666666666668,1.8166666666666669,True,774,0.6509671993271657,0.9392764857881137
row1060_KXEURUSD_2c789cd44b60,KXEURUSD,Financials,unanimous_3_to_0,Unanimous,Low,0.8099999999999999,1.81,True,775,0.6518082422203533,0.9393548387096774
row1047_KXINX_56dc437d4295,KXINX,Financials,unanimous_3_to_0,Unanimous,Low,0.8099999999999999,1.81,True,776,0.6526492851135408,0.9394329896907216
row0016_KXSUBWAY_26bf7f83bd74,KXSUBWAY,Companies,unanimous_3_to_0,Unanimous,Low,0.8099999999999999,1.81,False,777,0.6534903280067283,0.9382239382239382
row0048_KXSNFMENTION_7ae69aa8f266,KXSNFMENTION,Mentions,unanimous_3_to_0,Unanimous,Low,0.8066666666666666,1.8066666666666666,True,778,0.6543313708999159,0.9383033419023136
row1111_KXBELGIANPLGAME_cd7fced1befd,KXBELGIANPLGAME,Sports,unanimous_3_to_0,Unanimous,Low,0.8066666666666666,1.8066666666666666,True,779,0.6551724137931034,0.938382541720154
row0083_KXNEXTJPNPM_6cf7752ddd34,KXNEXTJPNPM,Politics,unanimous_3_to_0,Unanimous,Low,0.8066666666666666,1.8066666666666666,True,780,0.656013456686291,0.9384615384615385
row0001_KXTRUMPMENTIONB_830ebd880268,KXTRUMPMENTIONB,Mentions,unanimous_3_to_0,Unanimous,Low,0.8066666666666666,1.8066666666666666,True,781,0.6568544995794785,0.93854033290653
row0039_KXBTC_43cb5724ae5c,KXBTC,Crypto,unanimous_3_to_0,Unanimous,Low,0.8066666666666666,1.8066666666666666,True,782,0.6576955424726662,0.9386189258312021
row0046_KXMUSKDOGE_653678a26ad5,KXMUSKDOGE,Politics,unanimous_3_to_0,Unanimous,Low,0.8033333333333333,1.8033333333333332,True,783,0.6585365853658537,0.9386973180076629
row0856_KXETHMINY_d000a6901ac2,KXETHMINY,Crypto,unanimous_3_to_0,Unanimous,Low,0.8000000000000002,1.8000000000000003,False,784,0.6593776282590412,0.9375
row1156_KXCOLBERTMENTION_57c333620f73,KXCOLBERTMENTION,Mentions,unanimous_3_to_0,Unanimous,Low,0.8000000000000002,1.8000000000000003,True,785,0.6602186711522288,0.9375796178343949
row1052_KXTNOTEW_ba0c9bb0fafb,KXTNOTEW,Financials,unanimous_3_to_0,Unanimous,Low,0.8000000000000002,1.8000000000000003,True,786,0.6610597140454163,0.9376590330788804
row0020_KXIPO_cb7c544c1097,KXIPO,Companies,unanimous_3_to_0,Unanimous,Low,0.8000000000000002,1.8000000000000003,False,787,0.6619007569386038,0.9364675984752223
row0464_KXPENNYCONGRESS_d1172ccd76f7,KXPENNYCONGRESS,Politics,unanimous_3_to_0,Unanimous,Low,0.8000000000000002,1.8000000000000003,False,788,0.6627417998317914,0.9352791878172588
row0674_KXSHAKETRUMPNETANYAHU_e0248aa0fb06,KXSHAKETRUMPNETANYAHU,World,unanimous_3_to_0,Unanimous,Low,0.8000000000000002,1.8000000000000003,False,789,0.663582842724979,0.9340937896070975
row0680_KXRECNCSVOTE_129a01c7ab00,KXRECNCSVOTE,Politics,unanimous_3_to_0,Unanimous,Low,0.8000000000000002,1.8000000000000003,True,790,0.6644238856181666,0.9341772151898734
row0676_KXSCOTUSCERT_2d8f4b3e3399,KXSCOTUSCERT,Politics,unanimous_3_to_0,Unanimous,Low,0.8000000000000002,1.8000000000000003,False,791,0.6652649285113541,0.9329962073324906
row0078_KXEOWEEK_eaa59bdb024f,KXEOWEEK,Politics,unanimous_3_to_0,Unanimous,Low,0.8000000000000002,1.8000000000000003,False,792,0.6661059714045416,0.9318181818181818
row1148_KXNADALMENTION_fb5efcb4b820,KXNADALMENTION,Mentions,unanimous_3_to_0,Unanimous,Low,0.8000000000000002,1.8000000000000003,True,793,0.6669470142977292,0.9319041614123581
row0480_KXMEDIARELEASEUPONLY_0cd1a785e39f,KXMEDIARELEASEUPONLY,Entertainment,unanimous_3_to_0,Unanimous,Low,0.8000000000000002,1.8000000000000003,True,794,0.6677880571909167,0.9319899244332494
row0562_KXNEXTCOACHOUTNFL_37f2cea196d5,KXNEXTCOACHOUTNFL,Sports,unanimous_3_to_0,Unanimous,Low,0.8000000000000002,1.8000000000000003,True,795,0.6686291000841043,0.9320754716981132
row0007_KXJAMESBOND_6d888bcbcf21,KXJAMESBOND,Entertainment,unanimous_3_to_0,Unanimous,Low,0.7999999999999999,1.7999999999999998,True,796,0.6694701429772918,0.9321608040201005
row0052_KXLINKMAXY_172a61221d1b,KXLINKMAXY,Crypto,unanimous_3_to_0,Unanimous,Low,0.7999999999999999,1.7999999999999998,False,797,0.6703111858704794,0.93099121706399
row1088_KXBILLBOARDRUNNERUPALBUM_b629085725e5,KXBILLBOARDRUNNERUPALBUM,Entertainment,unanimous_3_to_0,Unanimous,Low,0.7933333333333333,1.7933333333333334,True,798,0.671152228763667,0.931077694235589
row0073_KXKOREABAN_7f4227281e41,KXKOREABAN,Politics,unanimous_3_to_0,Unanimous,Low,0.7866666666666667,1.7866666666666666,True,799,0.6719932716568545,0.9311639549436797
row0677_KXSCOTUSCERT_c7a094294562,KXSCOTUSCERT,Politics,unanimous_3_to_0,Unanimous,Low,0.7833333333333333,1.7833333333333332,False,800,0.6728343145500421,0.93
row0809_KXNVIDIARASGONQ_5faf9ff9675b,KXNVIDIARASGONQ,Social,unanimous_3_to_0,Unanimous,Low,0.7833333333333333,1.7833333333333332,True,801,0.6736753574432296,0.9300873907615481
row0474_KXJAMESBOND_bff211c3385e,KXJAMESBOND,Entertainment,unanimous_3_to_0,Unanimous,Low,0.7833333333333333,1.7833333333333332,True,802,0.6745164003364171,0.9301745635910225
row1017_KXHIGHAUS_56670149ff4f,KXHIGHAUS,Climate and Weather,unanimous_3_to_0,Unanimous,Low,0.7833333333333333,1.7833333333333332,True,803,0.6753574432296047,0.9302615193026152
row0045_KXCOLLEGEDROP_bd6eeed8bbd7,KXCOLLEGEDROP,Education,unanimous_3_to_0,Unanimous,Low,0.7833333333333333,1.7833333333333332,True,804,0.6761984861227922,0.9303482587064676
row0762_KXCABFAIL_4a30e8b0844f,KXCABFAIL,Politics,unanimous_3_to_0,Unanimous,Low,0.7833333333333333,1.7833333333333332,True,805,0.6770395290159799,0.9304347826086956
row1074_KXAPPRANKFREE2_c87e3dc2e1fc,KXAPPRANKFREE2,Entertainment,unanimous_3_to_0,Unanimous,Low,0.7833333333333333,1.7833333333333332,True,806,0.6778805719091674,0.9305210918114144
row0004_KXBIGGESTQUAKE_fef956e0617c,KXBIGGESTQUAKE,Climate and Weather,unanimous_3_to_0,Unanimous,Low,0.7833333333333333,1.7833333333333332,False,807,0.6787216148023549,0.929368029739777
row1171_KXUCLSPREAD_7a729aae69dd,KXUCLSPREAD,Sports,unanimous_3_to_0,Unanimous,Low,0.7833333333333333,1.7833333333333332,True,808,0.6795626576955425,0.9294554455445545
row0491_KXROLLINGLOUD_ade12d2b6750,KXROLLINGLOUD,Entertainment,unanimous_3_to_0,Unanimous,Low,0.7833333333333333,1.7833333333333332,True,809,0.68040370058873,0.9295426452410384
row0001_KXSHIBAD_6a7fa2e7241a,KXSHIBAD,Crypto,unanimous_3_to_0,Unanimous,Low,0.7833333333333332,1.7833333333333332,True,810,0.6812447434819175,0.9296296296296296
row1048_KXEUROLEAGUEGAME_7fcdadc364c2,KXEUROLEAGUEGAME,Sports,unanimous_3_to_0,Unanimous,Low,0.7833333333333333,1.7833333333333332,True,811,0.6820857863751051,0.9297163995067818
row0984_KXDOGED_ecbb48a5e252,KXDOGED,Crypto,unanimous_3_to_0,Unanimous,Low,0.7833333333333333,1.7833333333333332,True,812,0.6829268292682927,0.9298029556650246
row0027_KXAPRPOTUS_d0e5a24590aa,KXAPRPOTUS,Politics,unanimous_3_to_0,Unanimous,Low,0.7833333333333333,1.7833333333333332,True,813,0.6837678721614803,0.9298892988929889
row0556_KXEARNINGSMENTIONKO_c098e789d9b6,KXEARNINGSMENTIONKO,Companies,unanimous_3_to_0,Unanimous,Low,0.7833333333333332,1.7833333333333332,True,814,0.6846089150546678,0.9299754299754299
row0751_KXCTC_9f6fc58ee9c8,KXCTC,Politics,unanimous_3_to_0,Unanimous,Low,0.7833333333333333,1.7833333333333332,False,815,0.6854499579478553,0.9288343558282208
row0965_KXTOPSONG_0a16ac053d88,KXTOPSONG,Entertainment,unanimous_3_to_0,Unanimous,Low,0.7833333333333333,1.7833333333333332,True,816,0.6862910008410429,0.928921568627451
row1089_KXBILLBOARDRUNNERUPALBUM_8ffc2cb9401f,KXBILLBOARDRUNNERUPALBUM,Entertainment,unanimous_3_to_0,Unanimous,Low,0.7833333333333333,1.7833333333333332,True,817,0.6871320437342304,0.9290085679314566
row1062_KXAPPRANKFREE_a5f4912367f1,KXAPPRANKFREE,Entertainment,unanimous_3_to_0,Unanimous,Low,0.7833333333333333,1.7833333333333332,True,818,0.687973086627418,0.9290953545232273
row0907_KXNCAAFUNDEFEATED_0d0c56d3d2d3,KXNCAAFUNDEFEATED,Sports,unanimous_3_to_0,Unanimous,Low,0.7766666666666667,1.7766666666666668,True,819,0.6888141295206055,0.9291819291819292
row0763_KXBUDGETCUT_d2924a10c38b,KXBUDGETCUT,Politics,unanimous_3_to_0,Unanimous,Low,0.7766666666666667,1.7766666666666668,False,820,0.6896551724137931,0.9280487804878049
row0003_KXVOTEHUBTRUMPUPDOWN_5124ab654d96,KXVOTEHUBTRUMPUPDOWN,Politics,unanimous_3_to_0,Unanimous,Low,0.7766666666666667,1.7766666666666668,True,821,0.6904962153069807,0.928136419001218
row0049_KXBILATERALMENTION_5c3981775b92,KXBILATERALMENTION,Politics,unanimous_3_to_0,Unanimous,Low,0.7733333333333334,1.7733333333333334,True,822,0.6913372582001682,0.9282238442822385
row0851_KXFEATUREMETROBOOMIN_8f95aec4dfa2,KXFEATUREMETROBOOMIN,Entertainment,unanimous_3_to_0,Unanimous,Low,0.7733333333333334,1.7733333333333334,True,823,0.6921783010933558,0.928311057108141
row0991_KXNFLRSHYDS_709c702166dd,KXNFLRSHYDS,Sports,unanimous_3_to_0,Unanimous,Low,0.7733333333333334,1.7733333333333334,True,824,0.6930193439865433,0.9283980582524272
row0029_KXNYCCOUNCIL28_a14c48bf275e,KXNYCCOUNCIL28,Politics,unanimous_3_to_0,Unanimous,Low,0.7733333333333334,1.7733333333333334,True,825,0.6938603868797308,0.9284848484848485
row0827_KXMUSKNASA_574af1289204,KXMUSKNASA,Politics,unanimous_3_to_0,Unanimous,Low,0.7733333333333334,1.7733333333333334,True,826,0.6947014297729184,0.9285714285714286
row0772_KXAIRDROPPUMPFUN_87133d03ec9c,KXAIRDROPPUMPFUN,Crypto,unanimous_3_to_0,Unanimous,Low,0.7733333333333333,1.7733333333333334,True,827,0.695542472666106,0.9286577992744861
row0003_KXWRECSS_4a11ece2cc15,KXWRECSS,Economics,unanimous_3_to_0,Unanimous,Low,0.7733333333333334,1.7733333333333334,False,828,0.6963835155592936,0.927536231884058
row0629_KXCRYPTOREG_574f1c0b8367,KXCRYPTOREG,Politics,unanimous_3_to_0,Unanimous,Low,0.7733333333333334,1.7733333333333334,False,829,0.6972245584524811,0.9264173703256936
row0089_KXJUULFLAVOR_787eb7545f82,KXJUULFLAVOR,Companies,unanimous_3_to_0,Unanimous,Low,0.7666666666666666,1.7666666666666666,True,830,0.6980656013456686,0.9265060240963855
row1065_KXTNOTED_be6f9388127f,KXTNOTED,Financials,unanimous_3_to_0,Unanimous,Low,0.7666666666666666,1.7666666666666666,True,831,0.6989066442388562,0.9265944645006017
row0095_KXINDEXADD_0a8af8a72381,KXINDEXADD,World,unanimous_3_to_0,Unanimous,Low,0.7666666666666666,1.7666666666666666,False,832,0.6997476871320437,0.9254807692307693
row0030_KXNASDAQ100U_b636a9fbff0d,KXNASDAQ100U,Financials,unanimous_3_to_0,Unanimous,Low,0.7666666666666666,1.7666666666666666,True,833,0.7005887300252313,0.9255702280912365
row0697_KXNUMONESONGFOO_394b117fc293,KXNUMONESONGFOO,Entertainment,unanimous_3_to_0,Unanimous,Low,0.7666666666666666,1.7666666666666666,False,834,0.7014297729184188,0.9244604316546763
row0935_KXPROTOCOLSTATEDEPT_a7b4add6f1a0,KXPROTOCOLSTATEDEPT,Politics,unanimous_3_to_0,Unanimous,Low,0.7666666666666666,1.7666666666666666,True,835,0.7022708158116064,0.9245508982035928
row0072_KXEARNINGSMENTIONABNB_e5c9ef90a8df,KXEARNINGSMENTIONABNB,Companies,unanimous_3_to_0,Unanimous,Low,0.7666666666666666,1.7666666666666666,True,836,0.703111858704794,0.9246411483253588
row0958_KXSPOTIFYARTISTW_5bff60e011ad,KXSPOTIFYARTISTW,Entertainment,unanimous_3_to_0,Unanimous,Low,0.7666666666666666,1.7666666666666666,True,837,0.7039529015979815,0.9247311827956989
row0045_KXAMERICAPROFIT_6433a22594c7,KXAMERICAPROFIT,Economics,unanimous_3_to_0,Unanimous,Low,0.7600000000000001,1.7600000000000002,False,838,0.704793944491169,0.9236276849642004
row0696_KXNUMONESONGFOO_c789d38cdc88,KXNUMONESONGFOO,Entertainment,unanimous_3_to_0,Unanimous,Low,0.7600000000000001,1.7600000000000002,False,839,0.7056349873843566,0.9225268176400476
row0955_KXSPOTIFYARTISTD_db2ad219bf2d,KXSPOTIFYARTISTD,Entertainment,unanimous_3_to_0,Unanimous,Low,0.7600000000000001,1.7600000000000002,True,840,0.7064760302775441,0.9226190476190477
row0563_KXNEXTCOACHOUTNFL_e3173c4596a5,KXNEXTCOACHOUTNFL,Sports,unanimous_3_to_0,Unanimous,Low,0.7600000000000001,1.7600000000000002,True,841,0.7073170731707317,0.9227110582639715
row1174_KXPUBLICADV_ea9dd7d15882,KXPUBLICADV,Elections,unanimous_3_to_0,Unanimous,Low,0.7566666666666667,1.7566666666666668,True,842,0.7081581160639192,0.9228028503562945
row0617_KXLEAVITTLATE_c2f47c1fb65e,KXLEAVITTLATE,Politics,unanimous_3_to_0,Unanimous,Low,0.75,1.75,False,843,0.7089991589571069,0.9217081850533808
row0006_KXJUULFLAVOR_975f24eccdd1,KXJUULFLAVOR,Companies,unanimous_3_to_0,Unanimous,Low,0.75,1.75,True,844,0.7098402018502944,0.9218009478672986
row0936_KXPROTOCOLSTATEDEPT_ea83fc39d8c4,KXPROTOCOLSTATEDEPT,Politics,unanimous_3_to_0,Unanimous,Low,0.75,1.75,False,845,0.7106812447434819,0.9207100591715977
row0044_KXMLBWSMVP_abbfcf1be36a,KXMLBWSMVP,Sports,unanimous_3_to_0,Unanimous,Low,0.75,1.75,True,846,0.7115222876366695,0.9208037825059102
row1109_KXBUNDESLIGAGAME_888c0c143315,KXBUNDESLIGAGAME,Sports,unanimous_3_to_0,Unanimous,Low,0.75,1.75,False,847,0.712363330529857,0.9197166469893743
row0012_KXNYCCOUNCIL4_42539c45b669,KXNYCCOUNCIL4,Politics,unanimous_3_to_0,Unanimous,Low,0.75,1.75,True,848,0.7132043734230445,0.9198113207547169
row0728_KXIAEAIRANAGREEMENT_f1ed00c6a603,KXIAEAIRANAGREEMENT,Politics,unanimous_3_to_0,Unanimous,Low,0.75,1.75,False,849,0.7140454163162321,0.9187279151943463
row1115_KXEPLSPREAD_19a0dbfe864c,KXEPLSPREAD,Sports,unanimous_3_to_0,Unanimous,Low,0.75,1.75,False,850,0.7148864592094197,0.9176470588235294
row0037_KXNBATOTAL_01e9ca918278,KXNBATOTAL,Sports,unanimous_3_to_0,Unanimous,Low,0.75,1.75,True,851,0.7157275021026073,0.917743830787309
row0012_KXEPLGAME_c9e4a936dc00,KXEPLGAME,Sports,unanimous_3_to_0,Unanimous,Low,0.75,1.75,False,852,0.7165685449957948,0.9166666666666666
row0068_KXNORWAYSECOND_0c816ae92b53,KXNORWAYSECOND,Elections,unanimous_3_to_0,Unanimous,Low,0.75,1.75,True,853,0.7174095878889823,0.9167643610785463
row0017_KXIRACUTS_8de4c959b4c0,KXIRACUTS,Politics,unanimous_3_to_0,Unanimous,Low,0.75,1.75,True,854,0.7182506307821699,0.9168618266978923
row0077_KXEPLSPREAD_60c663d4c4be,KXEPLSPREAD,Sports,unanimous_3_to_0,Unanimous,Low,0.75,1.75,False,855,0.7190916736753574,0.9157894736842105
row0853_KXEUROVISIONTELEV_b2c0d4c850d0,KXEUROVISIONTELEV,Entertainment,unanimous_3_to_0,Unanimous,Low,0.75,1.75,True,856,0.719932716568545,0.9158878504672897
row0908_KXMLBWSMVP_00ac1f8d3ade,KXMLBWSMVP,Sports,unanimous_3_to_0,Unanimous,Low,0.75,1.75,False,857,0.7207737594617325,0.9148191365227538
row1025_KXNCAAFSPREAD_188850cbed68,KXNCAAFSPREAD,Sports,unanimous_3_to_0,Unanimous,Low,0.75,1.75,True,858,0.7216148023549201,0.914918414918415
row0691_KXPERMIT_720c3cbc4e73,KXPERMIT,Politics,unanimous_3_to_0,Unanimous,Low,0.7399999999999999,1.7399999999999998,False,859,0.7224558452481077,0.9138533178114087
row0544_KXNORWAYCON_5a8d31e516cd,KXNORWAYCON,Elections,unanimous_3_to_0,Unanimous,Low,0.7399999999999999,1.7399999999999998,True,860,0.7232968881412952,0.913953488372093
row0640_KXWTIMAX_d3509b07172f,KXWTIMAX,Financials,unanimous_3_to_0,Unanimous,Low,0.7333333333333334,1.7333333333333334,False,861,0.7241379310344828,0.9128919860627178
row1058_KXFLIGHTORD_7cd075e3cdc7,KXFLIGHTORD,Transportation,unanimous_3_to_0,Unanimous,Low,0.7333333333333334,1.7333333333333334,False,862,0.7249789739276703,0.9118329466357309
row0064_KXEARNINGSMENTIONGOOGL_f06d3318f06f,KXEARNINGSMENTIONGOOGL,Companies,unanimous_3_to_0,Unanimous,Low,0.7333333333333334,1.7333333333333334,True,863,0.7258200168208578,0.9119351100811124
row0921_KXUSAMBPOLAND_d39f21bd5091,KXUSAMBPOLAND,Politics,unanimous_3_to_0,Unanimous,Low,0.7333333333333334,1.7333333333333334,True,864,0.7266610597140454,0.9120370370370371
row0021_KXDUTCHSECOND_7a1133d73ef1,KXDUTCHSECOND,Elections,unanimous_3_to_0,Unanimous,Low,0.7166666666666668,1.7166666666666668,True,865,0.7275021026072329,0.9121387283236995
row0002_KXSPOTIFYSONGSTFOO_a440505348f9,KXSPOTIFYSONGSTFOO,Entertainment,unanimous_3_to_0,Unanimous,Low,0.7166666666666668,1.7166666666666668,False,866,0.7283431455004206,0.9110854503464203
row0055_KXNEXTCOMPANYSP500_2a6fb26c13f1,KXNEXTCOMPANYSP500,Companies,unanimous_3_to_0,Unanimous,Low,0.7166666666666668,1.7166666666666668,True,867,0.7291841883936081,0.9111880046136102
row0034_KXEVCREDITS_3b6d6dfd8ac4,KXEVCREDITS,Politics,unanimous_3_to_0,Unanimous,Low,0.7166666666666668,1.7166666666666668,False,868,0.7300252312867956,0.9101382488479263
row0091_KXDUTCHSECOND_59740d5994c6,KXDUTCHSECOND,Elections,unanimous_3_to_0,Unanimous,Low,0.7166666666666668,1.7166666666666668,True,869,0.7308662741799832,0.9102416570771001
row0032_KXSPOTIFYSONG_4bfdc105c54d,KXSPOTIFYSONG,Entertainment,unanimous_3_to_0,Unanimous,Low,0.7166666666666668,1.7166666666666668,False,870,0.7317073170731707,0.9091954022988505
row1185_KXNYCCOUNCIL13_7fa034a4feeb,KXNYCCOUNCIL13,Politics,unanimous_3_to_0,Unanimous,Low,0.7166666666666668,1.7166666666666668,True,871,0.7325483599663583,0.9092996555683123
row0054_KXUCLSPREAD_5462297b8ab2,KXUCLSPREAD,Sports,unanimous_3_to_0,Unanimous,Low,0.7166666666666667,1.7166666666666668,True,872,0.7333894028595458,0.9094036697247706
row0099_KXNYCCOUNCIL4_ced7a57437fa,KXNYCCOUNCIL4,Politics,unanimous_3_to_0,Unanimous,Low,0.7166666666666668,1.7166666666666668,True,873,0.7342304457527334,0.9095074455899198
row0815_KXNEXTHURDATE_1cec9a3284b5,KXNEXTHURDATE,Climate and Weather,unanimous_3_to_0,Unanimous,Low,0.7166666666666668,1.7166666666666668,False,874,0.735071488645921,0.9084668192219679
row0902_KXTOP10BILLBOARD_64c47c8def10,KXTOP10BILLBOARD,Entertainment,unanimous_3_to_0,Unanimous,Low,0.7166666666666668,1.7166666666666668,False,875,0.7359125315391085,0.9074285714285715
row0510_KXMANTISFREETHROWS_bcb5274ef143,KXMANTISFREETHROWS,Sports,unanimous_3_to_0,Unanimous,Low,0.7166666666666668,1.7166666666666668,True,876,0.736753574432296,0.9075342465753424
row0621_KXOAIPLATEAU_1961c2a07885,KXOAIPLATEAU,Science and Technology,unanimous_3_to_0,Unanimous,Low,0.7166666666666668,1.7166666666666668,False,877,0.7375946173254836,0.9064994298745724
row0005_KXOTEWALZ_f3bad08ada83,KXOTEWALZ,Politics,unanimous_3_to_0,Unanimous,Low,0.7166666666666668,1.7166666666666668,True,878,0.7384356602186711,0.9066059225512528
row0959_KXSPOTIFYARTISTW_134048218fc1,KXSPOTIFYARTISTW,Entertainment,unanimous_3_to_0,Unanimous,Low,0.7066666666666667,1.7066666666666666,True,879,0.7392767031118587,0.906712172923777
row0901_KXTOP202025_4c41740ed435,KXTOP202025,Entertainment,unanimous_3_to_0,Unanimous,Low,0.7066666666666667,1.7066666666666666,False,880,0.7401177460050462,0.9056818181818181
row0673_KXSHAKETRUMPNETANYAHU_8463a34aba47,KXSHAKETRUMPNETANYAHU,World,unanimous_3_to_0,Unanimous,Low,0.7066666666666667,1.7066666666666666,True,881,0.7409587888982339,0.905788876276958
row0055_KXNYCCOUNCIL14_ae1cd724e8c9,KXNYCCOUNCIL14,Politics,unanimous_3_to_0,Unanimous,Low,0.7066666666666667,1.7066666666666666,True,882,0.7417998317914214,0.9058956916099773
row0616_KXLEAVITTLATE_7e4233937751,KXLEAVITTLATE,Politics,unanimous_3_to_0,Unanimous,Low,0.7000000000000001,1.7000000000000002,False,883,0.7426408746846089,0.9048697621744054
row0867_KXBIGGESTQUAKE_36ee25cab785,KXBIGGESTQUAKE,Climate and Weather,unanimous_3_to_0,Unanimous,Low,0.6999999999999998,1.6999999999999997,False,884,0.7434819175777965,0.9038461538461539
row1064_KXACOOPERMENTION_7128b10bbc55,KXACOOPERMENTION,Mentions,unanimous_3_to_0,Unanimous,Low,0.6999999999999998,1.6999999999999997,True,885,0.744322960470984,0.903954802259887
row0899_KXTOPALBUMRECORDAMITHEDRAMA_cbfa86eafb8d,KXTOPALBUMRECORDAMITHEDRAMA,Entertainment,unanimous_3_to_0,Unanimous,Low,0.6900000000000001,1.69,True,886,0.7451640033641715,0.9040632054176072
row0900_KXTOPALBUMRECORDAMITHEDRAMA_abde3d0934e9,KXTOPALBUMRECORDAMITHEDRAMA,Entertainment,unanimous_3_to_0,Unanimous,Low,0.6833333333333332,1.6833333333333331,True,887,0.7460050462573591,0.9041713641488163
row1093_KXRTSARAHSOIL_1ad5ff70e1df,KXRTSARAHSOIL,Entertainment,unanimous_3_to_0,Unanimous,Low,0.6833333333333332,1.6833333333333331,False,888,0.7468460891505467,0.9031531531531531
row1098_KXAAAGASW_6730cb4c9a23,KXAAAGASW,Economics,unanimous_3_to_0,Unanimous,Low,0.6833333333333332,1.6833333333333331,False,889,0.7476871320437343,0.9021372328458943
row0010_KXCOLLEGEDROP_cf8ea98f64fc,KXCOLLEGEDROP,Education,unanimous_3_to_0,Unanimous,Low,0.6833333333333332,1.6833333333333331,True,890,0.7485281749369218,0.902247191011236
row0738_KXETHMAXY_f07852e1a098,KXETHMAXY,Crypto,unanimous_3_to_0,Unanimous,Low,0.6733333333333333,1.6733333333333333,False,891,0.7493692178301093,0.9012345679012346
row0036_KXTOPSONGRECORDGOLDEN_47851223914c,KXTOPSONGRECORDGOLDEN,Entertainment,unanimous_3_to_0,Unanimous,Low,0.6733333333333333,1.6733333333333333,True,892,0.7502102607232969,0.9013452914798207
row0552_KXGOVTSPEND_08a6fe3eef15,KXGOVTSPEND,Politics,unanimous_3_to_0,Unanimous,Low,0.6733333333333333,1.6733333333333333,False,893,0.7510513036164844,0.9003359462486002
row0974_KXETHD_af7ad9cd38c9,KXETHD,Crypto,unanimous_3_to_0,Unanimous,Low,0.6666666666666666,1.6666666666666665,True,894,0.751892346509672,0.9004474272930649
row0023_KXHIGHPHIL_319c022fcd91,KXHIGHPHIL,Climate and Weather,unanimous_3_to_0,Unanimous,Low,0.65,1.65,True,895,0.7527333894028595,0.9005586592178771
row0766_KXBTCMINY_71ad4f53c49a,KXBTCMINY,Crypto,unanimous_3_to_0,Unanimous,Low,0.65,1.65,False,896,0.7535744322960471,0.8995535714285714
row0954_KXSPOTIFYARTISTD_68c7381967f2,KXSPOTIFYARTISTD,Entertainment,unanimous_3_to_0,Unanimous,Low,0.65,1.65,True,897,0.7544154751892347,0.8996655518394648
row0045_KXRANKLISTAPPREALSPORTS_a21a602c5e77,KXRANKLISTAPPREALSPORTS,Sports,unanimous_3_to_0,Unanimous,Low,0.65,1.65,True,898,0.7552565180824222,0.8997772828507795
row0095_KXTOPALBUMRECORDMBF_8d2e0160ac65,KXTOPALBUMRECORDMBF,Entertainment,unanimous_3_to_0,Unanimous,Low,0.65,1.65,True,899,0.7560975609756098,0.899888765294772
row0494_KXNEXTCOACHOUTNBA_ac4b2090cab4,KXNEXTCOACHOUTNBA,Sports,unanimous_3_to_0,Unanimous,Low,0.65,1.65,True,900,0.7569386038687973,0.9
row0017_KXNYCCOUNCIL38_c561480e5d33,KXNYCCOUNCIL38,Politics,unanimous_3_to_0,Unanimous,Low,0.64,1.6400000000000001,True,901,0.7577796467619848,0.9001109877913429
row1181_KXNYCCOUNCIL21_fb8db4726c39,KXNYCCOUNCIL21,Politics,unanimous_3_to_0,Unanimous,Low,0.64,1.6400000000000001,True,902,0.7586206896551724,0.9002217294900222
row0011_KXTOPSONGRECORDMANCHILD_17f692871ec8,KXTOPSONGRECORDMANCHILD,Entertainment,unanimous_3_to_0,Unanimous,Low,0.64,1.6400000000000001,True,903,0.7594617325483599,0.9003322259136213
row0739_KXETHMAXY_440f2c4bef1f,KXETHMAXY,Crypto,unanimous_3_to_0,Unanimous,Low,0.64,1.6400000000000001,False,904,0.7603027754415476,0.8993362831858407
row0639_KXXLMMAXY_c4408a38d1f5,KXXLMMAXY,Crypto,unanimous_3_to_0,Unanimous,Low,0.6333333333333333,1.6333333333333333,False,905,0.7611438183347351,0.8983425414364641
row0602_KXNFLWINS-DEN_31775941a146,KXNFLWINS-DEN,Sports,unanimous_3_to_0,Unanimous,Low,0.6233333333333334,1.6233333333333335,True,906,0.7619848612279226,0.8984547461368654
row1006_KXRAINNYC_926561c2e0a4,KXRAINNYC,Climate and Weather,unanimous_3_to_0,Unanimous,Low,0.6166666666666667,1.6166666666666667,False,907,0.7628259041211102,0.8974641675854466
row0022_KXETHMINY_3f318d2b0fcc,KXETHMINY,Crypto,unanimous_3_to_0,Unanimous,Low,0.6,1.6,False,908,0.7636669470142977,0.8964757709251101
row1178_KXNYCCOUNCIL30_462587e198c1,KXNYCCOUNCIL30,Politics,unanimous_3_to_0,Unanimous,Low,0.6,1.6,True,909,0.7645079899074853,0.8965896589658966
row1179_KXNYCCOUNCIL28_eee547ed8772,KXNYCCOUNCIL28,Politics,unanimous_3_to_0,Unanimous,Low,0.5833333333333334,1.5833333333333335,True,910,0.7653490328006728,0.8967032967032967
row0041_KXEARNINGSMENTIONORCL_96ee4115552d,KXEARNINGSMENTIONORCL,Companies,unanimous_3_to_0,Unanimous,Low,0.5833333333333334,1.5833333333333335,True,911,0.7661900756938604,0.8968166849615807
row0767_KXBTCMAXY_89b432c7ca5d,KXBTCMAXY,Crypto,unanimous_3_to_0,Unanimous,Low,0.5666666666666667,1.5666666666666667,False,912,0.767031118587048,0.8958333333333334
row0743_KXEARNINGSMENTIONPLTR_6d79cd719ae2,KXEARNINGSMENTIONPLTR,Companies,unanimous_3_to_0,Unanimous,Low,0.5666666666666667,1.5666666666666667,True,913,0.7678721614802355,0.895947426067908
row0872_KXBESTPLAY_3aaf61fddf12,KXBESTPLAY,Entertainment,unanimous_3_to_0,Unanimous,Low,0.5566666666666666,1.5566666666666666,True,914,0.768713204373423,0.8960612691466083
row0828_KXMRBEASTMENTION_4bbf0a28a8c4,KXMRBEASTMENTION,Politics,unanimous_3_to_0,Unanimous,Low,0.5499999999999999,1.5499999999999998,True,915,0.7695542472666106,0.8961748633879781
row0011_KXR6GAME_460fc9523b13,KXR6GAME,Sports,unanimous_3_to_0,Unanimous,Low,0.5499999999999999,1.5499999999999998,False,916,0.7703952901597981,0.8951965065502183
row0713_KXMRBEASTVIDEOLENGTH_5eff6ca8ea82,KXMRBEASTVIDEOLENGTH,Entertainment,unanimous_3_to_0,Unanimous,Low,0.5499999999999999,1.5499999999999998,True,917,0.7712363330529857,0.8953107960741549
row0046_KXVOTEHUBTRUMPUPDOWN_05bc1ef18f4f,KXVOTEHUBTRUMPUPDOWN,Politics,unanimous_3_to_0,Unanimous,Low,0.5499999999999999,1.5499999999999998,True,918,0.7720773759461732,0.8954248366013072
row0994_KXNFLPASSYDS_bf411c2ae42e,KXNFLPASSYDS,Sports,unanimous_3_to_0,Unanimous,Low,0.5499999999999999,1.5499999999999998,True,919,0.7729184188393609,0.8955386289445049
row0074_KXMRBEASTVIDEOLENGTH_1fa7a058e646,KXMRBEASTVIDEOLENGTH,Entertainment,unanimous_3_to_0,Unanimous,Low,0.5333333333333333,1.5333333333333332,True,920,0.7737594617325484,0.8956521739130435
row0995_KXNFLPASSYDS_0f60eeb8ed4e,KXNFLPASSYDS,Sports,unanimous_3_to_0,Unanimous,Low,0.5333333333333333,1.5333333333333332,True,921,0.7746005046257359,0.8957654723127035
row0983_KXSHIBA_299872bdfffe,KXSHIBA,Crypto,unanimous_3_to_0,Unanimous,Low,0.5266666666666667,1.5266666666666668,True,922,0.7754415475189235,0.89587852494577
row0557_KXEARNINGSMENTIONKO_63d7021a9640,KXEARNINGSMENTIONKO,Companies,unanimous_3_to_0,Unanimous,Low,0.5166666666666667,1.5166666666666666,False,923,0.776282590412111,0.894907908992416
row1075_KXNEWSOMMENTION_94708f6beeda,KXNEWSOMMENTION,Mentions,unanimous_3_to_0,Unanimous,Low,0.5166666666666666,1.5166666666666666,True,924,0.7771236333052985,0.895021645021645
row1186_KXNYCCOUNCIL13_f884dc71a2f7,KXNYCCOUNCIL13,Politics,unanimous_3_to_0,Unanimous,Low,0.5166666666666667,1.5166666666666666,False,925,0.7779646761984861,0.894054054054054
row0095_KXXRPD_b07ddc38287b,KXXRPD,Crypto,unanimous_3_to_0,Unanimous,Low,0.5166666666666667,1.5166666666666666,True,926,0.7788057190916736,0.8941684665226782
row0059_KXTOP202025_722b26a4380c,KXTOP202025,Entertainment,unanimous_3_to_0,Unanimous,Low,0.5133333333333333,1.5133333333333332,False,927,0.7796467619848613,0.8932038834951457
row1013_KXHIGHMIA_9c9e1acf49bd,KXHIGHMIA,Climate and Weather,unanimous_3_to_0,Unanimous,Low,0.5066666666666667,1.5066666666666668,True,928,0.7804878048780488,0.8933189655172413
row0981_KXXRP_954ed78feb1f,KXXRP,Crypto,unanimous_3_to_0,Unanimous,Low,0.5,1.5,True,929,0.7813288477712363,0.8934337997847147
row0032_KXEARNINGSMENTIONBLK_f56bafa255c4,KXEARNINGSMENTIONBLK,Companies,unanimous_3_to_0,Unanimous,Low,0.5,1.5,True,930,0.7821698906644239,0.8935483870967742
row1159_KXALBUMSALESSWIFT_f864f6e59ef7,KXALBUMSALESSWIFT,Entertainment,unanimous_3_to_0,Unanimous,Low,0.4833333333333334,1.4833333333333334,False,931,0.7830109335576114,0.8925886143931256
row1145_KXTBPNMENTION_fcca5e344d2b,KXTBPNMENTION,Mentions,unanimous_3_to_0,Unanimous,Low,0.4833333333333334,1.4833333333333334,False,932,0.783851976450799,0.8916309012875536
row0039_KXBCHMAXY_fc83abc31e30,KXBCHMAXY,Crypto,unanimous_3_to_0,Unanimous,Low,0.47666666666666674,1.4766666666666668,False,933,0.7846930193439865,0.8906752411575563
row0829_KXMRBEASTMENTION_183a4d90bf73,KXMRBEASTMENTION,Politics,unanimous_3_to_0,Unanimous,Low,0.4666666666666666,1.4666666666666666,False,934,0.7855340622371741,0.8897216274089935
row0033_KXTOP10BILLBOARD_807743824223,KXTOP10BILLBOARD,Entertainment,unanimous_3_to_0,Unanimous,Low,0.4666666666666666,1.4666666666666666,False,935,0.7863751051303617,0.8887700534759359
row0051_KXNASDAQ100_84fb68ce8524,KXNASDAQ100,Financials,unanimous_3_to_0,Unanimous,Low,0.4566666666666666,1.4566666666666666,True,936,0.7872161480235492,0.8888888888888888
row1043_KXNASDAQ100_303976bd65bf,KXNASDAQ100,Financials,unanimous_3_to_0,Unanimous,Low,0.4566666666666666,1.4566666666666666,True,937,0.7880571909167368,0.8890074706510138
row0980_KXXRPD_851ab87d3647,KXXRPD,Crypto,unanimous_3_to_0,Unanimous,Low,0.45,1.45,True,938,0.7888982338099243,0.8891257995735607
row1027_KXNBATOTAL_b9ab3bea2505,KXNBATOTAL,Sports,unanimous_3_to_0,Unanimous,Low,0.45,1.45,True,939,0.7897392767031118,0.8892438764643238
row0085_KXNBASPREAD_c7e16319e6ef,KXNBASPREAD,Sports,unanimous_3_to_0,Unanimous,Low,0.45,1.45,True,940,0.7905803195962994,0.8893617021276595
row0071_KXEVENTTIMES_ab91b42f57d7,KXEVENTTIMES,Sports,unanimous_3_to_0,Unanimous,Low,0.45,1.45,False,941,0.7914213624894869,0.8884165781083954
row0029_KXNCAAFSPREAD_94b0790119c0,KXNCAAFSPREAD,Sports,unanimous_3_to_0,Unanimous,Low,0.4166666666666667,1.4166666666666667,True,942,0.7922624053826746,0.8885350318471338
row0840_KXLCKAHRIPICK_02d191744349,KXLCKAHRIPICK,Sports,unanimous_3_to_0,Unanimous,Low,0.4166666666666667,1.4166666666666667,True,943,0.7931034482758621,0.8886532343584306
row0993_KXNFLREC_2f36227135ef,KXNFLREC,Sports,unanimous_3_to_0,Unanimous,Low,0.4066666666666667,1.4066666666666667,True,944,0.7939444911690496,0.888771186440678
row1028_KXNBASPREAD_f9d15bc50d6e,KXNBASPREAD,Sports,unanimous_3_to_0,Unanimous,Low,0.39999999999999997,1.4,True,945,0.7947855340622372,0.8888888888888888
row1146_KXTBPNMENTION_32bc9ce00b7e,KXTBPNMENTION,Mentions,unanimous_3_to_0,Unanimous,Low,0.3933333333333333,1.3933333333333333,True,946,0.7956265769554247,0.8890063424947146
row1000_KXNHLSPREAD_a126361f2c55,KXNHLSPREAD,Sports,unanimous_3_to_0,Unanimous,Low,0.3833333333333333,1.3833333333333333,False,947,0.7964676198486123,0.8880675818373812
row1015_KXHIGHDEN_8ac7667932e1,KXHIGHDEN,Climate and Weather,unanimous_3_to_0,Unanimous,Low,0.3833333333333333,1.3833333333333333,True,948,0.7973086627417998,0.8881856540084389
row0075_KXFDVMET_3ab8f93c9b41,KXFDVMET,Crypto,unanimous_3_to_0,Unanimous,Low,0.3733333333333333,1.3733333333333333,True,949,0.7981497056349874,0.8883034773445733
row0022_KXNFLRSHYDS_f7687e107c01,KXNFLRSHYDS,Sports,unanimous_3_to_0,Unanimous,Low,0.35000000000000003,1.35,True,950,0.798990748528175,0.888421052631579
row0084_KXNCAAMBSPREAD_bb2058cd4828,KXNCAAMBSPREAD,Sports,unanimous_3_to_0,Unanimous,Low,0.35000000000000003,1.35,True,951,0.7998317914213625,0.8885383806519453
row0774_KXFDVMET_a574f8135ad4,KXFDVMET,Crypto,unanimous_3_to_0,Unanimous,Low,0.32666666666666666,1.3266666666666667,True,952,0.80067283431455,0.8886554621848739
row0026_KXNFLRECYDS_d22ac669b084,KXNFLRECYDS,Sports,unanimous_3_to_0,Unanimous,Low,0.30666666666666664,1.3066666666666666,True,953,0.8015138772077376,0.8887722980062959
row0750_KXDCEIL_ffb6d9c65ba0,KXDCEIL,Politics,unanimous_3_to_0,Unanimous,Low,0.30666666666666664,1.3066666666666666,False,954,0.8023549201009251,0.8878406708595388
row1183_KXNYCCOUNCIL17_9e28aa2e6c4f,KXNYCCOUNCIL17,Politics,unanimous_3_to_0,Unanimous,Low,0.29333333333333333,1.2933333333333334,False,955,0.8031959629941127,0.8869109947643979
row0982_KXXRP_282e8ed74341,KXXRP,Crypto,unanimous_3_to_0,Unanimous,Low,0.2866666666666667,1.2866666666666666,True,956,0.8040370058873002,0.8870292887029289
row0023_KXFIDECANDIDATES_ebfe82604add,KXFIDECANDIDATES,Sports,unanimous_3_to_0,Unanimous,Low,0.2833333333333334,1.2833333333333334,False,957,0.8048780487804879,0.8861024033437827
row1177_KXNYCCOUNCIL30_f9d65db95772,KXNYCCOUNCIL30,Politics,unanimous_3_to_0,Unanimous,Low,0.24,1.24,False,958,0.8057190916736754,0.8851774530271399
row1010_KXHIGHNY_9bc53057e4cb,KXHIGHNY,Climate and Weather,unanimous_3_to_0,Unanimous,Low,0.24,1.24,True,959,0.8065601345668629,0.8852971845672576
row0087_KXRWAMCAPAVAX_20ec2ab944a0,KXRWAMCAPAVAX,Crypto,unanimous_3_to_0,Unanimous,Low,0.24,1.24,False,960,0.8074011774600505,0.884375
row0031_KXNYCCOUNCIL21_8f3436673cc2,KXNYCCOUNCIL21,Politics,unanimous_3_to_0,Unanimous,Low,0.2333333333333333,1.2333333333333334,True,961,0.808242220353238,0.8844953173777316
row1046_KXINX_13128610f88a,KXINX,Financials,unanimous_3_to_0,Unanimous,Low,0.2333333333333333,1.2333333333333334,True,962,0.8090832632464255,0.8846153846153846
row1182_KXNYCCOUNCIL17_bfc6d5c497e9,KXNYCCOUNCIL17,Politics,unanimous_3_to_0,Unanimous,Low,0.21666666666666667,1.2166666666666668,True,963,0.8099243061396131,0.8847352024922118
row1011_KXHIGHNY_751d801a5197,KXHIGHNY,Climate and Weather,unanimous_3_to_0,Unanimous,Low,0.20666666666666667,1.2066666666666666,True,964,0.8107653490328006,0.8848547717842323
row0992_KXNFLREC_366d04088b5f,KXNFLREC,Sports,unanimous_3_to_0,Unanimous,Low,0.19999999999999998,1.2,True,965,0.8116063919259883,0.8849740932642487
row0041_KXHIGHPHIL_86b48f5d6457,KXHIGHPHIL,Climate and Weather,unanimous_3_to_0,Unanimous,Low,0.19333333333333336,1.1933333333333334,True,966,0.8124474348191758,0.8850931677018633
row1012_KXHIGHMIA_876d512cad60,KXHIGHMIA,Climate and Weather,unanimous_3_to_0,Unanimous,Low,0.18333333333333335,1.1833333333333333,True,967,0.8132884777123633,0.8852119958634953
row0061_KXHIGHLAX_e1bb1c9d1f7c,KXHIGHLAX,Climate and Weather,unanimous_3_to_0,Unanimous,Low,0.18333333333333335,1.1833333333333333,True,968,0.8141295206055509,0.8853305785123967
row1044_KXINXU_83694fab26bb,KXINXU,Financials,unanimous_3_to_0,Unanimous,Low,0.15,1.15,True,969,0.8149705634987384,0.8854489164086687
row0054_KXETH_1ac721d1e88e,KXETH,Crypto,unanimous_3_to_0,Unanimous,Low,0.13333333333333333,1.1333333333333333,True,970,0.815811606391926,0.8855670103092783
row0030_KXUCLTOTAL_f3495905dfb1,KXUCLTOTAL,Sports,unanimous_3_to_0,Unanimous,Low,0.13333333333333333,1.1333333333333333,True,971,0.8166526492851135,0.8856848609680742
row0501_KXFDVPLASMA_89b13d9f1b67,KXFDVPLASMA,Crypto,unanimous_3_to_0,Unanimous,Low,0.13333333333333333,1.1333333333333333,False,972,0.8174936921783011,0.8847736625514403
row1042_KXNASDAQ100U_073cb42e2254,KXNASDAQ100U,Financials,unanimous_3_to_0,Unanimous,Low,0.13333333333333333,1.1333333333333333,True,973,0.8183347350714887,0.8848920863309353
row1001_KXNHLSPREAD_b3fda8579385,KXNHLSPREAD,Sports,unanimous_3_to_0,Unanimous,Low,0.13333333333333333,1.1333333333333333,False,974,0.8191757779646762,0.8839835728952772
row0502_KXFDVPLASMA_fd03b3f7af44,KXFDVPLASMA,Crypto,unanimous_3_to_0,Unanimous,Low,0.11666666666666665,1.1166666666666667,False,975,0.8200168208578638,0.8830769230769231
row1016_KXHIGHDEN_f3adc161e5b1,KXHIGHDEN,Climate and Weather,unanimous_3_to_0,Unanimous,Low,0.08333333333333333,1.0833333333333333,True,976,0.8208578637510513,0.8831967213114754
row1124_KXPMKICKINGCONTEST_4470ddb18dd0,KXPMKICKINGCONTEST,Social,unanimous_3_to_0,Unanimous,Low,0.08333333333333333,1.0833333333333333,True,977,0.8216989066442388,0.8833162743091095
row1007_KXPMKICKINGCONTEST_277502bf4647,KXPMKICKINGCONTEST,Social,unanimous_3_to_0,Unanimous,Low,0.08333333333333333,1.0833333333333333,True,978,0.8225399495374264,0.8834355828220859
row1002_KXNHLGAME_b84371e95e15,KXNHLGAME,Sports,split_2_to_1,Split,High,0.9833333333333334,0.9833333333333334,True,979,0.8233809924306139,0.8835546475995915
row1108_KXEREDIVISIEGAME_4d2fe43ac23e,KXEREDIVISIEGAME,Sports,split_2_to_1,Split,High,0.9833333333333334,0.9833333333333334,False,980,0.8242220353238016,0.8826530612244898
row0050_KXELECTIONMOVIRELAND_d6d4dc85e0e0,KXELECTIONMOVIRELAND,Elections,split_2_to_1,Split,High,0.9733333333333333,0.9733333333333333,True,981,0.8250630782169891,0.8827726809378186
row0099_KXREPSWORNIN_2cf847607d58,KXREPSWORNIN,Politics,split_2_to_1,Split,High,0.9733333333333333,0.9733333333333333,True,982,0.8259041211101766,0.8828920570264766
row1143_KXMLBSERIESEXACT_9a6582142eea,KXMLBSERIESEXACT,Sports,split_2_to_1,Split,High,0.9733333333333333,0.9733333333333333,True,983,0.8267451640033642,0.8830111902339777
row0661_KXTAIWANDOUBLETAX_31270b831901,KXTAIWANDOUBLETAX,Politics,split_2_to_1,Split,High,0.9733333333333333,0.9733333333333333,True,984,0.8275862068965517,0.883130081300813
row1022_KXATPDOUBLES_98294c24b26a,KXATPDOUBLES,Sports,split_2_to_1,Split,High,0.9733333333333333,0.9733333333333333,False,985,0.8284272497897393,0.8822335025380711
row0004_KXAIRDROPMONAD_8ecbc7d6c53f,KXAIRDROPMONAD,Crypto,split_2_to_1,Split,High,0.9733333333333333,0.9733333333333333,False,986,0.8292682926829268,0.8813387423935092
row0056_KXUSAMBFRANCE_eb185ee9504d,KXUSAMBFRANCE,Politics,split_2_to_1,Split,High,0.9666666666666667,0.9666666666666667,True,987,0.8301093355761143,0.8814589665653495
row1072_KXLATINGRAMMYAOTY_0517ef2fc59f,KXLATINGRAMMYAOTY,Entertainment,split_2_to_1,Split,High,0.9666666666666667,0.9666666666666667,True,988,0.830950378469302,0.881578947368421
row1005_KXSPOTIFY2D_0251e9ca4c29,KXSPOTIFY2D,Entertainment,split_2_to_1,Split,High,0.9666666666666667,0.9666666666666667,True,989,0.8317914213624895,0.8816986855409504
row0939_KXHURCTOTMAJ_83171b545677,KXHURCTOTMAJ,Climate and Weather,split_2_to_1,Split,High,0.9666666666666667,0.9666666666666667,True,990,0.832632464255677,0.8818181818181818
row0070_KXTURKEYAMB_d64774974e89,KXTURKEYAMB,Politics,split_2_to_1,Split,High,0.9666666666666667,0.9666666666666667,True,991,0.8334735071488646,0.8819374369323916
row1081_KXAPCALLVAAG_6f0760421c2d,KXAPCALLVAAG,Elections,split_2_to_1,Split,High,0.9566666666666667,0.9566666666666667,False,992,0.8343145500420521,0.8810483870967742
row0838_KXLOVEISLANDGAMES_1a715634fc6d,KXLOVEISLANDGAMES,Sports,split_2_to_1,Split,High,0.9566666666666667,0.9566666666666667,True,993,0.8351555929352397,0.8811681772406847
row0081_KXAIRDROPHYPE_deedf488f490,KXAIRDROPHYPE,Crypto,split_2_to_1,Split,High,0.9566666666666667,0.9566666666666667,False,994,0.8359966358284272,0.8802816901408451
row0007_KXUSDHVOTE_36bf6ddb0a5b,KXUSDHVOTE,Crypto,split_2_to_1,Split,High,0.9566666666666667,0.9566666666666667,True,995,0.8368376787216149,0.8804020100502512
row0719_KXLYRICNEWSWIFT_a255a1e28b89,KXLYRICNEWSWIFT,Entertainment,split_2_to_1,Split,High,0.9533333333333333,0.9533333333333333,False,996,0.8376787216148024,0.8795180722891566
row0539_KXELECTIONMOVAZ7S_7214ee0d7a59,KXELECTIONMOVAZ7S,Elections,split_2_to_1,Split,High,0.9500000000000001,0.9500000000000001,False,997,0.8385197645079899,0.8786359077231695
row0080_KXADMINNASA_83d7c59ffe0e,KXADMINNASA,Politics,split_2_to_1,Split,High,0.9500000000000001,0.9500000000000001,True,998,0.8393608074011775,0.8787575150300602
row0688_KXPRIVACYUPDATENYT_bf59aeda6c7d,KXPRIVACYUPDATENYT,Companies,split_2_to_1,Split,High,0.9500000000000001,0.9500000000000001,False,999,0.840201850294365,0.8778778778778779
row0520_KXREPSWORNIN_77b79ed54284,KXREPSWORNIN,Politics,split_2_to_1,Split,High,0.9500000000000001,0.9500000000000001,True,1000,0.8410428931875525,0.878
row0080_KXEUROLEAGUEGAME_61335a3b9abc,KXEUROLEAGUEGAME,Sports,split_2_to_1,Split,High,0.9500000000000001,0.9500000000000001,True,1001,0.8418839360807401,0.8781218781218781
row0032_KXGRAMMYNOMCOUNTBB_efe83b11153a,KXGRAMMYNOMCOUNTBB,Sports,split_2_to_1,Split,High,0.9500000000000001,0.9500000000000001,True,1002,0.8427249789739276,0.8782435129740519
row1126_KXLOLMAP_a05b4bf2272d,KXLOLMAP,Sports,split_2_to_1,Split,High,0.9500000000000001,0.9500000000000001,True,1003,0.8435660218671153,0.8783649052841476
row0730_KXHOUSEGOVTFUND_9fdcad85da8e,KXHOUSEGOVTFUND,Politics,split_2_to_1,Split,High,0.9433333333333334,0.9433333333333334,False,1004,0.8444070647603028,0.8774900398406374
row0857_KXDISTANCE3IATLAS_4be3ed4ef841,KXDISTANCE3IATLAS,Science and Technology,split_2_to_1,Split,High,0.9333333333333332,0.9333333333333332,False,1005,0.8452481076534903,0.8766169154228856
row0911_KXUSAMBUNFOODAGRI_d8c6df35c6f5,KXUSAMBUNFOODAGRI,Politics,split_2_to_1,Split,High,0.9333333333333332,0.9333333333333332,False,1006,0.8460891505466779,0.8757455268389662
row0931_KXUSAMBCHILE_a8c80ad03038,KXUSAMBCHILE,Politics,split_2_to_1,Split,High,0.9333333333333332,0.9333333333333332,False,1007,0.8469301934398654,0.874875868917577
row0718_KXMASSIEDISCHARGE_f7cacb6d8799,KXMASSIEDISCHARGE,Politics,split_2_to_1,Split,High,0.9333333333333332,0.9333333333333332,True,1008,0.847771236333053,0.875
row0585_KXNFLWINS-NE_d958aade2bac,KXNFLWINS-NE,Sports,split_2_to_1,Split,High,0.93,0.93,True,1009,0.8486122792262405,0.8751238850346879
row0080_KXENDOWMENT_0e02e4b861dc,KXENDOWMENT,Politics,split_2_to_1,Split,High,0.9266666666666667,0.9266666666666667,True,1010,0.8494533221194281,0.8752475247524752
row0087_KXUSAMBBAHAMAS_ecf549ace0ac,KXUSAMBBAHAMAS,Politics,split_2_to_1,Split,High,0.9166666666666666,0.9166666666666666,False,1011,0.8502943650126157,0.874381800197824
row0929_KXUSAMBCHINA_c6a736caf25e,KXUSAMBCHINA,Politics,split_2_to_1,Split,High,0.9166666666666666,0.9166666666666666,True,1012,0.8511354079058032,0.8745059288537549
row1121_KXWTAFINALS_06ec703050c8,KXWTAFINALS,Sports,split_2_to_1,Split,High,0.9166666666666666,0.9166666666666666,True,1013,0.8519764507989908,0.8746298124383021
row1084_KXAPCALLNJGOV_b18acefd878f,KXAPCALLNJGOV,Elections,split_2_to_1,Split,High,0.9166666666666666,0.9166666666666666,False,1014,0.8528174936921783,0.873767258382643
row0656_KXTOPSONGRECORDORDINARY_a058c5f317bc,KXTOPSONGRECORDORDINARY,Entertainment,split_2_to_1,Split,High,0.9166666666666666,0.9166666666666666,False,1015,0.8536585365853658,0.8729064039408867
row0001_KXCS2MAP_b4c0fe1649d3,KXCS2MAP,Sports,split_2_to_1,Split,High,0.9166666666666666,0.9166666666666666,True,1016,0.8544995794785534,0.8730314960629921
row0016_KXAPCALLVAGOV_e0b91d471cb1,KXAPCALLVAGOV,Elections,split_2_to_1,Split,High,0.9166666666666666,0.9166666666666666,True,1017,0.8553406223717409,0.8731563421828908
row0004_KXUNAMB_3f4155d2c259,KXUNAMB,Politics,split_2_to_1,Split,High,0.9166666666666666,0.9166666666666666,True,1018,0.8561816652649286,0.8732809430255403
row0755_KXCOACHOUTMSU_49d1efa77697,KXCOACHOUTMSU,Sports,split_2_to_1,Split,High,0.91,0.91,False,1019,0.8570227081581161,0.872423945044161
row0096_KXHURCTOT_ee22da6589eb,KXHURCTOT,Climate and Weather,split_2_to_1,Split,High,0.91,0.91,False,1020,0.8578637510513036,0.8715686274509804
row0933_KXUSAMBBELGIUM_4bfa5c945b42,KXUSAMBBELGIUM,Politics,split_2_to_1,Split,High,0.91,0.91,False,1021,0.8587047939444912,0.8707149853085211
row0950_KXMAMDANIMENTION_8e49fcd8c868,KXMAMDANIMENTION,Mentions,split_2_to_1,Split,High,0.91,0.91,True,1022,0.8595458368376787,0.8708414872798435
row0084_KXEPSTEINLIST_1a005e745c50,KXEPSTEINLIST,Politics,split_2_to_1,Split,High,0.91,0.91,False,1023,0.8603868797308662,0.8699902248289345
row0067_KXEPSTEINLIST_80626544b32b,KXEPSTEINLIST,Politics,split_2_to_1,Split,High,0.91,0.91,False,1024,0.8612279226240538,0.869140625
row0623_KXIRS_4522113bac4b,KXIRS,Politics,split_2_to_1,Split,Low,0.9066666666666666,0.9066666666666666,True,1025,0.8620689655172413,0.8692682926829268
row0003_KXSECPRESSMENTION_eb78d142fe48,KXSECPRESSMENTION,Politics,split_2_to_1,Split,Low,0.9066666666666666,0.9066666666666666,False,1026,0.862910008410429,0.868421052631579
row0937_KXNTLCYBERDIR_964e0b826f29,KXNTLCYBERDIR,Politics,split_2_to_1,Split,Low,0.9066666666666666,0.9066666666666666,True,1027,0.8637510513036165,0.8685491723466408
row0794_KXSPACEXCOUNT_410263fa9c49,KXSPACEXCOUNT,Companies,split_2_to_1,Split,Low,0.9033333333333333,0.9033333333333333,True,1028,0.864592094196804,0.8686770428015564
row0797_KXSALT_9617f796a305,KXSALT,Politics,split_2_to_1,Split,Low,0.9,0.9,True,1029,0.8654331370899916,0.8688046647230321
row0034_KXAWARDSCOUNTLAS_7cd0950de378,KXAWARDSCOUNTLAS,Entertainment,split_2_to_1,Split,Low,0.9,0.9,True,1030,0.8662741799831791,0.8689320388349514
row0922_KXUSAMBOAS_fa8c29dd76f3,KXUSAMBOAS,Politics,split_2_to_1,Split,Low,0.9,0.9,True,1031,0.8671152228763667,0.8690591658583899
row0571_GOVPARTYNJ_e032c8444782,GOVPARTYNJ,Politics,split_2_to_1,Split,Low,0.9,0.9,True,1032,0.8679562657695542,0.8691860465116279
row0655_KXTOPSONGRECORDORDINARY_742ce904ff1e,KXTOPSONGRECORDORDINARY,Entertainment,split_2_to_1,Split,Low,0.9,0.9,False,1033,0.8687973086627419,0.8683446272991288
row0971_KXNFLANYTD_e248962c781c,KXNFLANYTD,Sports,split_2_to_1,Split,Low,0.9,0.9,True,1034,0.8696383515559294,0.8684719535783365
row0062_KXTOPALBUMRECORDMWITP_618920ee064f,KXTOPALBUMRECORDMWITP,Entertainment,split_2_to_1,Split,Low,0.9,0.9,True,1035,0.8704793944491169,0.8685990338164251
row0664_KXSWEBENCH_9287e3d25e3f,KXSWEBENCH,Science and Technology,split_2_to_1,Split,Low,0.9,0.9,True,1036,0.8713204373423045,0.8687258687258688
row0025_KXMILSPEND_56a0ac67ee89,KXMILSPEND,Politics,split_2_to_1,Split,Low,0.8999999999999999,0.8999999999999999,False,1037,0.872161480235492,0.8678881388621023
row0028_KXQBIDEDUCT_70f5c944f37e,KXQBIDEDUCT,Politics,split_2_to_1,Split,Low,0.8966666666666666,0.8966666666666666,True,1038,0.8730025231286795,0.8680154142581888
row0799_KXREALID_ae2cab84abe1,KXREALID,Transportation,split_2_to_1,Split,Low,0.8933333333333334,0.8933333333333334,False,1039,0.8738435660218671,0.8671799807507219
row0614_KXNFLWINS-ARI_45c7914c3bce,KXNFLWINS-ARI,Sports,split_2_to_1,Split,Low,0.8833333333333334,0.8833333333333334,True,1040,0.8746846089150546,0.8673076923076923
row0732_KXHALOPS_79511aebe144,KXHALOPS,Entertainment,split_2_to_1,Split,Low,0.8833333333333333,0.8833333333333333,False,1041,0.8755256518082423,0.866474543707973
row0810_KXNOBELPEACE_2688fee2bf1c,KXNOBELPEACE,Entertainment,split_2_to_1,Split,Low,0.8833333333333333,0.8833333333333333,False,1042,0.8763666947014298,0.8656429942418427
row0016_KXAUSSEATSLABOR_6dfc6496834e,KXAUSSEATSLABOR,Politics,split_2_to_1,Split,Low,0.8833333333333333,0.8833333333333333,False,1043,0.8772077375946173,0.8648130393096836
row1091_KXSNFMENTION_50cf2550037f,KXSNFMENTION,Mentions,split_2_to_1,Split,Low,0.8833333333333333,0.8833333333333333,True,1044,0.8780487804878049,0.8649425287356322
row0004_KXELONJREGUEST_08e8db4a8c3b,KXELONJREGUEST,Entertainment,split_2_to_1,Split,Low,0.8833333333333333,0.8833333333333333,False,1045,0.8788898233809924,0.8641148325358852
row0898_KXTOPALBUMRECORDMWITP_e2de93aee8ae,KXTOPALBUMRECORDMWITP,Entertainment,split_2_to_1,Split,Low,0.8833333333333333,0.8833333333333333,False,1046,0.87973086627418,0.8632887189292543
row0754_KXCOACHOUTMSU_b443511b280e,KXCOACHOUTMSU,Sports,split_2_to_1,Split,Low,0.8833333333333333,0.8833333333333333,False,1047,0.8805719091673675,0.8624641833810889
row1082_KXAPCALLVAAG_7c7f875801f0,KXAPCALLVAAG,Elections,split_2_to_1,Split,Low,0.8833333333333333,0.8833333333333333,False,1048,0.8814129520605551,0.8616412213740458
row0053_KXRANKLISTSONGTHRILLER_1d394ec92b8e,KXRANKLISTSONGTHRILLER,Sports,split_2_to_1,Split,Low,0.8833333333333333,0.8833333333333333,False,1049,0.8822539949537427,0.8608198284080076
row1080_KXAPCALLVAGOV_6492cb4b97b3,KXAPCALLVAGOV,Elections,split_2_to_1,Split,Low,0.8833333333333333,0.8833333333333333,True,1050,0.8830950378469302,0.8609523809523809
row0025_KXAPCALLSNYC_1491a09b87ea,KXAPCALLSNYC,Elections,split_2_to_1,Split,Low,0.8766666666666666,0.8766666666666666,False,1051,0.8839360807401178,0.8601332064700286
row0024_KXBILLS_8ca9e5e27ec5,KXBILLS,Politics,split_2_to_1,Split,Low,0.8733333333333334,0.8733333333333334,True,1052,0.8847771236333053,0.8602661596958175
row1140_KXEOWEEK_b7f23185ac55,KXEOWEEK,Politics,split_2_to_1,Split,Low,0.8733333333333334,0.8733333333333334,False,1053,0.8856181665264928,0.8594491927825261
row0051_KXNEWPOPEROUNDS_ea38ea930f6d,KXNEWPOPEROUNDS,World,split_2_to_1,Split,Low,0.8666666666666667,0.8666666666666667,True,1054,0.8864592094196804,0.8595825426944972
row0033_KXNGASMAX_7be025a23a0b,KXNGASMAX,Economics,split_2_to_1,Split,Low,0.8666666666666667,0.8666666666666667,True,1055,0.8873002523128679,0.8597156398104265
row0645_KXVOTERECNCH_58eca9242138,KXVOTERECNCH,Politics,split_2_to_1,Split,Low,0.8666666666666667,0.8666666666666667,True,1056,0.8881412952060556,0.8598484848484849
row0034_KXQBIDEDUCT_00d48bb0e1d4,KXQBIDEDUCT,Politics,split_2_to_1,Split,Low,0.8666666666666667,0.8666666666666667,True,1057,0.8889823380992431,0.8599810785241249
row0923_KXUSAMBOAS_61602d09ccf9,KXUSAMBOAS,Politics,split_2_to_1,Split,Low,0.8666666666666667,0.8666666666666667,False,1058,0.8898233809924306,0.8591682419659735
row0076_KXCS2MAP_de43684ea908,KXCS2MAP,Sports,split_2_to_1,Split,Low,0.8666666666666667,0.8666666666666667,True,1059,0.8906644238856182,0.8593012275731823
row0890_KXAAPLPRICE17OVER16_bd9ca04ac983,KXAAPLPRICE17OVER16,Science and Technology,split_2_to_1,Split,Low,0.8666666666666667,0.8666666666666667,True,1060,0.8915054667788057,0.8594339622641509
row0037_KXCPBFUNDING_3351d68fe45d,KXCPBFUNDING,Politics,split_2_to_1,Split,Low,0.8666666666666667,0.8666666666666667,True,1061,0.8923465096719932,0.8595664467483506
row0721_KXLOUVRETHIEVESCHARGE_8619d2b9e06e,KXLOUVRETHIEVESCHARGE,Politics,split_2_to_1,Split,Low,0.8666666666666667,0.8666666666666667,True,1062,0.8931875525651808,0.85969868173258
row0948_KXHURCAT_5450a58b2aff,KXHURCAT,Climate and Weather,split_2_to_1,Split,Low,0.8666666666666667,0.8666666666666667,False,1063,0.8940285954583683,0.8588899341486359
row1163_KXSCOTUSMENTION_03ed71add5b0,KXSCOTUSMENTION,Mentions,split_2_to_1,Split,Low,0.8666666666666667,0.8666666666666667,False,1064,0.894869638351556,0.8580827067669173
row1078_KXNETFLIXRANKMOVIE_fd98c50497df,KXNETFLIXRANKMOVIE,Entertainment,split_2_to_1,Split,Low,0.8666666666666667,0.8666666666666667,True,1065,0.8957106812447435,0.8582159624413146
row0668_KXSOUTHPARKMENTION_9eb84c23e842,KXSOUTHPARKMENTION,Politics,split_2_to_1,Split,Low,0.8666666666666667,0.8666666666666667,False,1066,0.896551724137931,0.8574108818011257
row0918_KXUSAMBSWEDEN_49f6dd38ad32,KXUSAMBSWEDEN,Politics,split_2_to_1,Split,Low,0.8666666666666667,0.8666666666666667,False,1067,0.8973927670311186,0.8566073102155577
row0094_KXNGUARDCITY_7a61ef489327,KXNGUARDCITY,Politics,split_2_to_1,Split,Low,0.8666666666666666,0.8666666666666666,True,1068,0.8982338099243061,0.8567415730337079
row1173_KXUCLBTTS_063c2412206f,KXUCLBTTS,Sports,split_2_to_1,Split,Low,0.8666666666666666,0.8666666666666666,True,1069,0.8990748528174937,0.8568755846585594
row0542_KXNORWAYSECOND_1681bc693d37,KXNORWAYSECOND,Elections,split_2_to_1,Split,Low,0.8666666666666666,0.8666666666666666,True,1070,0.8999158957106812,0.8570093457943925
row0020_KXPRESVISIT_50f23a0278c5,KXPRESVISIT,Politics,split_2_to_1,Split,Low,0.86,0.86,True,1071,0.9007569386038689,0.8571428571428571
row0052_KXG7LEADEROUT_dc24e74a5629,KXG7LEADEROUT,Politics,split_2_to_1,Split,Low,0.86,0.86,True,1072,0.9015979814970564,0.8572761194029851
row1132_KXSONGCHARTTSWIFT_67f83433f794,KXSONGCHARTTSWIFT,Entertainment,split_2_to_1,Split,Low,0.86,0.86,True,1073,0.9024390243902439,0.8574091332712023
row0783_KXSPOTIFYSONG_9ae12f3eaf2a,KXSPOTIFYSONG,Entertainment,split_2_to_1,Split,Low,0.8566666666666668,0.8566666666666668,False,1074,0.9032800672834315,0.8566108007448789
row0895_KXTRUMPMENTION_e8d6b9f32122,KXTRUMPMENTION,Politics,split_2_to_1,Split,Low,0.8566666666666666,0.8566666666666666,False,1075,0.904121110176619,0.8558139534883721
row0841_KXINXHIGH_c1b605181ffd,KXINXHIGH,Financials,split_2_to_1,Split,Low,0.8566666666666666,0.8566666666666666,True,1076,0.9049621530698065,0.8559479553903345
row0919_KXUSAMBSWEDEN_0d0728bbea16,KXUSAMBSWEDEN,Politics,split_2_to_1,Split,Low,0.8566666666666666,0.8566666666666666,False,1077,0.9058031959629941,0.8551532033426184
row1094_KXRTPREDATORBADLANDS_550fa4737174,KXRTPREDATORBADLANDS,Entertainment,split_2_to_1,Split,Low,0.8566666666666666,0.8566666666666666,False,1078,0.9066442388561816,0.8543599257884972
row0734_KXGPURULE_20342776e090,KXGPURULE,Politics,split_2_to_1,Split,Low,0.8566666666666666,0.8566666666666666,True,1079,0.9074852817493693,0.8544949026876738
row0618_KXMEASLES_c2a357988c5c,KXMEASLES,Health,split_2_to_1,Split,Low,0.8566666666666666,0.8566666666666666,True,1080,0.9083263246425568,0.8546296296296296
row0082_KXGAMERELEASE_3ba393c7e0df,KXGAMERELEASE,Entertainment,split_2_to_1,Split,Low,0.8533333333333334,0.8533333333333334,True,1081,0.9091673675357443,0.8547641073080481
row0653_KXTRUMPCALI_0617b697d664,KXTRUMPCALI,Politics,split_2_to_1,Split,Low,0.85,0.85,False,1082,0.9100084104289319,0.8539741219963032
row0095_KXDOGEDONE_5267a8dc0a1a,KXDOGEDONE,Politics,split_2_to_1,Split,Low,0.85,0.85,True,1083,0.9108494533221194,0.8541089566020313
row0019_KXFEDGOVMENTION_bd9eca1fabba,KXFEDGOVMENTION,Mentions,split_2_to_1,Split,Low,0.85,0.85,True,1084,0.911690496215307,0.8542435424354243
row0036_KXEARNINGSMENTIONMCD_83dca8c574f2,KXEARNINGSMENTIONMCD,Companies,split_2_to_1,Split,Low,0.85,0.85,False,1085,0.9125315391084945,0.8534562211981567
row0007_KXEARNINGSMENTIONCRCL_e4804f082db4,KXEARNINGSMENTIONCRCL,Companies,split_2_to_1,Split,Low,0.85,0.85,False,1086,0.913372582001682,0.852670349907919
row1063_KXACOOPERMENTION_8868065e56aa,KXACOOPERMENTION,Mentions,split_2_to_1,Split,Low,0.85,0.85,True,1087,0.9142136248948697,0.8528058877644894
row0066_KXDOGEDONE_d44dcea20378,KXDOGEDONE,Politics,split_2_to_1,Split,Low,0.85,0.85,True,1088,0.9150546677880572,0.8529411764705882
row0795_KXSPACEXCOUNT_0bf612eadff8,KXSPACEXCOUNT,Companies,split_2_to_1,Split,Low,0.85,0.85,True,1089,0.9158957106812448,0.8530762167125804
row1083_KXAPCALLSNYC_6c4338fcb47e,KXAPCALLSNYC,Elections,split_2_to_1,Split,Low,0.8433333333333334,0.8433333333333334,True,1090,0.9167367535744323,0.8532110091743119
row0044_KXNFLWINS-CAR_d89e3fe50394,KXNFLWINS-CAR,Sports,split_2_to_1,Split,Low,0.8433333333333334,0.8433333333333334,True,1091,0.9175777964676198,0.8533455545371219
row0503_KXENDOWMENTRATE_829583d62d7c,KXENDOWMENTRATE,Politics,split_2_to_1,Split,Low,0.8433333333333334,0.8433333333333334,False,1092,0.9184188393608074,0.8525641025641025
row0026_KXTCJAPERMANENT_32887be6f525,KXTCJAPERMANENT,Politics,split_2_to_1,Split,Low,0.84,0.84,True,1093,0.9192598822539949,0.8526989935956084
row0083_KXDEDUCT_3d142ac5ce56,KXDEDUCT,Politics,split_2_to_1,Split,Low,0.84,0.84,False,1094,0.9201009251471826,0.8519195612431444
row0916_KXUSAMBTOUN_b2c92d0ac13e,KXUSAMBTOUN,Politics,split_2_to_1,Split,Low,0.84,0.84,False,1095,0.9209419680403701,0.8511415525114155
row0745_KXDOGESAVINGS_5743b5986053,KXDOGESAVINGS,Politics,split_2_to_1,Split,Low,0.8333333333333334,0.8333333333333334,False,1096,0.9217830109335576,0.8503649635036497
row0633_KXAWARDSCOUNTPEN_bb8761fedcfd,KXAWARDSCOUNTPEN,Entertainment,split_2_to_1,Split,Low,0.8333333333333334,0.8333333333333334,True,1097,0.9226240538267452,0.8505013673655424
row0018_KXEARNINGSMENTIONROKU_e438232c99ab,KXEARNINGSMENTIONROKU,Companies,split_2_to_1,Split,Low,0.8333333333333334,0.8333333333333334,False,1098,0.9234650967199327,0.8497267759562842
row0807_KXOAISOCIAL_628ab5c0d064,KXOAISOCIAL,Science and Technology,split_2_to_1,Split,Low,0.8333333333333334,0.8333333333333334,True,1099,0.9243061396131202,0.8498635122838945
row0026_KXMUSKTAGDJT_b0fd13d3840f,KXMUSKTAGDJT,Social,split_2_to_1,Split,Low,0.8333333333333334,0.8333333333333334,False,1100,0.9251471825063078,0.8490909090909091
row0526_KXNLDTHIRD_634b0a52139c,KXNLDTHIRD,Elections,split_2_to_1,Split,Low,0.8333333333333334,0.8333333333333334,False,1101,0.9259882253994953,0.8483197093551317
row0636_KXAMBMALAY_beeed005b903,KXAMBMALAY,Politics,split_2_to_1,Split,Low,0.8333333333333334,0.8333333333333334,True,1102,0.926829268292683,0.8484573502722323
row0040_KXENDOWMENTRATE_cf6e09cea1f2,KXENDOWMENTRATE,Politics,split_2_to_1,Split,Low,0.8333333333333334,0.8333333333333334,False,1103,0.9276703111858705,0.8476881233000907
row0012_KXWALLSPEND_36260a00c12a,KXWALLSPEND,Politics,split_2_to_1,Split,Low,0.8333333333333334,0.8333333333333334,False,1104,0.928511354079058,0.8469202898550725
row0053_KXRECBILL_eed439ae378f,KXRECBILL,Politics,split_2_to_1,Split,Low,0.83,0.83,True,1105,0.9293523969722456,0.8470588235294118
row0079_KXEDUCUTS_78fe8ee92822,KXEDUCUTS,Politics,split_2_to_1,Split,Low,0.8266666666666668,0.8266666666666668,True,1106,0.9301934398654331,0.8471971066907775
row0050_KXEARNINGSMENTIONDKNG_0b233cc99695,KXEARNINGSMENTIONDKNG,Companies,split_2_to_1,Split,Low,0.8266666666666667,0.8266666666666667,False,1107,0.9310344827586207,0.8464317976513098
row0500_KXFDVWLFI_892f02546098,KXFDVWLFI,Crypto,split_2_to_1,Split,Low,0.8233333333333333,0.8233333333333333,False,1108,0.9318755256518082,0.8456678700361011
row0012_KXEARNINGSMENTIONNBIS_014f2bad1984,KXEARNINGSMENTIONNBIS,Companies,split_2_to_1,Split,Low,0.8233333333333333,0.8233333333333333,False,1109,0.9327165685449958,0.8449053201082056
row0093_KXNFLWINS-KC_42415d9e1772,KXNFLWINS-KC,Sports,split_2_to_1,Split,Low,0.8233333333333333,0.8233333333333333,True,1110,0.9335576114381834,0.8450450450450451
row0049_KXWALLSPEND_3d1cce9814a9,KXWALLSPEND,Politics,split_2_to_1,Split,Low,0.8233333333333333,0.8233333333333333,True,1111,0.9343986543313709,0.8451845184518452
row0047_KXFLIGHTLAX_ed6119ca102e,KXFLIGHTLAX,Transportation,split_2_to_1,Split,Low,0.8233333333333333,0.8233333333333333,True,1112,0.9352396972245585,0.8453237410071942
row0652_KXTRUMPMEET_0a0b6c74b70c,KXTRUMPMEET,Social,split_2_to_1,Split,Low,0.8166666666666668,0.8166666666666668,True,1113,0.936080740117746,0.8454627133872417
row0029_KXODINVCTFINALS_7edad1bc1e6c,KXODINVCTFINALS,Sports,split_2_to_1,Split,Low,0.8166666666666668,0.8166666666666668,True,1114,0.9369217830109335,0.8456014362657092
row0036_KXBRICS_89ab6d795152,KXBRICS,Politics,split_2_to_1,Split,Low,0.8166666666666668,0.8166666666666668,True,1115,0.9377628259041211,0.8457399103139014
row0787_KXSPOTIFYALBUMRELEASE_363237f0d158,KXSPOTIFYALBUMRELEASE,Entertainment,split_2_to_1,Split,Low,0.8166666666666668,0.8166666666666668,True,1116,0.9386038687973086,0.8458781362007168
row0061_KXAMBMALAY_4af9f45dc3ff,KXAMBMALAY,Politics,split_2_to_1,Split,Low,0.8166666666666668,0.8166666666666668,True,1117,0.9394449116904963,0.8460161145926589
row0014_KXMUSKDOGE_aeda6fabbcd6,KXMUSKDOGE,Politics,split_2_to_1,Split,Low,0.8166666666666668,0.8166666666666668,False,1118,0.9402859545836838,0.8452593917710197
row0506_KXDEFENSESPEND_c3b4800df91e,KXDEFENSESPEND,Politics,split_2_to_1,Split,Low,0.8166666666666668,0.8166666666666668,True,1119,0.9411269974768713,0.8453976764968723
row0072_KXEDUCUTS_623a11191b37,KXEDUCUTS,Politics,split_2_to_1,Split,Low,0.8166666666666668,0.8166666666666668,True,1120,0.9419680403700589,0.8455357142857143
row0039_KXUSDJPY_4b91bd0e25db,KXUSDJPY,Financials,split_2_to_1,Split,Low,0.8166666666666668,0.8166666666666668,True,1121,0.9428090832632464,0.8456735057983943
row0086_KXNEWSOMMENTION_3faf7007868a,KXNEWSOMMENTION,Mentions,split_2_to_1,Split,Low,0.8166666666666668,0.8166666666666668,True,1122,0.943650126156434,0.8458110516934046
row0505_KXDEFENSESPEND_a41d4b6b1679,KXDEFENSESPEND,Politics,split_2_to_1,Split,Low,0.8166666666666668,0.8166666666666668,False,1123,0.9444911690496215,0.8450578806767587
row0459_KXHALFTRIL_9f95dd114f6a,KXHALFTRIL,Economics,split_2_to_1,Split,Low,0.8099999999999999,0.8099999999999999,False,1124,0.945332211942809,0.844306049822064
row0672_KXSILVERAPPROVALMUSK_628251b6fca1,KXSILVERAPPROVALMUSK,Politics,split_2_to_1,Split,Low,0.8099999999999999,0.8099999999999999,True,1125,0.9461732548359967,0.8444444444444444
row0033_KXFBUSTER_2e8b1e1e6893,KXFBUSTER,Politics,split_2_to_1,Split,Low,0.8066666666666666,0.8066666666666666,True,1126,0.9470142977291842,0.844582593250444
row1114_KXEPLTOTAL_293d167243b6,KXEPLTOTAL,Sports,split_2_to_1,Split,Low,0.8066666666666666,0.8066666666666666,False,1127,0.9478553406223718,0.8438331854480923
row0012_KXEPLBTTS_62e7db4b9f9a,KXEPLBTTS,Sports,split_2_to_1,Split,Low,0.8066666666666666,0.8066666666666666,True,1128,0.9486963835155593,0.8439716312056738
row0081_KXRECBASELINE_e18157888cce,KXRECBASELINE,Politics,split_2_to_1,Split,Low,0.8066666666666666,0.8066666666666666,True,1129,0.9495374264087468,0.8441098317094774
row0511_KXFIRSTGTABTC_7c32bb4ac551,KXFIRSTGTABTC,Social,split_2_to_1,Split,Low,0.8000000000000002,0.8000000000000002,True,1130,0.9503784693019344,0.8442477876106195
row1133_KXMIRANMENTION_fa559ed69d84,KXMIRANMENTION,Mentions,split_2_to_1,Split,Low,0.8000000000000002,0.8000000000000002,True,1131,0.9512195121951219,0.8443854995579133
row0486_KXINCOMERATE_d1d57e5a9ed8,KXINCOMERATE,Politics,split_2_to_1,Split,Low,0.8000000000000002,0.8000000000000002,False,1132,0.9520605550883096,0.8436395759717314
row0726_KXINXMAXY_e42bb9a981b1,KXINXMAXY,Financials,split_2_to_1,Split,Low,0.8000000000000002,0.8000000000000002,False,1133,0.9529015979814971,0.8428949691085613
row0043_KXFLIGHTORD_c3bcc2d7106d,KXFLIGHTORD,World,split_2_to_1,Split,Low,0.7999999999999999,0.7999999999999999,False,1134,0.9537426408746846,0.8421516754850088
row0724_KXISTANBULMAYORGUILTY_6131874c0c3a,KXISTANBULMAYORGUILTY,Politics,split_2_to_1,Split,Low,0.7999999999999999,0.7999999999999999,True,1135,0.9545836837678722,0.8422907488986784
row0046_KXRESCISSIONBILL_244a3dc1bb38,KXRESCISSIONBILL,Politics,split_2_to_1,Split,Low,0.7933333333333333,0.7933333333333333,True,1136,0.9554247266610597,0.8424295774647887
row0098_KXSPOTIFYSONGSOPALITE_0f9b5d9f5185,KXSPOTIFYSONGSOPALITE,Entertainment,split_2_to_1,Split,Low,0.79,0.79,True,1137,0.9562657695542472,0.8425681618293756
row0015_KXINXMAXY_ab74e27a5f6f,KXINXMAXY,Financials,split_2_to_1,Split,Low,0.79,0.79,True,1138,0.9571068124474348,0.8427065026362038
row0009_KXUSAMBTOUN_dc06c72ec3af,KXUSAMBTOUN,Politics,split_2_to_1,Split,Low,0.79,0.79,False,1139,0.9579478553406223,0.8419666374012291
row0051_KXRWAMCAPAVAX_8017dff3137f,KXRWAMCAPAVAX,Crypto,split_2_to_1,Split,Low,0.79,0.79,False,1140,0.95878889823381,0.8412280701754385
row0037_KXWHVISIT_20159a78ee0b,KXWHVISIT,Politics,split_2_to_1,Split,Low,0.79,0.79,False,1141,0.9596299411269975,0.8404907975460123
row1158_KXALBUMSALESSWIFT_8ef1203033c6,KXALBUMSALESSWIFT,Entertainment,split_2_to_1,Split,Low,0.7833333333333333,0.7833333333333333,True,1142,0.960470984020185,0.840630472854641
row0060_KXNFLRECYDS_b818acd04857,KXNFLRECYDS,Sports,split_2_to_1,Split,Low,0.7833333333333333,0.7833333333333333,True,1143,0.9613120269133726,0.8407699037620298
row0880_KXBERNIEMENTION_0d93f079054c,KXBERNIEMENTION,Politics,split_2_to_1,Split,Low,0.7833333333333333,0.7833333333333333,True,1144,0.9621530698065601,0.8409090909090909
row0013_KXEARNINGSMENTIONRDDT_641d658965c9,KXEARNINGSMENTIONRDDT,Companies,split_2_to_1,Split,Low,0.7833333333333333,0.7833333333333333,False,1145,0.9629941126997477,0.840174672489083
row0040_KXTRUMPMENTION_124be7d77a7f,KXTRUMPMENTION,Politics,split_2_to_1,Split,Low,0.7833333333333333,0.7833333333333333,False,1146,0.9638351555929352,0.8394415357766143
row0565_KXEVENTTIMES_588afe8e25b1,KXEVENTTIMES,Sports,split_2_to_1,Split,Low,0.7833333333333333,0.7833333333333333,True,1147,0.9646761984861227,0.8395815170008718
row0850_KXFERT_07798b070d32,KXFERT,Economics,split_2_to_1,Split,Low,0.7833333333333332,0.7833333333333332,False,1148,0.9655172413793104,0.8388501742160279
row0756_KXCLEANCR_de87efd9c0f9,KXCLEANCR,Politics,split_2_to_1,Split,Low,0.7833333333333332,0.7833333333333332,False,1149,0.9663582842724979,0.8381201044386423
row0030_KXSPOTIFYSONGSTFOO_210f2881da37,KXSPOTIFYSONGSTFOO,Entertainment,split_2_to_1,Split,Low,0.7766666666666667,0.7766666666666667,False,1150,0.9671993271656855,0.837391304347826
row0769_KXBCHMAXY_ff48652bc62f,KXBCHMAXY,Crypto,split_2_to_1,Split,Low,0.7733333333333333,0.7733333333333333,False,1151,0.968040370058873,0.8366637706342311
row0086_KXMIRANMENTION_90112d773db2,KXMIRANMENTION,Mentions,split_2_to_1,Split,Low,0.7666666666666666,0.7666666666666666,True,1152,0.9688814129520605,0.8368055555555556
row0019_KXSPOTIFYD_5f83f7e605c9,KXSPOTIFYD,Entertainment,split_2_to_1,Split,Low,0.7666666666666666,0.7666666666666666,True,1153,0.9697224558452481,0.836947094535993
row0049_KXNFLWINS-NE_cce1bbbb405b,KXNFLWINS-NE,Sports,split_2_to_1,Split,Low,0.7666666666666666,0.7666666666666666,True,1154,0.9705634987384356,0.8370883882149047
row1147_KXSPOTIFYSONGSOPALITE_883593165125,KXSPOTIFYSONGSOPALITE,Entertainment,split_2_to_1,Split,Low,0.7666666666666666,0.7666666666666666,False,1155,0.9714045416316233,0.8363636363636363
row0784_KXSPOTIFYBILLIONS_26bf26a628b0,KXSPOTIFYBILLIONS,Entertainment,split_2_to_1,Split,Low,0.7666666666666666,0.7666666666666666,True,1156,0.9722455845248108,0.8365051903114187
row1110_KXBELGIANPLGAME_f826f5e3c31a,KXBELGIANPLGAME,Sports,split_2_to_1,Split,Low,0.7666666666666666,0.7666666666666666,True,1157,0.9730866274179983,0.8366464995678479
row0007_KXDIMONMENTION_510bb40adcc7,KXDIMONMENTION,Mentions,split_2_to_1,Split,Low,0.7666666666666666,0.7666666666666666,True,1158,0.9739276703111859,0.8367875647668394
row0499_KXFIRSTEPSTEINGTA_d3dafeb1a50f,KXFIRSTEPSTEINGTA,Social,split_2_to_1,Split,Low,0.7600000000000001,0.7600000000000001,True,1159,0.9747687132043734,0.8369283865401208
row0458_KXHALFTRIL_1dab31e8ab7a,KXHALFTRIL,Economics,split_2_to_1,Split,Low,0.75,0.75,False,1160,0.975609756097561,0.8362068965517241
row1092_KXRTSARAHSOIL_73a221e6c6a1,KXRTSARAHSOIL,Entertainment,split_2_to_1,Split,Low,0.75,0.75,False,1161,0.9764507989907485,0.8354866494401378
row0016_KXDIMONMENTION_70908ba831c9,KXDIMONMENTION,Mentions,split_2_to_1,Split,Low,0.75,0.75,True,1162,0.977291841883936,0.8356282271944923
row1113_KXEPLTOTAL_13c71adec65b,KXEPLTOTAL,Sports,split_2_to_1,Split,Low,0.75,0.75,True,1163,0.9781328847771237,0.8357695614789338
row0098_KXIRACUTS_ca3cae653834,KXIRACUTS,Politics,split_2_to_1,Split,Low,0.7333333333333334,0.7333333333333334,False,1164,0.9789739276703112,0.8350515463917526
row0742_KXEARNINGSMENTIONPLTR_92861c542ba9,KXEARNINGSMENTIONPLTR,Companies,split_2_to_1,Split,Low,0.7333333333333334,0.7333333333333334,True,1165,0.9798149705634988,0.8351931330472103
row0042_KXKLEAGUEGAME_60c300d2c847,KXKLEAGUEGAME,Sports,split_2_to_1,Split,Low,0.7333333333333334,0.7333333333333334,True,1166,0.9806560134566863,0.8353344768439108
row0470_KXBARNESFELIX_3c4c158cad3a,KXBARNESFELIX,Politics,split_2_to_1,Split,Low,0.7266666666666666,0.7266666666666666,True,1167,0.9814970563498738,0.8354755784061697
row0080_KXFLIGHTLAX_ba723bdb11ca,KXFLIGHTLAX,Transportation,split_2_to_1,Split,Low,0.7166666666666668,0.7166666666666668,True,1168,0.9823380992430614,0.8356164383561644
row0033_KXMANTISFREETHROWS_636963ca96fc,KXMANTISFREETHROWS,Sports,split_2_to_1,Split,Low,0.7166666666666668,0.7166666666666668,True,1169,0.9831791421362489,0.8357570573139436
row0070_KXAAAGASMINCA_856a6bf048bd,KXAAAGASMINCA,Economics,split_2_to_1,Split,Low,0.7166666666666667,0.7166666666666667,True,1170,0.9840201850294366,0.8358974358974359
row0076_KXFERT_9265feaf40db,KXFERT,Economics,split_2_to_1,Split,Low,0.6999999999999998,0.6999999999999998,False,1171,0.9848612279226241,0.8351836037574722
row1061_KXAPPRANKFREE_25967521b75e,KXAPPRANKFREE,Entertainment,split_2_to_1,Split,Low,0.6833333333333332,0.6833333333333332,True,1172,0.9857022708158116,0.8353242320819113
row0008_KXFOMCVOTE_05161dca5c28,KXFOMCVOTE,Politics,split_2_to_1,Split,Low,0.6833333333333332,0.6833333333333332,False,1173,0.9865433137089992,0.83461210571185
row0011_KXBTCMINY_5aef9dcf6bba,KXBTCMINY,Crypto,split_2_to_1,Split,Low,0.66,0.66,True,1174,0.9873843566021867,0.8347529812606473
row0670_KXSOLDATHOLDINGS_d92d49ec2fb1,KXSOLDATHOLDINGS,Crypto,split_2_to_1,Split,Low,0.65,0.65,False,1175,0.9882253994953742,0.8340425531914893
row0096_KXSHIBA_591779b2c95a,KXSHIBA,Crypto,split_2_to_1,Split,Low,0.62,0.62,True,1176,0.9890664423885618,0.8341836734693877
row1073_KXAPPRANKFREE2_d662a5da031a,KXAPPRANKFREE2,Entertainment,split_2_to_1,Split,Low,0.6166666666666667,0.6166666666666667,True,1177,0.9899074852817493,0.8343245539507221
row1037_KXRAINNYC_7744fc86b41e,KXRAINNYC,Climate and Weather,split_2_to_1,Split,Low,0.5833333333333334,0.5833333333333334,False,1178,0.990748528174937,0.833616298811545
row0669_KXSOLDATHOLDINGS_ec9fcc10ec96,KXSOLDATHOLDINGS,Crypto,split_2_to_1,Split,Low,0.5833333333333334,0.5833333333333334,False,1179,0.9915895710681245,0.8329092451229856
row1014_KXHIGHLAX_1fbd5bca0926,KXHIGHLAX,Climate and Weather,split_2_to_1,Split,Low,0.5633333333333334,0.5633333333333334,True,1180,0.992430613961312,0.8330508474576271
row0087_KXHIGHAUS_2223962f9a51,KXHIGHAUS,Climate and Weather,split_2_to_1,Split,Low,0.55,0.55,True,1181,0.9932716568544996,0.8331922099915327
row1039_KXCSGOMAP_f94eb95f152c,KXCSGOMAP,Sports,split_2_to_1,Split,Low,0.5333333333333333,0.5333333333333333,True,1182,0.9941126997476871,0.8333333333333334
row0058_KXNYCCOUNCIL39_2b4b25905a1f,KXNYCCOUNCIL39,Politics,split_2_to_1,Split,Low,0.48333333333333334,0.48333333333333334,False,1183,0.9949537426408747,0.8326289095519864
row0601_KXNFLWINS-DEN_b812eeb8d6ed,KXNFLWINS-DEN,Sports,split_2_to_1,Split,Low,0.48333333333333334,0.48333333333333334,False,1184,0.9957947855340622,0.8319256756756757
row0083_KXKLEAGUEGAME_9dcf5313c48f,KXKLEAGUEGAME,Sports,split_2_to_1,Split,Low,0.3833333333333333,0.3833333333333333,False,1185,0.9966358284272497,0.8312236286919831
row0609_KXNFLWINS-BUF_5cdf80b11aac,KXNFLWINS-BUF,Sports,split_2_to_1,Split,Low,0.31666666666666665,0.31666666666666665,False,1186,0.9974768713204374,0.8305227655986509
row1023_KXUFCFIGHT_88a2aaeaded6,KXUFCFIGHT,Sports,split_2_to_1,Split,Low,0.3066666666666667,0.3066666666666667,False,1187,0.9983179142136249,0.8298230834035384
row0022_KXHIGHCHI_22bf9b399e90,KXHIGHCHI,Climate and Weather,split_2_to_1,Split,Low,0.30666666666666664,0.30666666666666664,True,1188,0.9991589571068125,0.82996632996633
row0043_KXSOLETHRATIO_2f8e44b61cb0,KXSOLETHRATIO,Crypto,split_2_to_1,Split,Low,0.3,0.3,False,1189,1.0,0.8292682926829268
