row_uid,question_id,category,vote_pattern,confidence_bin,avg_round2_confidence,is_correct,rank,auto_resolved_fraction,auto_resolved_accuracy
row0689_KXPRICEINCREASEUSPSFOREVER_89feb958d69c,KXPRICEINCREASEUSPSFOREVER,Financials,unanimous_3_to_0,high,1.0,True,1,0.0008410428931875525,1.0
row0913_KXUSAMBUK_823678b908c1,KXUSAMBUK,Politics,unanimous_3_to_0,high,1.0,True,2,0.001682085786375105,1.0
row0228_KXFIFAGAME_ca285348ff66,KXFIFAGAME,Sports,unanimous_3_to_0,high,0.9899999999999999,True,3,0.002523128679562658,1.0
row0076_KXCOACHELLA_4aba742b5d0b,KXCOACHELLA,Entertainment,unanimous_3_to_0,high,0.9833333333333334,True,4,0.00336417157275021,1.0
row0288_KXCOMPANYBOARDOPENDOOR_a6047459ee3a,KXCOMPANYBOARDOPENDOOR,Companies,unanimous_3_to_0,high,0.9833333333333334,True,5,0.004205214465937763,1.0
row0340_KXTRUMPFOOTBALL_f8e41490b7f3,KXTRUMPFOOTBALL,Entertainment,unanimous_3_to_0,high,0.9833333333333334,True,6,0.005046257359125316,1.0
row0358_KXUSELECTIONARIZONA7_c7cc3432f459,KXUSELECTIONARIZONA7,Elections,unanimous_3_to_0,high,0.9833333333333334,True,7,0.005887300252312868,1.0
row0360_KXFDAAPPROVAL_8b4e9b4e3321,KXFDAAPPROVAL,World,unanimous_3_to_0,high,0.9833333333333334,True,8,0.00672834314550042,1.0
row0371_KXNEXTTEAMWESTBROOK_8924ce7d9467,KXNEXTTEAMWESTBROOK,Sports,unanimous_3_to_0,high,0.9833333333333334,True,9,0.007569386038687973,1.0
row0426_KXF1RACE_4e2c87e57908,KXF1RACE,Sports,unanimous_3_to_0,high,0.9833333333333334,True,10,0.008410428931875526,1.0
row0507_KXSUPERBOWLHEADLINE_bc73839facff,KXSUPERBOWLHEADLINE,Entertainment,unanimous_3_to_0,high,0.9833333333333334,True,11,0.009251471825063078,1.0
row0650_KXTRUMPOSC_68837892c5f3,KXTRUMPOSC,Politics,unanimous_3_to_0,high,0.9833333333333334,True,12,0.010092514718250631,1.0
row0722_KXLEAVEXAI_dbeff4fa6f96,KXLEAVEXAI,Companies,unanimous_3_to_0,high,0.9833333333333334,True,13,0.010933557611438183,1.0
row0761_KXCAHOUSINGLAW_33bbbe8a4475,KXCAHOUSINGLAW,Politics,unanimous_3_to_0,high,0.9833333333333334,True,14,0.011774600504625737,1.0
row0823_KXNEWPOPECOUNTRY_35ae62972746,KXNEWPOPECOUNTRY,World,unanimous_3_to_0,high,0.9833333333333334,True,15,0.012615643397813289,1.0
row0869_KXBESTREVIVALMUS_f08839122906,KXBESTREVIVALMUS,Entertainment,unanimous_3_to_0,high,0.9833333333333334,True,16,0.01345668629100084,1.0
row0882_KXBALLONDORNATION_4039c7f712c8,KXBALLONDORNATION,Sports,unanimous_3_to_0,high,0.9833333333333334,True,17,0.014297729184188394,1.0
row0997_KXNFLGAME_71849303e9a2,KXNFLGAME,Sports,unanimous_3_to_0,high,0.9833333333333334,True,18,0.015138772077375946,1.0
row1008_KXMAYORBOSTON_1ec3d28eb82e,KXMAYORBOSTON,Elections,unanimous_3_to_0,high,0.9833333333333334,True,19,0.0159798149705635,1.0
row1038_KXMAYORNOLA_637a9c5d80d9,KXMAYORNOLA,Elections,unanimous_3_to_0,high,0.9833333333333334,True,20,0.01682085786375105,1.0
row1072_KXLATINGRAMMYAOTY_0517ef2fc59f,KXLATINGRAMMYAOTY,Entertainment,unanimous_3_to_0,high,0.9833333333333334,True,21,0.017661900756938603,1.0
row1103_KXLALIGAGAME_7f4856de5957,KXLALIGAGAME,Sports,unanimous_3_to_0,high,0.9833333333333334,True,22,0.018502943650126155,1.0
row1119_KXF1RACEPODIUM_bf92ddefa932,KXF1RACEPODIUM,Sports,unanimous_3_to_0,high,0.9833333333333334,True,23,0.01934398654331371,1.0
row0759_KXCARDFEECHASESAPH_27f948f6d5f7,KXCARDFEECHASESAPH,Companies,unanimous_3_to_0,high,0.98,True,24,0.020185029436501262,1.0
row0005_KXMEDIARELEASEJIMMYKIMMEL_0f7ecfca5aa4,KXMEDIARELEASEJIMMYKIMMEL,Entertainment,unanimous_3_to_0,high,0.9766666666666667,True,25,0.021026072329688814,1.0
row0018_KXCALIREDISTRICTING_dab49a7dd67b,KXCALIREDISTRICTING,Elections,unanimous_3_to_0,high,0.9766666666666667,True,26,0.021867115222876366,1.0
row0067_KXUSAINTEL_f47b046cb718,KXUSAINTEL,Politics,unanimous_3_to_0,high,0.9766666666666667,True,27,0.022708158116063918,1.0
row0163_KXDWARKESH_cfd606b0bc2d,KXDWARKESH,Entertainment,unanimous_3_to_0,high,0.9766666666666667,True,28,0.023549201009251473,1.0
row0336_KXMAYORNOLA_a94db138f99e,KXMAYORNOLA,Elections,unanimous_3_to_0,high,0.9766666666666667,True,29,0.024390243902439025,1.0
row0364_KXSERIEAGAME_a2260db5f019,KXSERIEAGAME,Sports,unanimous_3_to_0,high,0.9766666666666667,True,30,0.025231286795626577,1.0
row0741_KXEARTHQUAKE_6ef44a72269f,KXEARTHQUAKE,Climate and Weather,unanimous_3_to_0,high,0.9766666666666667,True,31,0.02607232968881413,1.0
row0808_KXOAIBROWSER_082c1cd1f20c,KXOAIBROWSER,Companies,unanimous_3_to_0,high,0.9766666666666667,True,32,0.02691337258200168,1.0
row0832_KXMISSUSA_1d56a38bda3a,KXMISSUSA,Entertainment,unanimous_3_to_0,high,0.9766666666666667,True,33,0.027754415475189236,1.0
row0897_KXTOPALBUMRECORDTLOASG_0b47e8ef9cbe,KXTOPALBUMRECORDTLOASG,Entertainment,unanimous_3_to_0,high,0.9766666666666667,True,34,0.028595458368376788,1.0
row0988_KXNFLTOTAL_c9a651e60e97,KXNFLTOTAL,Sports,unanimous_3_to_0,high,0.9766666666666667,True,35,0.02943650126156434,1.0
row0008_KXGRAMMYNOMNAOTY_49f9dbe26140,KXGRAMMYNOMNAOTY,Entertainment,unanimous_3_to_0,high,0.9733333333333333,True,36,0.030277544154751892,1.0
row0026_KXAWARDSCOUNTSEV_8340043cedad,KXAWARDSCOUNTSEV,Entertainment,unanimous_3_to_0,high,0.9733333333333333,True,37,0.031118587047939444,1.0
row0035_KXMAYORCHAR_3fdb9587c521,KXMAYORCHAR,Elections,unanimous_3_to_0,high,0.9733333333333333,True,38,0.031959629941127,1.0
row0041_KXNCAAFTOTAL_2a6cb26cad82,KXNCAAFTOTAL,Sports,unanimous_3_to_0,high,0.9733333333333333,True,39,0.03280067283431455,1.0
row0047_KXRADIOHEAD_8c4b1037be30,KXRADIOHEAD,Entertainment,unanimous_3_to_0,high,0.9733333333333333,True,40,0.0336417157275021,1.0
row0053_KXSEXYMAN_8c086119b80f,KXSEXYMAN,Entertainment,unanimous_3_to_0,high,0.9733333333333333,True,41,0.034482758620689655,1.0
row0060_KXTOPALBUMBYTAYLORSWIFT_dd1259badff0,KXTOPALBUMBYTAYLORSWIFT,Entertainment,unanimous_3_to_0,high,0.9733333333333333,True,42,0.03532380151387721,1.0
row0063_KXBALLONDORNATION_76e8e73752ee,KXBALLONDORNATION,Sports,unanimous_3_to_0,high,0.9733333333333333,True,43,0.03616484440706476,1.0
row0072_KXMAYORCHAR_388a40e93749,KXMAYORCHAR,Elections,unanimous_3_to_0,high,0.9733333333333333,True,44,0.03700588730025231,1.0
row0075_KXGRAMMYNOMCOUNTKL_e08e3add6100,KXGRAMMYNOMCOUNTKL,Sports,unanimous_3_to_0,high,0.9733333333333333,True,45,0.03784693019343986,1.0
row0088_KXUFCFIGHT_76b53003562a,KXUFCFIGHT,Sports,unanimous_3_to_0,high,0.9733333333333333,True,46,0.03868797308662742,1.0
row0090_KXBALLONDOR_f0a332f95271,KXBALLONDOR,Sports,unanimous_3_to_0,high,0.9733333333333333,True,47,0.03952901597981497,1.0
row0120_KXNCAAMBGAME_2dd59bab3f45,KXNCAAMBGAME,Sports,unanimous_3_to_0,high,0.9733333333333333,True,48,0.040370058873002525,1.0
row0128_KXCOACHOUTAUB_0fbb04784e0d,KXCOACHOUTAUB,Sports,unanimous_3_to_0,high,0.9733333333333333,True,49,0.04121110176619008,1.0
row0136_KXGRAMMYNOMCOUNTKL_cf24fcbc290a,KXGRAMMYNOMCOUNTKL,Sports,unanimous_3_to_0,high,0.9733333333333333,True,50,0.04205214465937763,1.0
row0152_KXXAISUEAPPLE_6110868d2e48,KXXAISUEAPPLE,Politics,unanimous_3_to_0,high,0.9733333333333333,True,51,0.04289318755256518,1.0
row0153_KXBIDENNEBRASKA_44f44a5e8ecf,KXBIDENNEBRASKA,World,unanimous_3_to_0,high,0.9733333333333333,True,52,0.04373423044575273,1.0
row0172_KXMAYORMINN_6f0f848f3b7a,KXMAYORMINN,Elections,unanimous_3_to_0,high,0.9733333333333333,True,53,0.044575273338940284,1.0
row0186_KXCOMPANYACTIONYOUTUBE_928140670abc,KXCOMPANYACTIONYOUTUBE,Companies,unanimous_3_to_0,high,0.9733333333333333,True,54,0.045416316232127836,1.0
row0191_KXNEURALINKCOUNT_0596879171d3,KXNEURALINKCOUNT,Health,unanimous_3_to_0,high,0.9733333333333333,True,55,0.04625735912531539,1.0
row0193_KXIEMCHEN_f27fee98eed2,KXIEMCHEN,Sports,unanimous_3_to_0,high,0.9733333333333333,True,56,0.04709840201850295,1.0
row0197_KXTOPALBUMSTRAYKIDS_1e8ec1d002a1,KXTOPALBUMSTRAYKIDS,Entertainment,unanimous_3_to_0,high,0.9733333333333333,True,57,0.0479394449116905,1.0
row0200_KXFOXONE_b2604e67d373,KXFOXONE,Companies,unanimous_3_to_0,high,0.9733333333333333,True,58,0.04878048780487805,1.0
row0206_KXTOPALBUMTYLERTHECREATOR_1237ecfecab8,KXTOPALBUMTYLERTHECREATOR,Entertainment,unanimous_3_to_0,high,0.9733333333333333,True,59,0.0496215306980656,1.0
row0214_KXACQUIREPUMPFUN_7672c7749498,KXACQUIREPUMPFUN,Financials,unanimous_3_to_0,high,0.9733333333333333,True,60,0.050462573591253154,1.0
row0255_KXMLSGAME_4f986be84acd,KXMLSGAME,Sports,unanimous_3_to_0,high,0.9733333333333333,True,61,0.051303616484440706,1.0
row0260_KXLATINGRAMMYBNA_86139abc9e0a,KXLATINGRAMMYBNA,Entertainment,unanimous_3_to_0,high,0.9733333333333333,True,62,0.05214465937762826,1.0
row0262_KXTOPALBUMBYSABRINA_62841101b871,KXTOPALBUMBYSABRINA,Entertainment,unanimous_3_to_0,high,0.9733333333333333,True,63,0.05298570227081581,1.0
row0273_KXSEXYMAN_39c59a1a4778,KXSEXYMAN,Entertainment,unanimous_3_to_0,high,0.9733333333333333,True,64,0.05382674516400336,1.0
row0278_KXBLSCOMMISSIONER_4ccf591d53db,KXBLSCOMMISSIONER,Politics,unanimous_3_to_0,high,0.9733333333333333,True,65,0.054667788057190914,1.0
row0290_KXNCAAMBTOTAL_217a9e444f88,KXNCAAMBTOTAL,Sports,unanimous_3_to_0,high,0.9733333333333333,True,66,0.05550883095037847,1.0
row0302_KXUECLGAME_02d6e62cf663,KXUECLGAME,Sports,unanimous_3_to_0,high,0.9733333333333333,True,67,0.056349873843566024,1.0
row0315_KXEUROVISION_b72b95b1340c,KXEUROVISION,Entertainment,unanimous_3_to_0,high,0.9733333333333333,True,68,0.057190916736753576,1.0
row0323_KXGRAMMYNOMCOUNTSC_f40034e42506,KXGRAMMYNOMCOUNTSC,Sports,unanimous_3_to_0,high,0.9733333333333333,True,69,0.05803195962994113,1.0
row0335_KXACQUIRECOINBASE_220194a30b51,KXACQUIRECOINBASE,Financials,unanimous_3_to_0,high,0.9733333333333333,True,70,0.05887300252312868,1.0
row0338_KXNFLTOTAL_f60a79f408be,KXNFLTOTAL,Sports,unanimous_3_to_0,high,0.9733333333333333,True,71,0.05971404541631623,1.0
row0365_KXEUROVISIONHOST_e2fc699a10ca,KXEUROVISIONHOST,Entertainment,unanimous_3_to_0,high,0.9733333333333333,True,72,0.060555088309503784,1.0
row0374_KXTRUMPSETTLECBS_0e33b335b74b,KXTRUMPSETTLECBS,Politics,unanimous_3_to_0,high,0.9733333333333333,True,73,0.061396131202691336,1.0
row0405_KXCHANCELLOR_f316f7b18fd8,KXCHANCELLOR,Elections,unanimous_3_to_0,high,0.9733333333333333,True,74,0.06223717409587889,1.0
row0409_KXRECOGPALESTINE_4355cb63815f,KXRECOGPALESTINE,Politics,unanimous_3_to_0,high,0.9733333333333333,True,75,0.06307821698906645,1.0
row0465_KXUSIL_84a0b23af9bd,KXUSIL,Politics,unanimous_3_to_0,high,0.9733333333333333,True,76,0.063919259882254,1.0
row0473_KXPCOIE_aaac752d58a3,KXPCOIE,Politics,unanimous_3_to_0,high,0.9733333333333333,True,77,0.06476030277544155,1.0
row0497_KXLEAVELECORNU_e2bbcfd7f584,KXLEAVELECORNU,Politics,unanimous_3_to_0,high,0.9733333333333333,True,78,0.0656013456686291,1.0
row0498_KXLEAVELECORNU_08a717fc7078,KXLEAVELECORNU,Politics,unanimous_3_to_0,high,0.9733333333333333,True,79,0.06644238856181665,1.0
row0504_KXDRAKEUMGSUIT_fb7f057fd4d9,KXDRAKEUMGSUIT,Entertainment,unanimous_3_to_0,high,0.9733333333333333,True,80,0.0672834314550042,1.0
row0508_KXSUPERBOWLHEADLINE_e63390814ea9,KXSUPERBOWLHEADLINE,Entertainment,unanimous_3_to_0,high,0.9733333333333333,True,81,0.06812447434819176,1.0
row0514_KXCOACHOUTDALWINGS_aa8b706ec796,KXCOACHOUTDALWINGS,Sports,unanimous_3_to_0,high,0.9733333333333333,True,82,0.06896551724137931,1.0
row0519_KXMAYORMINN_38ecd7c95997,KXMAYORMINN,Elections,unanimous_3_to_0,high,0.9733333333333333,True,83,0.06980656013456686,1.0
row0521_KXSHAKETRUMPXI_ea600c7fb95b,KXSHAKETRUMPXI,World,unanimous_3_to_0,high,0.9733333333333333,True,84,0.07064760302775441,1.0
row0545_KXSENATERUN_ac9a23d389bc,KXSENATERUN,Politics,unanimous_3_to_0,high,0.9733333333333333,True,85,0.07148864592094197,1.0
row0546_KXOASIS_1927d2eaf434,KXOASIS,Entertainment,unanimous_3_to_0,high,0.9733333333333333,True,86,0.07232968881412952,1.0
row0547_KXWALZGOV_ebb5d1bf5624,KXWALZGOV,Politics,unanimous_3_to_0,high,0.9733333333333333,True,87,0.07317073170731707,1.0
row0569_KXATTYGENVA_45a0a29e4ff3,KXATTYGENVA,Elections,unanimous_3_to_0,high,0.9733333333333333,True,88,0.07401177460050462,1.0
row0619_KXTURKEYAMB_6c037168bc50,KXTURKEYAMB,Politics,unanimous_3_to_0,high,0.9733333333333333,True,89,0.07485281749369217,1.0
row0620_KXTRUMP60MINUTES_6c90aff71252,KXTRUMP60MINUTES,Entertainment,unanimous_3_to_0,high,0.9733333333333333,True,90,0.07569386038687972,1.0
row0625_KXGOVSHUTLENGTH_1a0da44d95d9,KXGOVSHUTLENGTH,Politics,unanimous_3_to_0,high,0.9733333333333333,True,91,0.07653490328006729,1.0
row0642_KXVOTERECNCS_37435727999f,KXVOTERECNCS,Politics,unanimous_3_to_0,high,0.9733333333333333,True,92,0.07737594617325484,1.0
row0651_KXTRUMPMEET_5d10f572266d,KXTRUMPMEET,Social,unanimous_3_to_0,high,0.9733333333333333,True,93,0.0782169890664424,1.0
row0658_KXTEXASBTC_c4896b5d9662,KXTEXASBTC,Politics,unanimous_3_to_0,high,0.9733333333333333,True,94,0.07905803195962995,1.0
row0660_KXTAIWANREF_11a29d0c8ed2,KXTAIWANREF,Elections,unanimous_3_to_0,high,0.9733333333333333,True,95,0.0798990748528175,1.0
row0675_KXSERGIOCONF_cb45551a1b64,KXSERGIOCONF,Politics,unanimous_3_to_0,high,0.9733333333333333,True,96,0.08074011774600505,1.0
row0679_KXRESCISSION_07f996c034c7,KXRESCISSION,Politics,unanimous_3_to_0,high,0.9733333333333333,True,97,0.0815811606391926,1.0
row0690_KXPRESVISIT_66182393d114,KXPRESVISIT,Politics,unanimous_3_to_0,high,0.9733333333333333,True,98,0.08242220353238015,1.0
row0693_KXOPENDOORCEO_72dbe3813535,KXOPENDOORCEO,Companies,unanimous_3_to_0,high,0.9733333333333333,True,99,0.0832632464255677,1.0
row0699_KXNFLREDZONEADS_b5e963866754,KXNFLREDZONEADS,Sports,unanimous_3_to_0,high,0.9733333333333333,True,100,0.08410428931875526,1.0
row0702_KXNEXTTEAMMCLAURIN_f3ae98287ddc,KXNEXTTEAMMCLAURIN,Sports,unanimous_3_to_0,high,0.9733333333333333,True,101,0.08494533221194281,1.0
row0709_KXNBA2KCOVER_1964668e1025,KXNBA2KCOVER,Sports,unanimous_3_to_0,high,0.9733333333333333,True,102,0.08578637510513036,1.0
row0710_KXNBA2KCOVER_2db6bdf0ba56,KXNBA2KCOVER,Sports,unanimous_3_to_0,high,0.9733333333333333,True,103,0.08662741799831791,1.0
row0712_KXMUSKPACKAGEVOTE_883a06bc182d,KXMUSKPACKAGEVOTE,Companies,unanimous_3_to_0,high,0.9733333333333333,True,104,0.08746846089150546,1.0
row0747_KXDJTBTC_c6fd1f2a8157,KXDJTBTC,Crypto,unanimous_3_to_0,high,0.9733333333333333,True,105,0.08830950378469302,1.0
row0749_KXDEMORAESSANCTION_ab82d5065fa7,KXDEMORAESSANCTION,Politics,unanimous_3_to_0,high,0.9733333333333333,True,106,0.08915054667788057,1.0
row0764_KXBTS_806520b0cdc3,KXBTS,Entertainment,unanimous_3_to_0,high,0.9733333333333333,True,107,0.08999158957106812,1.0
row0781_KXTRANSSPORTSSUIT_f20e932ddc0b,KXTRANSSPORTSSUIT,Politics,unanimous_3_to_0,high,0.9733333333333333,True,108,0.09083263246425567,1.0
row0801_KXPRESTALKPUTIN_fee51178e867,KXPRESTALKPUTIN,Politics,unanimous_3_to_0,high,0.9733333333333333,True,109,0.09167367535744322,1.0
row0802_KXPRESTALKPUTIN_d48a7074ded1,KXPRESTALKPUTIN,Politics,unanimous_3_to_0,high,0.9733333333333333,True,110,0.09251471825063078,1.0
row0814_KXNEXTTEAMWESTBROOK_b17de07789b6,KXNEXTTEAMWESTBROOK,Sports,unanimous_3_to_0,high,0.9733333333333333,True,111,0.09335576114381834,1.0
row0825_KXNEWPOPECONTINENT_4721b5de5d4f,KXNEWPOPECONTINENT,World,unanimous_3_to_0,high,0.9733333333333333,True,112,0.0941968040370059,1.0
row0852_KXFDAAPPROVAL_bd1313e3f06d,KXFDAAPPROVAL,World,unanimous_3_to_0,high,0.9733333333333333,True,113,0.09503784693019345,1.0
row0889_KXALLINGUEST_2ade7d5680e0,KXALLINGUEST,Entertainment,unanimous_3_to_0,high,0.9733333333333333,True,114,0.095878889823381,1.0
row0891_KX1SONGSABRINACARPENTER_3ddfe19b722e,KX1SONGSABRINACARPENTER,Entertainment,unanimous_3_to_0,high,0.9733333333333333,True,115,0.09671993271656855,1.0
row0893_KXTOPALBUMBYJACKBOYS_1909f1694260,KXTOPALBUMBYJACKBOYS,Entertainment,unanimous_3_to_0,high,0.9733333333333333,True,116,0.0975609756097561,1.0
row0894_KXTOPALBUMBYCARDIB_64473d6f3fb7,KXTOPALBUMBYCARDIB,Entertainment,unanimous_3_to_0,high,0.9733333333333333,True,117,0.09840201850294365,1.0
row0896_KXTOPALBUMRECORDTLOASG_d2515fbe4d65,KXTOPALBUMRECORDTLOASG,Entertainment,unanimous_3_to_0,high,0.9733333333333333,True,118,0.0992430613961312,1.0
row0914_KXUSAMBTURKEY_98843104ef87,KXUSAMBTURKEY,Politics,unanimous_3_to_0,high,0.9733333333333333,True,119,0.10008410428931876,1.0
row0929_KXUSAMBCHINA_c6a736caf25e,KXUSAMBCHINA,Politics,unanimous_3_to_0,high,0.9733333333333333,True,120,0.10092514718250631,1.0
row0938_KXNTLCYBERDIR_7609922e2dd3,KXNTLCYBERDIR,Politics,unanimous_3_to_0,high,0.9733333333333333,True,121,0.10176619007569386,1.0
row0943_KXXFLARE_96cbc7bbcf3f,KXXFLARE,Climate and Weather,unanimous_3_to_0,high,0.9733333333333333,True,122,0.10260723296888141,1.0
row0944_KXTRUMPSAYMONTH_68cf703450c9,KXTRUMPSAYMONTH,Mentions,unanimous_3_to_0,high,0.9733333333333333,True,123,0.10344827586206896,1.0
row0946_KXTRUMPPARDONMONTH_effe16c32e84,KXTRUMPPARDONMONTH,Politics,unanimous_3_to_0,high,0.9733333333333333,True,124,0.10428931875525652,1.0
row0968_KXTRUMPSAY_546979f378e2,KXTRUMPSAY,Mentions,unanimous_3_to_0,high,0.9733333333333333,True,125,0.10513036164844407,1.0
row0977_KXNCAAMBTOTAL_7d86f03af4ec,KXNCAAMBTOTAL,Sports,unanimous_3_to_0,high,0.9733333333333333,True,126,0.10597140454163162,1.0
row0987_KXNCAAMBGAME_8c896163b77a,KXNCAAMBGAME,Sports,unanimous_3_to_0,high,0.9733333333333333,True,127,0.10681244743481917,1.0
row0996_KXNFLGAME_78bcc0bc4484,KXNFLGAME,Sports,unanimous_3_to_0,high,0.9733333333333333,True,128,0.10765349032800672,1.0
row1003_KXNHLGAME_77244c194789,KXNHLGAME,Sports,unanimous_3_to_0,high,0.9733333333333333,True,129,0.10849453322119428,1.0
row1018_KXMARATHON_a1ad7cce9447,KXMARATHON,Sports,unanimous_3_to_0,high,0.9733333333333333,True,130,0.10933557611438183,1.0
row1070_KXLATINGRAMMYROTY_0f31c2d547a7,KXLATINGRAMMYROTY,Entertainment,unanimous_3_to_0,high,0.9733333333333333,True,131,0.11017661900756939,1.0
row1071_KXLATINGRAMMYBNA_52fd39f27e0a,KXLATINGRAMMYBNA,Entertainment,unanimous_3_to_0,high,0.9733333333333333,True,132,0.11101766190075694,1.0
row1106_KXLIGUE1GAME_164d97838105,KXLIGUE1GAME,Sports,unanimous_3_to_0,high,0.9733333333333333,True,133,0.1118587047939445,1.0
row1118_KXF1RACE_b6119bd604ac,KXF1RACE,Sports,unanimous_3_to_0,high,0.9733333333333333,True,134,0.11269974768713205,1.0
row1120_KXF1RACEPODIUM_f55bfed81fe0,KXF1RACEPODIUM,Sports,unanimous_3_to_0,high,0.9733333333333333,True,135,0.1135407905803196,1.0
row1141_KXWTAMATCH_565179bc5aae,KXWTAMATCH,Sports,unanimous_3_to_0,high,0.9733333333333333,True,136,0.11438183347350715,1.0
row1142_KXWTAMATCH_ad1de419f942,KXWTAMATCH,Sports,unanimous_3_to_0,high,0.9733333333333333,True,137,0.1152228763666947,1.0
row1160_KXUELGAME_910e4bf39544,KXUELGAME,Sports,unanimous_3_to_0,high,0.9733333333333333,True,138,0.11606391925988226,1.0
row1161_KXUELGAME_1dee2cd87d9b,KXUELGAME,Sports,unanimous_3_to_0,high,0.9733333333333333,True,139,0.11690496215306981,1.0
row0033_KXMAYORSEATTLE_9e34947cbcd6,KXMAYORSEATTLE,Elections,unanimous_3_to_0,high,0.9666666666666667,True,140,0.11774600504625736,1.0
row0286_KXLALIGAGAME_c5ba641578e7,KXLALIGAGAME,Sports,unanimous_3_to_0,high,0.9666666666666667,True,141,0.11858704793944491,1.0
row0294_KXROMANIABAN_a56f898a9b7e,KXROMANIABAN,Politics,unanimous_3_to_0,high,0.9666666666666667,True,142,0.11942809083263246,1.0
row0300_KXSPOTIFY4BILLION_933391ca59e2,KXSPOTIFY4BILLION,Entertainment,unanimous_3_to_0,high,0.9666666666666667,True,143,0.12026913372582002,1.0
row0455_KXNYKCOACH_8a4e25a8fe97,KXNYKCOACH,Sports,unanimous_3_to_0,high,0.9666666666666667,True,144,0.12111017661900757,1.0
row0475_KXACTORZELDA_29be49936b73,KXACTORZELDA,Entertainment,unanimous_3_to_0,high,0.9666666666666667,True,145,0.12195121951219512,1.0
row0571_GOVPARTYNJ_e032c8444782,GOVPARTYNJ,Politics,unanimous_3_to_0,high,0.9666666666666667,True,146,0.12279226240538267,1.0
row0572_GOVPARTYVA_0720fd4b54c0,GOVPARTYVA,Politics,unanimous_3_to_0,high,0.9666666666666667,True,147,0.12363330529857022,1.0
row0607_KXNFLWINS-CHI_2eae9dbb3404,KXNFLWINS-CHI,Sports,unanimous_3_to_0,high,0.9666666666666667,True,148,0.12447434819175777,1.0
row0678_KXROGANGUEST_29c14c7809a7,KXROGANGUEST,Entertainment,unanimous_3_to_0,high,0.9666666666666667,True,149,0.12531539108494533,1.0
row0703_KXNEXTTEAMMCLAURIN_8f3055909dfe,KXNEXTTEAMMCLAURIN,Sports,unanimous_3_to_0,high,0.9666666666666667,True,150,0.1261564339781329,1.0
row0734_KXGPURULE_20342776e090,KXGPURULE,Politics,unanimous_3_to_0,high,0.9666666666666667,True,151,0.12699747687132043,1.0
row0790_KXSPOTIFY3BILLION_7a3ea7deb606,KXSPOTIFY3BILLION,Entertainment,unanimous_3_to_0,high,0.9666666666666667,True,152,0.127838519764508,1.0
row0844_KXGRAMMYNOMCOUNTLG_6d8790ef8258,KXGRAMMYNOMCOUNTLG,Sports,unanimous_3_to_0,high,0.9666666666666667,True,153,0.12867956265769553,1.0
row0864_KXCANRESIGNPARTY_adba6e67069e,KXCANRESIGNPARTY,Politics,unanimous_3_to_0,high,0.9666666666666667,True,154,0.1295206055508831,1.0
row0877_KXBESTACTORMUS_2ed69450bbd8,KXBESTACTORMUS,Entertainment,unanimous_3_to_0,high,0.9666666666666667,True,155,0.13036164844407064,1.0
row0909_KXUSAMBVATICAN_7d567c5c80c5,KXUSAMBVATICAN,Politics,unanimous_3_to_0,high,0.9666666666666667,True,156,0.1312026913372582,1.0
row0912_KXUSAMBUK_fd389581af4c,KXUSAMBUK,Politics,unanimous_3_to_0,high,0.9666666666666667,True,157,0.13204373423044574,1.0
row0979_KXFIFAGAME_f5e745a6d5fa,KXFIFAGAME,Sports,unanimous_3_to_0,high,0.9666666666666667,True,158,0.1328847771236333,1.0
row1172_KXUCLGAME_48a58f27c279,KXUCLGAME,Sports,unanimous_3_to_0,high,0.9666666666666667,True,159,0.13372582001682085,1.0
row0456_KXNYKCOACH_3ea41a4d053b,KXNYKCOACH,Sports,unanimous_3_to_0,high,0.9633333333333334,True,160,0.1345668629100084,1.0
row0647_KXUSALITHIUM_0c21193d1f90,KXUSALITHIUM,Politics,unanimous_3_to_0,high,0.9633333333333333,True,161,0.13540790580319595,1.0
row0285_KXBALLONDOR_1ec3155cc67f,KXBALLONDOR,Sports,unanimous_3_to_0,high,0.96,True,162,0.13624894869638352,1.0
row0367_KXUSELECTIONARIZONA7_30ea9c405278,KXUSELECTIONARIZONA7,Elections,unanimous_3_to_0,high,0.96,True,163,0.13708999158957108,1.0
row0431_KXSENATERUN_8eeb85c8ebb5,KXSENATERUN,Politics,unanimous_3_to_0,high,0.96,True,164,0.13793103448275862,1.0
row0513_KXEUROVISIONHOST_f2251f709631,KXEUROVISIONHOST,Entertainment,unanimous_3_to_0,high,0.96,True,165,0.13877207737594618,1.0
row0663_KXSWIFTWEEKSNUM1_cf17a457ef8c,KXSWIFTWEEKSNUM1,Entertainment,unanimous_3_to_0,high,0.96,True,166,0.13961312026913372,1.0
row0694_KXOPENDOORCEO_cee310bb67fd,KXOPENDOORCEO,Companies,unanimous_3_to_0,high,0.96,True,167,0.1404541631623213,1.0
row0822_KXNEWPOPECOUNTRY_73481b9d5ba2,KXNEWPOPECOUNTRY,World,unanimous_3_to_0,high,0.96,True,168,0.14129520605550883,1.0
row0951_KXCHOVYMVPWF_3186415868c5,KXCHOVYMVPWF,Sports,unanimous_3_to_0,high,0.96,True,169,0.1421362489486964,1.0
row1024_KXNCAAFTOTAL_c802e09c8e40,KXNCAAFTOTAL,Sports,unanimous_3_to_0,high,0.96,True,170,0.14297729184188393,1.0
row1128_KXJLEAGUEGAME_923d1c893900,KXJLEAGUEGAME,Sports,unanimous_3_to_0,high,0.96,True,171,0.1438183347350715,1.0
row0084_KXMISSUSA_d45bf8502008,KXMISSUSA,Entertainment,unanimous_3_to_0,high,0.9566666666666667,True,172,0.14465937762825903,1.0
row0132_KXEFLCHAMPIONSHIPGAME_20a6a07e1318,KXEFLCHAMPIONSHIPGAME,Sports,unanimous_3_to_0,high,0.9566666666666667,True,173,0.1455004205214466,1.0
row0235_KXNEWROLEVOGUE_ddc814573b6b,KXNEWROLEVOGUE,Companies,unanimous_3_to_0,high,0.9566666666666667,True,174,0.14634146341463414,1.0
row0247_KXOVERSIGHTRM_fcaa12d1cabe,KXOVERSIGHTRM,Politics,unanimous_3_to_0,high,0.9566666666666667,True,175,0.1471825063078217,1.0
row0331_KXNEWALBUMBIEBER_3e8446f8c7c8,KXNEWALBUMBIEBER,Entertainment,unanimous_3_to_0,high,0.9566666666666667,True,176,0.14802354920100924,1.0
row0379_KXCREDITRATING_90e3d98bf009,KXCREDITRATING,Politics,unanimous_3_to_0,high,0.9566666666666667,True,177,0.1488645920941968,1.0
row0411_KXCHANCELLOR_01a1fba434eb,KXCHANCELLOR,Elections,unanimous_3_to_0,high,0.9566666666666667,True,178,0.14970563498738435,1.0
row0443_KXUECLGAME_4b3433ce0d97,KXUECLGAME,Sports,unanimous_3_to_0,high,0.9566666666666667,True,179,0.1505466778805719,1.0
row0467_KXCATHOLICWISCNOSIN_1a07f0a80afe,KXCATHOLICWISCNOSIN,Politics,unanimous_3_to_0,high,0.9566666666666667,True,180,0.15138772077375945,1.0
row0512_KXEWCDOTA2_8c5da97668a7,KXEWCDOTA2,Sports,unanimous_3_to_0,high,0.9566666666666667,True,181,0.15222876366694701,1.0
row0530_KXCANADAPM_a48ce5b3ef7a,KXCANADAPM,Politics,unanimous_3_to_0,high,0.9566666666666667,True,182,0.15306980656013458,1.0
row0662_KXSWIFTWEEKSNUM1_1b677fc28e32,KXSWIFTWEEKSNUM1,Entertainment,unanimous_3_to_0,high,0.9566666666666667,True,183,0.15391084945332212,1.0
row0682_KXRECNCHVOTE_ea662168d955,KXRECNCHVOTE,Politics,unanimous_3_to_0,high,0.9566666666666667,True,184,0.15475189234650968,1.0
row0748_KXDJTBTC_1d52d7d3f032,KXDJTBTC,Crypto,unanimous_3_to_0,high,0.9566666666666667,True,185,0.15559293523969722,1.0
row0768_KXBLOCKTARIFF_5c5abeccd494,KXBLOCKTARIFF,Politics,unanimous_3_to_0,high,0.9566666666666667,True,186,0.1564339781328848,1.0
row0804_KXPERFORMVS_e2e0d677a380,KXPERFORMVS,Entertainment,unanimous_3_to_0,high,0.9566666666666667,True,187,0.15727502102607233,1.0
row0836_KXMAYORATLANTA_7dd6dbb430d9,KXMAYORATLANTA,Elections,unanimous_3_to_0,high,0.9566666666666667,True,188,0.1581160639192599,1.0
row0855_KXEUROVISION_79065c906b8e,KXEUROVISION,Entertainment,unanimous_3_to_0,high,0.9566666666666667,True,189,0.15895710681244743,1.0
row0905_KXDWTSELIMINATION_07599a6e49a0,KXDWTSELIMINATION,Entertainment,unanimous_3_to_0,high,0.9566666666666667,True,190,0.159798149705635,1.0
row1009_KXMAYORBOSTON_9e9c66e32a10,KXMAYORBOSTON,Elections,unanimous_3_to_0,high,0.9566666666666667,True,191,0.16063919259882253,1.0
row1019_KXATPMATCH_937ed5ac2c11,KXATPMATCH,Sports,unanimous_3_to_0,high,0.9566666666666667,True,192,0.1614802354920101,1.0
row1020_KXATPMATCH_2062ce1ed4dd,KXATPMATCH,Sports,unanimous_3_to_0,high,0.9566666666666667,True,193,0.16232127838519764,1.0
row1036_KXRANKLISTSONGTHRILLER_7bbd12416a41,KXRANKLISTSONGTHRILLER,Entertainment,unanimous_3_to_0,high,0.9566666666666667,True,194,0.1631623212783852,1.0
row1122_KXWTAFINALS_5c8f392136c6,KXWTAFINALS,Sports,unanimous_3_to_0,high,0.9566666666666667,True,195,0.16400336417157274,1.0
row1127_KXJLEAGUEGAME_419f6fe5573e,KXJLEAGUEGAME,Sports,unanimous_3_to_0,high,0.9566666666666667,True,196,0.1648444070647603,1.0
row1189_KXELECTCONCEDE_dedc34e91ee7,KXELECTCONCEDE,Elections,unanimous_3_to_0,high,0.9566666666666667,True,197,0.16568544995794784,1.0
row0967_KXTRUMPSAY_359383692934,KXTRUMPSAY,Mentions,unanimous_3_to_0,high,0.9533333333333333,True,198,0.1665264928511354,1.0
row1096_KXLOL1STTIMEWIN_f00c98598111,KXLOL1STTIMEWIN,Sports,unanimous_3_to_0,high,0.9533333333333333,True,199,0.16736753574432295,1.0
row0073_KXGTA6_950371cbabb6,KXGTA6,Entertainment,unanimous_3_to_0,high,0.9500000000000001,True,200,0.16820857863751051,1.0
row0100_KXBILLBOARDRUNNERUPSONG_02da520c2699,KXBILLBOARDRUNNERUPSONG,Entertainment,unanimous_3_to_0,high,0.9500000000000001,False,201,0.16904962153069805,0.9950248756218906
row0119_KXPRESTALKXI_63fdf6aa19a5,KXPRESTALKXI,Politics,unanimous_3_to_0,high,0.9500000000000001,True,202,0.16989066442388562,0.995049504950495
row0181_KXNEWVIDEODOBRIK_9bf656bdb8a2,KXNEWVIDEODOBRIK,Social,unanimous_3_to_0,high,0.9500000000000001,True,203,0.17073170731707318,0.9950738916256158
row0192_KXTOPALBUMMORGANWALLEN_2f9884c9036c,KXTOPALBUMMORGANWALLEN,Entertainment,unanimous_3_to_0,high,0.9500000000000001,True,204,0.17157275021026072,0.9950980392156863
row0204_KXUNAMB_8a0035589a83,KXUNAMB,Politics,unanimous_3_to_0,high,0.9500000000000001,True,205,0.1724137931034483,0.9951219512195122
row0215_KXMAYORNYCPARTY_3d0103b40153,KXMAYORNYCPARTY,Politics,unanimous_3_to_0,high,0.9500000000000001,True,206,0.17325483599663583,0.9951456310679612
row0217_KXMLBSERIESEXACT_f5dfe2c4da09,KXMLBSERIESEXACT,Sports,unanimous_3_to_0,high,0.9500000000000001,True,207,0.1740958788898234,0.9951690821256038
row0250_KXCOACHOUTNCAAFB_a67ec808b09f,KXCOACHOUTNCAAFB,Sports,unanimous_3_to_0,high,0.9500000000000001,True,208,0.17493692178301093,0.9951923076923077
row0266_KXUCLGAME_873da047b6e0,KXUCLGAME,Sports,unanimous_3_to_0,high,0.9500000000000001,True,209,0.1757779646761985,0.9952153110047847
row0267_KXEPSTEINLIST_63ff13300490,KXEPSTEINLIST,Politics,unanimous_3_to_0,high,0.9500000000000001,False,210,0.17661900756938603,0.9904761904761905
row0312_KXEPLBTTS_e0bf7585cab6,KXEPLBTTS,Sports,unanimous_3_to_0,high,0.9500000000000001,True,211,0.1774600504625736,0.990521327014218
row0410_KXVSFANTASYBRA_9dcfaced181a,KXVSFANTASYBRA,Social,unanimous_3_to_0,high,0.9500000000000001,True,212,0.17830109335576114,0.9905660377358491
row0491_KXROLLINGLOUD_ade12d2b6750,KXROLLINGLOUD,Entertainment,unanimous_3_to_0,high,0.9500000000000001,True,213,0.1791421362489487,0.9906103286384976
row0496_KXMOLDOVACOALITION_834b10534914,KXMOLDOVACOALITION,Politics,unanimous_3_to_0,high,0.9500000000000001,True,214,0.17998317914213624,0.9906542056074766
row0522_KXSHAKETRUMPXI_bab47d70c105,KXSHAKETRUMPXI,World,unanimous_3_to_0,high,0.9500000000000001,True,215,0.1808242220353238,0.9906976744186047
row0534_KXMOLDOVAMAJORITY_da5dafaaf49a,KXMOLDOVAMAJORITY,Elections,unanimous_3_to_0,high,0.9500000000000001,True,216,0.18166526492851134,0.9907407407407407
row0646_KXUSDHVOTE_6f7498becd74,KXUSDHVOTE,Crypto,unanimous_3_to_0,high,0.9500000000000001,True,217,0.1825063078216989,0.9907834101382489
row0671_KXSINNERSIMAX_0a0a53c68aa2,KXSINNERSIMAX,Companies,unanimous_3_to_0,high,0.9500000000000001,True,218,0.18334735071488645,0.9908256880733946
row0715_KXMIDSEASONINVITATIONALB_6d3d64f7d322,KXMIDSEASONINVITATIONALB,Sports,unanimous_3_to_0,high,0.9500000000000001,True,219,0.184188393608074,0.9908675799086758
row0776_KXRTWITCHERS4_e1dba37ae70d,KXRTWITCHERS4,Entertainment,unanimous_3_to_0,high,0.9500000000000001,True,220,0.18502943650126155,0.990909090909091
row0791_KXSPOTIFY3BILLION_8e1eac60a88b,KXSPOTIFY3BILLION,Entertainment,unanimous_3_to_0,high,0.9500000000000001,True,221,0.18587047939444912,0.9909502262443439
row0800_KXPRESTALKXI_419a77ffd569,KXPRESTALKXI,Politics,unanimous_3_to_0,high,0.9500000000000001,True,222,0.18671152228763668,0.990990990990991
row0812_KXNOBELECON_b5e03945f13b,KXNOBELECON,Entertainment,unanimous_3_to_0,high,0.9500000000000001,True,223,0.18755256518082422,0.9910313901345291
row0843_KXGRAMMYNOMCOUNTSC_a541dd739cd6,KXGRAMMYNOMCOUNTSC,Sports,unanimous_3_to_0,high,0.9500000000000001,True,224,0.1883936080740118,0.9910714285714286
row0910_KXUSAMBVATICAN_0b509c2e52fc,KXUSAMBVATICAN,Politics,unanimous_3_to_0,high,0.9500000000000001,True,225,0.18923465096719932,0.9911111111111112
row0937_KXNTLCYBERDIR_964e0b826f29,KXNTLCYBERDIR,Politics,unanimous_3_to_0,high,0.9500000000000001,True,226,0.1900756938603869,0.9911504424778761
row0945_KXTRUMPSAYMONTH_1a2d4100cc44,KXTRUMPSAYMONTH,Mentions,unanimous_3_to_0,high,0.9500000000000001,True,227,0.19091673675357443,0.9911894273127754
row0966_KXBLASTRIVALS2_d10c6932e52a,KXBLASTRIVALS2,Sports,unanimous_3_to_0,high,0.9500000000000001,True,228,0.191757779646762,0.9912280701754386
row0999_KXNHLTOTAL_99953f9edcdd,KXNHLTOTAL,Sports,unanimous_3_to_0,high,0.9500000000000001,True,229,0.19259882253994953,0.9912663755458515
row1021_KXATPDOUBLES_6cb3d43053c9,KXATPDOUBLES,Sports,unanimous_3_to_0,high,0.9500000000000001,True,230,0.1934398654331371,0.991304347826087
row1069_KXLATINGRAMMYROTY_484ba3e3f477,KXLATINGRAMMYROTY,Entertainment,unanimous_3_to_0,high,0.9500000000000001,True,231,0.19428090832632464,0.9913419913419913
row1100_KXLIGAMXGAME_bb9b042aeeaf,KXLIGAMXGAME,Sports,unanimous_3_to_0,high,0.9500000000000001,True,232,0.1951219512195122,0.9913793103448276
row0585_KXNFLWINS-NE_d958aade2bac,KXNFLWINS-NE,Sports,unanimous_3_to_0,high,0.9466666666666667,True,233,0.19596299411269974,0.9914163090128756
row0718_KXMASSIEDISCHARGE_f7cacb6d8799,KXMASSIEDISCHARGE,Politics,unanimous_3_to_0,high,0.9466666666666667,True,234,0.1968040370058873,0.9914529914529915
row0030_KXDCUSATTORNEY_1a6e6d83f6a6,KXDCUSATTORNEY,Politics,unanimous_3_to_0,high,0.9433333333333334,True,235,0.19764507989907484,0.9914893617021276
row0142_KXFUNDINGBILLS_53b304ae8d4c,KXFUNDINGBILLS,Politics,unanimous_3_to_0,high,0.9433333333333334,True,236,0.1984861227922624,0.9915254237288136
row0462_KXCANCOALITION_101be77c8dae,KXCANCOALITION,Politics,unanimous_3_to_0,high,0.9433333333333334,True,237,0.19932716568544995,0.9915611814345991
row0824_KXNEWPOPECONTINENT_857143e2d79f,KXNEWPOPECONTINENT,World,unanimous_3_to_0,high,0.9433333333333334,True,238,0.2001682085786375,0.9915966386554622
row0917_KXUSAMBSWISS_3d81d7b181aa,KXUSAMBSWISS,Politics,unanimous_3_to_0,high,0.9433333333333334,True,239,0.20100925147182505,0.9916317991631799
row0413_KXALEAGUEGAME_da55e8196d2c,KXALEAGUEGAME,Sports,unanimous_3_to_0,high,0.9400000000000001,True,240,0.20185029436501262,0.9916666666666667
row0548_KXPORTERDROPOUT_77d182e6a10e,KXPORTERDROPOUT,Politics,unanimous_3_to_0,high,0.9400000000000001,True,241,0.20269133725820015,0.991701244813278
row0861_KXCHOPINCOMPETITION_3159f9763e74,KXCHOPINCOMPETITION,Entertainment,unanimous_3_to_0,high,0.9400000000000001,True,242,0.20353238015138772,0.9917355371900827
row1095_KXRTPREDATORBADLANDS_e382dda11cba,KXRTPREDATORBADLANDS,Entertainment,unanimous_3_to_0,high,0.9400000000000001,True,243,0.2043734230445753,0.9917695473251029
row1104_KXSERIEAGAME_56af42ca7ad4,KXSERIEAGAME,Sports,unanimous_3_to_0,high,0.9400000000000001,True,244,0.20521446593776282,0.9918032786885246
row0080_KXADMINNASA_83d7c59ffe0e,KXADMINNASA,Politics,unanimous_3_to_0,high,0.94,True,245,0.2060555088309504,0.9918367346938776
row0105_KXGOVSHUTLENGTH_ea75f6adcf7d,KXGOVSHUTLENGTH,Politics,unanimous_3_to_0,high,0.94,True,246,0.20689655172413793,0.991869918699187
row0263_KXBRASILEIROGAME_365c30666734,KXBRASILEIROGAME,Sports,unanimous_3_to_0,high,0.94,False,247,0.2077375946173255,0.9878542510121457
row0375_KXEARNINGSMENTIONCRWV_d6bcbf474ed4,KXEARNINGSMENTIONCRWV,Companies,unanimous_3_to_0,high,0.94,True,248,0.20857863751051303,0.9879032258064516
row0390_KXUSAMBSWISS_d5b7a8bbcd04,KXUSAMBSWISS,Politics,unanimous_3_to_0,high,0.94,True,249,0.2094196804037006,0.9879518072289156
row0476_KXACTORZELDA_b4fe72af8233,KXACTORZELDA,Entertainment,unanimous_3_to_0,high,0.94,True,250,0.21026072329688814,0.988
row0657_KXTIPTAX_69b5e853ef76,KXTIPTAX,Politics,unanimous_3_to_0,high,0.94,True,251,0.2111017661900757,0.9880478087649402
row0692_KXOVERSIGHTRM_b0fda5a236f7,KXOVERSIGHTRM,Politics,unanimous_3_to_0,high,0.94,True,252,0.21194280908326324,0.9880952380952381
row0098_KXSPOTIFYSONGSOPALITE_0f9b5d9f5185,KXSPOTIFYSONGSOPALITE,Entertainment,unanimous_3_to_0,high,0.9333333333333332,False,253,0.2127838519764508,0.9841897233201581
row0099_KXNFLWINS-DAL_65e639aeaebe,KXNFLWINS-DAL,Sports,unanimous_3_to_0,high,0.9333333333333332,True,254,0.21362489486963834,0.984251968503937
row0145_KXCUOMOMENTION_8eee451baaf1,KXCUOMOMENTION,Mentions,unanimous_3_to_0,high,0.9333333333333332,True,255,0.2144659377628259,0.984313725490196
row0157_KXMUSKRECONCILIATION_e1d7aeba2464,KXMUSKRECONCILIATION,World,unanimous_3_to_0,high,0.9333333333333332,True,256,0.21530698065601345,0.984375
row0252_KXG7LEADEROUT_19158bb6993e,KXG7LEADEROUT,Politics,unanimous_3_to_0,high,0.9333333333333332,True,257,0.216148023549201,0.9844357976653697
row0303_KXPERFORMVMA_2e6d7a5d2144,KXPERFORMVMA,Entertainment,unanimous_3_to_0,high,0.9333333333333332,True,258,0.21698906644238855,0.9844961240310077
row0417_KXNHLTOTAL_f78947e5c1d8,KXNHLTOTAL,Sports,unanimous_3_to_0,high,0.9333333333333332,True,259,0.21783010933557612,0.9845559845559846
row0446_KXRESCISSIONBILL_0d62800a3aed,KXRESCISSIONBILL,Politics,unanimous_3_to_0,high,0.9333333333333332,True,260,0.21867115222876365,0.9846153846153847
row0602_KXNFLWINS-DEN_31775941a146,KXNFLWINS-DEN,Sports,unanimous_3_to_0,high,0.9333333333333332,True,261,0.21951219512195122,0.9846743295019157
row0695_KXNYCHECKS_248a09305cef,KXNYCHECKS,Politics,unanimous_3_to_0,high,0.9333333333333332,True,262,0.22035323801513879,0.9847328244274809
row0778_KXWLEADER_268472721137,KXWLEADER,Politics,unanimous_3_to_0,high,0.9333333333333332,True,263,0.22119428090832632,0.9847908745247148
row0813_KXNOBELECON_101a891fcd98,KXNOBELECON,Entertainment,unanimous_3_to_0,high,0.9333333333333332,True,264,0.2220353238015139,0.9848484848484849
row0859_KXDIDDYTRIALATTEND_2b4c05232560,KXDIDDYTRIALATTEND,Entertainment,unanimous_3_to_0,high,0.9333333333333332,True,265,0.22287636669470143,0.9849056603773585
row0908_KXMLBWSMVP_00ac1f8d3ade,KXMLBWSMVP,Sports,unanimous_3_to_0,high,0.9333333333333332,False,266,0.223717409587889,0.981203007518797
row0934_KXUSAMBBAHAMAS_087268687625,KXUSAMBBAHAMAS,Politics,unanimous_3_to_0,high,0.9333333333333332,True,267,0.22455845248107653,0.9812734082397003
row1066_KXTRUMPMENTIONB_639d75a8b25a,KXTRUMPMENTIONB,Mentions,unanimous_3_to_0,high,0.9333333333333332,True,268,0.2253994953742641,0.9813432835820896
row1163_KXSCOTUSMENTION_03ed71add5b0,KXSCOTUSMENTION,Mentions,unanimous_3_to_0,high,0.9333333333333332,False,269,0.22624053826745164,0.9776951672862454
row1099_KXMLSGAME_5cf61971fe17,KXMLSGAME,Sports,unanimous_3_to_0,high,0.93,True,270,0.2270815811606392,0.9777777777777777
row0257_KXUSAMBCHINA_8c753ba643ad,KXUSAMBCHINA,Politics,unanimous_3_to_0,high,0.9266666666666667,True,271,0.22792262405382674,0.977859778597786
row0626_KXFRANCEAMB_1f7982c83fce,KXFRANCEAMB,Politics,unanimous_3_to_0,high,0.9266666666666667,True,272,0.2287636669470143,0.9779411764705882
row0888_KXALLINGUEST_9011a4b0a4ea,KXALLINGUEST,Entertainment,unanimous_3_to_0,high,0.9266666666666667,True,273,0.22960470984020184,0.978021978021978
row0927_KXUSAMBGREECE_797f748c8fe6,KXUSAMBGREECE,Politics,unanimous_3_to_0,high,0.9266666666666667,True,274,0.2304457527333894,0.9781021897810219
row1131_KXEFLCHAMPIONSHIPGAME_8c0d3427b231,KXEFLCHAMPIONSHIPGAME,Sports,unanimous_3_to_0,high,0.9266666666666667,True,275,0.23128679562657695,0.9781818181818182
row0868_KXBESTREVIVALMUS_2f3c5edfd542,KXBESTREVIVALMUS,Entertainment,unanimous_3_to_0,high,0.9266666666666666,True,276,0.2321278385197645,0.9782608695652174
row0019_KXPPFUNDING_2bc41f0b1a0f,KXPPFUNDING,Politics,unanimous_3_to_0,high,0.9233333333333333,True,277,0.23296888141295205,0.9783393501805054
row0079_KXMIRAGE_6850e11055f3,KXMIRAGE,Entertainment,unanimous_3_to_0,high,0.9233333333333333,True,278,0.23380992430613962,0.9784172661870504
row0091_KXELECTCONCEDE_a49196c94ba9,KXELECTCONCEDE,Elections,unanimous_3_to_0,high,0.9233333333333333,True,279,0.23465096719932715,0.978494623655914
row0347_KXBLASTRIVALS2_abf3499bcfdf,KXBLASTRIVALS2,Sports,unanimous_3_to_0,high,0.9233333333333333,True,280,0.23549201009251472,0.9785714285714285
row0493_KXRECCOST_21bd1f6677b5,KXRECCOST,Politics,unanimous_3_to_0,high,0.9233333333333333,True,281,0.23633305298570226,0.9786476868327402
row0531_KXCANADAPM_44ce8f0efd19,KXCANADAPM,Politics,unanimous_3_to_0,high,0.9233333333333333,True,282,0.23717409587888982,0.9787234042553191
row0566_KXAIRDROPMONAD_3c932b920fe2,KXAIRDROPMONAD,Crypto,unanimous_3_to_0,high,0.9233333333333333,False,283,0.2380151387720774,0.9752650176678446
row0599_KXNFLWINS-GB_a94e7689ad63,KXNFLWINS-GB,Sports,unanimous_3_to_0,high,0.9233333333333333,True,284,0.23885618166526493,0.9753521126760564
row0798_KXSALT_89132c1b26fb,KXSALT,Politics,unanimous_3_to_0,high,0.9233333333333333,True,285,0.2396972245584525,0.9754385964912281
row0835_KXMAYORATLANTA_1a649a5ff380,KXMAYORATLANTA,Elections,unanimous_3_to_0,high,0.9233333333333333,True,286,0.24053826745164003,0.9755244755244755
row0892_KXTOPSONGRECORDLUTHER_c3a2a05da99a,KXTOPSONGRECORDLUTHER,Entertainment,unanimous_3_to_0,high,0.9233333333333333,True,287,0.2413793103448276,0.975609756097561
row0932_KXUSAMBBELGIUM_cf6f3aaa3b50,KXUSAMBBELGIUM,Politics,unanimous_3_to_0,high,0.9233333333333333,True,288,0.24222035323801513,0.9756944444444444
row0964_KXTOPSONG_2fb5d8c32897,KXTOPSONG,Entertainment,unanimous_3_to_0,high,0.9233333333333333,True,289,0.2430613961312027,0.9757785467128027
row1097_KXIEMCHEN_785cdfc1b9df,KXIEMCHEN,Sports,unanimous_3_to_0,high,0.9199999999999999,True,290,0.24390243902439024,0.9758620689655172
row0022_KXMRBEAST50M_946fe3e605aa,KXMRBEAST50M,Entertainment,unanimous_3_to_0,high,0.9166666666666666,True,291,0.2447434819175778,0.9759450171821306
row0231_KXADP_e4371789b82a,KXADP,Economics,unanimous_3_to_0,high,0.9166666666666666,True,292,0.24558452481076534,0.976027397260274
row0282_KXGAMERELEASE_19354d9800ed,KXGAMERELEASE,Entertainment,unanimous_3_to_0,high,0.9166666666666666,True,293,0.2464255677039529,0.9761092150170648
row0369_KXNFLWINS-DET_5fca01d6ceb1,KXNFLWINS-DET,Sports,unanimous_3_to_0,high,0.9166666666666666,True,294,0.24726661059714045,0.9761904761904762
row0424_KXLATINGRAMMYAOTY_ba5c5108ac0e,KXLATINGRAMMYAOTY,Entertainment,unanimous_3_to_0,high,0.9166666666666666,True,295,0.248107653490328,0.976271186440678
row0441_KXEURUSD_23341bb0f766,KXEURUSD,Financials,unanimous_3_to_0,high,0.9166666666666666,True,296,0.24894869638351555,0.9763513513513513
row0468_KXBLOMHONICKMAN_b7acc4818b89,KXBLOMHONICKMAN,Politics,unanimous_3_to_0,high,0.9166666666666666,True,297,0.24978973927670312,0.9764309764309764
row0581_KXNFLWINS-PHI_708363db3fcd,KXNFLWINS-PHI,Sports,unanimous_3_to_0,high,0.9166666666666666,True,298,0.25063078216989065,0.9765100671140939
row0643_KXVOTERECNCS_326fd9364fdd,KXVOTERECNCS,Politics,unanimous_3_to_0,high,0.9166666666666666,True,299,0.2514718250630782,0.9765886287625418
row0777_KXWLEADER_3ce16bfda472,KXWLEADER,Politics,unanimous_3_to_0,high,0.9166666666666666,True,300,0.2523128679562658,0.9766666666666667
row0793_KXSPOTIFY2BILLION_3f249223856e,KXSPOTIFY2BILLION,Entertainment,unanimous_3_to_0,high,0.9166666666666666,True,301,0.2531539108494533,0.9767441860465116
row0873_KXBESTMUSICAL_51c517981c82,KXBESTMUSICAL,Entertainment,unanimous_3_to_0,high,0.9166666666666666,True,302,0.25399495374264086,0.9768211920529801
row0874_KXBESTMUSICAL_9f76f2621116,KXBESTMUSICAL,Entertainment,unanimous_3_to_0,high,0.9166666666666666,True,303,0.25483599663582845,0.976897689768977
row1112_KXSUPERLIGGAME_0e64029380f8,KXSUPERLIGGAME,Sports,unanimous_3_to_0,high,0.9166666666666666,True,304,0.255677039529016,0.9769736842105263
row0370_KXNFLWINS-CHI_434030290983,KXNFLWINS-CHI,Sports,unanimous_3_to_0,high,0.9133333333333334,True,305,0.25651808242220353,0.9770491803278688
row0066_KXMOLDOVAPAS_29e647293a65,KXMOLDOVAPAS,Elections,unanimous_3_to_0,high,0.91,True,306,0.25735912531539107,0.9771241830065359
row0240_KXNFLWINS-SF_95420893ecf6,KXNFLWINS-SF,Sports,unanimous_3_to_0,high,0.91,True,307,0.25820016820857866,0.9771986970684039
row0605_KXNFLWINS-CIN_abaa76809f8d,KXNFLWINS-CIN,Sports,unanimous_3_to_0,high,0.91,True,308,0.2590412111017662,0.9772727272727273
row0803_KXPERFORMVS_6f573382fe73,KXPERFORMVS,Entertainment,unanimous_3_to_0,high,0.91,True,309,0.25988225399495374,0.9773462783171522
row1123_KXSNLMENTION_cadb6e917697,KXSNLMENTION,Mentions,unanimous_3_to_0,high,0.91,False,310,0.2607232968881413,0.9741935483870968
row0118_KXADP_650747738be0,KXADP,Economics,unanimous_3_to_0,high,0.9066666666666667,True,311,0.26156433978132887,0.9742765273311897
row0381_KXLIGAMXGAME_b6443e4b579e,KXLIGAMXGAME,Sports,unanimous_3_to_0,high,0.9066666666666667,True,312,0.2624053826745164,0.9743589743589743
row0492_KXRECCOST_ecfe43a2f7ff,KXRECCOST,Politics,unanimous_3_to_0,high,0.9066666666666666,True,313,0.26324642556770395,0.9744408945686901
row0588_KXNFLWINS-MIA_e89baf5be067,KXNFLWINS-MIA,Sports,unanimous_3_to_0,high,0.9066666666666666,True,314,0.2640874684608915,0.9745222929936306
row0707_KXNEWCOINLAUNCH_548f8b50c0ae,KXNEWCOINLAUNCH,Crypto,unanimous_3_to_0,high,0.9066666666666666,True,315,0.2649285113540791,0.9746031746031746
row0683_KXRECHEALTHCARE_e50b215af8ef,KXRECHEALTHCARE,Politics,unanimous_3_to_0,high,0.9033333333333333,True,316,0.2657695542472666,0.9746835443037974
row0001_KXLTGOVVA_f6a16c9a2c02,KXLTGOVVA,Elections,unanimous_3_to_0,high,0.9,True,317,0.26661059714045415,0.9747634069400631
row0201_KXCS2MAP_352e52f3fefa,KXCS2MAP,Sports,unanimous_3_to_0,high,0.9,False,318,0.2674516400336417,0.9716981132075472
row0268_KXMOSTWINSEMMYS_11668730ac11,KXMOSTWINSEMMYS,Entertainment,unanimous_3_to_0,high,0.9,True,319,0.2682926829268293,0.9717868338557993
row0314_KXPUBLICADV_2463b2b1604d,KXPUBLICADV,Elections,unanimous_3_to_0,high,0.9,True,320,0.2691337258200168,0.971875
row0453_KXNEXTPOPE_a164547a3f6b,KXNEXTPOPE,World,unanimous_3_to_0,high,0.9,True,321,0.26997476871320436,0.9719626168224299
row0536_KXMOLDOVABEP_b514190b03c8,KXMOLDOVABEP,Elections,unanimous_3_to_0,high,0.9,True,322,0.2708158116063919,0.9720496894409938
row0681_KXRECNCHVOTE_e97a00e77f0b,KXRECNCHVOTE,Politics,unanimous_3_to_0,high,0.9,True,323,0.2716568544995795,0.9721362229102167
row0725_KXIPCGAZA_604618f76288,KXIPCGAZA,Politics,unanimous_3_to_0,high,0.9,True,324,0.27249789739276703,0.9722222222222222
row0744_KXDRAGONISS_a09f79ac3a90,KXDRAGONISS,World,unanimous_3_to_0,high,0.9,True,325,0.27333894028595457,0.9723076923076923
row0807_KXOAISOCIAL_628ab5c0d064,KXOAISOCIAL,Science and Technology,unanimous_3_to_0,high,0.9,True,326,0.27417998317914216,0.9723926380368099
row0826_KXMUSKRECONCILIATION_aba4d13309dd,KXMUSKRECONCILIATION,World,unanimous_3_to_0,high,0.9,True,327,0.2750210260723297,0.9724770642201835
row0838_KXLOVEISLANDGAMES_1a715634fc6d,KXLOVEISLANDGAMES,Sports,unanimous_3_to_0,high,0.9,True,328,0.27586206896551724,0.9725609756097561
row1162_KXSCOTUSMENTION_e8cce998cbdb,KXSCOTUSMENTION,Mentions,unanimous_3_to_0,high,0.9,True,329,0.2767031118587048,0.9726443768996961
row0135_KXKLARSTRIP_a8b77f34751c,KXKLARSTRIP,Financials,unanimous_3_to_0,high,0.8999999999999999,True,330,0.27754415475189237,0.9727272727272728
row0399_KXNEWVIDEOOUTDOORBOYS_5f5056229eac,KXNEWVIDEOOUTDOORBOYS,Social,unanimous_3_to_0,high,0.8999999999999999,True,331,0.2783851976450799,0.972809667673716
row0472_KXAJTOSSEO_e6c8f4d0ace4,KXAJTOSSEO,Politics,unanimous_3_to_0,high,0.8999999999999999,True,332,0.27922624053826745,0.9728915662650602
row0489_KXROMANIATOP2_2f7c8349f456,KXROMANIATOP2,Politics,unanimous_3_to_0,high,0.8999999999999999,True,333,0.280067283431455,0.972972972972973
row0755_KXCOACHOUTMSU_49d1efa77697,KXCOACHOUTMSU,Sports,unanimous_3_to_0,high,0.8999999999999999,False,334,0.2809083263246426,0.9700598802395209
row0833_KXMIRAGE_7f86d5e29f71,KXMIRAGE,Entertainment,unanimous_3_to_0,high,0.8999999999999999,True,335,0.2817493692178301,0.9701492537313433
row0190_KXFERTILITYSK_ba82c528c027,KXFERTILITYSK,World,unanimous_3_to_0,high,0.8966666666666666,True,336,0.28259041211101765,0.9702380952380952
row0866_KXBOLIVIARUNOFF_7a68bf5bfbee,KXBOLIVIARUNOFF,Elections,unanimous_3_to_0,high,0.8966666666666666,True,337,0.2834314550042052,0.9703264094955489
row1148_KXNADALMENTION_fb5efcb4b820,KXNADALMENTION,Mentions,unanimous_3_to_0,high,0.8966666666666666,True,338,0.2842724978973928,0.9704142011834319
row0141_KXNEWPOPENAME_90e95d285a93,KXNEWPOPENAME,World,unanimous_3_to_0,high,0.8933333333333334,True,339,0.2851135407905803,0.9705014749262537
row0207_KXUSDHVOTE_e9c46ea3ad62,KXUSDHVOTE,Crypto,unanimous_3_to_0,high,0.8933333333333334,True,340,0.28595458368376786,0.9705882352941176
row1117_KXEPLBTTS_caa600d5a772,KXEPLBTTS,Sports,unanimous_3_to_0,high,0.8933333333333334,True,341,0.2867956265769554,0.9706744868035191
row0065_KXAIRDROPPUMPFUN_340bc2f37aff,KXAIRDROPPUMPFUN,Crypto,unanimous_3_to_0,high,0.8933333333333332,True,342,0.287636669470143,0.9707602339181286
row0112_KXEPLGAME_a9c241cf6837,KXEPLGAME,Sports,unanimous_3_to_0,high,0.89,False,343,0.28847771236333053,0.967930029154519
row0352_KXSNAPDELAY_2567c947b272,KXSNAPDELAY,Politics,unanimous_3_to_0,high,0.89,True,344,0.28931875525651807,0.9680232558139535
row0659_KXTARIFFSCOPPER_151e6a6c697c,KXTARIFFSCOPPER,Politics,unanimous_3_to_0,high,0.89,True,345,0.29015979814970566,0.9681159420289855
row0684_KXRECHEALTHCARE_e7f2481e0947,KXRECHEALTHCARE,Politics,unanimous_3_to_0,high,0.89,True,346,0.2910008410428932,0.9682080924855492
row0708_KXNEPMLEAVE_a948d840bc71,KXNEPMLEAVE,Politics,unanimous_3_to_0,high,0.89,True,347,0.29184188393608074,0.968299711815562
row0818_KXNEWTAYLORAMAS_fc35ec06408c,KXNEWTAYLORAMAS,Entertainment,unanimous_3_to_0,high,0.89,True,348,0.2926829268292683,0.9683908045977011
row0903_KX1SONGMORGANWALLEN_6ea80d17db29,KX1SONGMORGANWALLEN,Entertainment,unanimous_3_to_0,high,0.89,True,349,0.29352396972245587,0.9684813753581661
row1057_KXMELANIAMENTION_644658bfed4f,KXMELANIAMENTION,Mentions,unanimous_3_to_0,high,0.89,True,350,0.2943650126156434,0.9685714285714285
row1094_KXRTPREDATORBADLANDS_550fa4737174,KXRTPREDATORBADLANDS,Entertainment,unanimous_3_to_0,high,0.89,False,351,0.29520605550883094,0.9658119658119658
row0242_KXOAIPROFIT_7b1f6a15d98b,KXOAIPROFIT,Companies,unanimous_3_to_0,high,0.8866666666666667,True,352,0.2960470984020185,0.9659090909090909
row0863_KXCANRESIGNPARTY_e5613456044f,KXCANRESIGNPARTY,Politics,unanimous_3_to_0,high,0.8866666666666667,True,353,0.2968881412952061,0.9660056657223796
row0970_KXNFLFIRSTTD_45c48aa192f3,KXNFLFIRSTTD,Sports,unanimous_3_to_0,high,0.8866666666666667,True,354,0.2977291841883936,0.9661016949152542
row0887_KXAUSCOALITION_3cbf9f955bac,KXAUSCOALITION,Politics,unanimous_3_to_0,high,0.8833333333333334,True,355,0.29857022708158115,0.9661971830985916
row0071_KXTRUMPUFC322_58be75e748b6,KXTRUMPUFC322,Entertainment,unanimous_3_to_0,high,0.8833333333333333,True,356,0.2994112699747687,0.9662921348314607
row0107_KXNFLTRADE_c028f94500ef,KXNFLTRADE,Sports,unanimous_3_to_0,high,0.8833333333333333,True,357,0.3002523128679563,0.9663865546218487
row0216_KXELECTIONMOVIRELAND_539f10d898ba,KXELECTIONMOVIRELAND,Elections,unanimous_3_to_0,high,0.8833333333333333,True,358,0.3010933557611438,0.9664804469273743
row0223_KXNCAAFGAME_8e4a552a4c42,KXNCAAFGAME,Sports,unanimous_3_to_0,high,0.8833333333333333,True,359,0.30193439865433136,0.9665738161559888
row0248_KXSNFMENTION_10f2409d2b11,KXSNFMENTION,Mentions,unanimous_3_to_0,high,0.8833333333333333,True,360,0.3027754415475189,0.9666666666666667
row0280_KXEUROLEAGUEGAME_c12b6035f679,KXEUROLEAGUEGAME,Sports,unanimous_3_to_0,high,0.8833333333333333,False,361,0.3036164844407065,0.96398891966759
row0361_KXEWCDOTA2_6e2b0e3ed5c7,KXEWCDOTA2,Sports,unanimous_3_to_0,high,0.8833333333333333,True,362,0.30445752733389403,0.9640883977900553
row0437_KXWHVISIT_e514df3ce729,KXWHVISIT,Politics,unanimous_3_to_0,high,0.8833333333333333,False,363,0.30529857022708157,0.9614325068870524
row0610_KXNFLWINS-BAL_b9992efe16f1,KXNFLWINS-BAL,Sports,unanimous_3_to_0,high,0.8833333333333333,True,364,0.30613961312026916,0.9615384615384616
row0627_KXDOGEMAX1_6465f3c74ec2,KXDOGEMAX1,Crypto,unanimous_3_to_0,high,0.8833333333333333,True,365,0.3069806560134567,0.9616438356164384
row0641_KXVOTESHUTDOWNH_3a9c97051f84,KXVOTESHUTDOWNH,Politics,unanimous_3_to_0,high,0.8833333333333333,True,366,0.30782169890664424,0.9617486338797814
row0745_KXDOGESAVINGS_5743b5986053,KXDOGESAVINGS,Politics,unanimous_3_to_0,high,0.8833333333333333,False,367,0.3086627417998318,0.9591280653950953
row0810_KXNOBELPEACE_2688fee2bf1c,KXNOBELPEACE,Entertainment,unanimous_3_to_0,high,0.8833333333333333,False,368,0.30950378469301937,0.9565217391304348
row0817_KXNEWTAYLORAMAS_7351fd1c029c,KXNEWTAYLORAMAS,Entertainment,unanimous_3_to_0,high,0.8833333333333333,True,369,0.3103448275862069,0.9566395663956639
row0849_KXFOOTBALL1001_0000921a7596,KXFOOTBALL1001,World,unanimous_3_to_0,high,0.8833333333333333,True,370,0.31118587047939444,0.9567567567567568
row0860_KXDEFICIT_47e9cf68633f,KXDEFICIT,Politics,unanimous_3_to_0,high,0.8833333333333333,False,371,0.312026913372582,0.954177897574124
row0872_KXBESTPLAY_3aaf61fddf12,KXBESTPLAY,Entertainment,unanimous_3_to_0,high,0.8833333333333333,True,372,0.3128679562657696,0.9543010752688172
row0878_KXBESTACRESSTONYS_7a1356b4e280,KXBESTACRESSTONYS,Entertainment,unanimous_3_to_0,high,0.8833333333333333,True,373,0.3137089991589571,0.9544235924932976
row0920_KXUSAMBPOLAND_4abb3ba6bbba,KXUSAMBPOLAND,Politics,unanimous_3_to_0,high,0.8833333333333333,True,374,0.31455004205214465,0.9545454545454546
row0924_KXUSAMBITALY_09fffaf5816e,KXUSAMBITALY,Politics,unanimous_3_to_0,high,0.8833333333333333,True,375,0.3153910849453322,0.9546666666666667
row0733_KXGROK4_380cab7814c8,KXGROK4,Science and Technology,unanimous_3_to_0,high,0.8799999999999999,True,376,0.3162321278385198,0.9547872340425532
row0106_KXAWARDSCOUNTSEV_aad1a03d9272,KXAWARDSCOUNTSEV,Entertainment,unanimous_3_to_0,high,0.8766666666666666,True,377,0.3170731707317073,0.9549071618037135
row0389_KXVOTESHUTDOWNH_566cd4907200,KXVOTESHUTDOWNH,Politics,unanimous_3_to_0,high,0.8766666666666666,True,378,0.31791421362489486,0.955026455026455
row0469_KXBECERRABRAIDWOOD_04178042448c,KXBECERRABRAIDWOOD,Politics,unanimous_3_to_0,high,0.8766666666666666,True,379,0.3187552565180824,0.9551451187335093
row0716_KXMEDIARELEASEJIMMYKIMMEL_5ee6e8eb0743,KXMEDIARELEASEJIMMYKIMMEL,Entertainment,unanimous_3_to_0,high,0.8766666666666666,True,380,0.31959629941127,0.9552631578947368
row0969_KXATPFINALS_63ffeed0e3a1,KXATPFINALS,Sports,unanimous_3_to_0,high,0.8766666666666666,True,381,0.32043734230445753,0.9553805774278216
row0044_KXMLBWSMVP_abbfcf1be36a,KXMLBWSMVP,Sports,unanimous_3_to_0,high,0.8733333333333334,True,382,0.32127838519764507,0.9554973821989529
row0140_KXTOPSONGRECORDLUTHER_30ae0049c4c0,KXTOPSONGRECORDLUTHER,Entertainment,unanimous_3_to_0,high,0.8733333333333334,True,383,0.32211942809083266,0.9556135770234987
row0353_KXRANKLISTSONGTHRILLER_8893857f26a5,KXRANKLISTSONGTHRILLER,Sports,unanimous_3_to_0,high,0.8733333333333334,False,384,0.3229604709840202,0.953125
row0398_KXBESTACTORMUS_c6ce198cddee,KXBESTACTORMUS,Entertainment,unanimous_3_to_0,high,0.8733333333333334,True,385,0.32380151387720774,0.9532467532467532
row0416_KXSUBWAY_fb203029494b,KXSUBWAY,Companies,unanimous_3_to_0,high,0.8733333333333334,False,386,0.3246425567703953,0.9507772020725389
row0535_KXMOLDOVABEP_ba13b61fa78b,KXMOLDOVABEP,Elections,unanimous_3_to_0,high,0.8733333333333334,False,387,0.32548359966358287,0.9483204134366925
row0758_KXCENAMENTION_83e2f685b997,KXCENAMENTION,Politics,unanimous_3_to_0,high,0.8733333333333334,True,388,0.3263246425567704,0.9484536082474226
row0011_KXTOPSONGRECORDMANCHILD_17f692871ec8,KXTOPSONGRECORDMANCHILD,Entertainment,unanimous_3_to_0,high,0.8666666666666667,True,389,0.32716568544995794,0.9485861182519281
row0292_KXROLLINGLOUD_72b8236360e7,KXROLLINGLOUD,Entertainment,unanimous_3_to_0,high,0.8666666666666667,True,390,0.3280067283431455,0.9487179487179487
row0359_KXSURGEON_cb624fe134f0,KXSURGEON,Politics,unanimous_3_to_0,high,0.8666666666666667,True,391,0.3288477712363331,0.948849104859335
row0477_KXIPOOPENAI_7ece0a642678,KXIPOOPENAI,Economics,unanimous_3_to_0,high,0.8666666666666667,True,392,0.3296888141295206,0.9489795918367347
row0564_KXFEDEMPLOYEES_b6356252d434,KXFEDEMPLOYEES,Politics,unanimous_3_to_0,high,0.8666666666666667,True,393,0.33052985702270815,0.9491094147582697
row0805_KXPERFORMVMA_1c021be5de49,KXPERFORMVMA,Entertainment,unanimous_3_to_0,high,0.8666666666666667,True,394,0.3313708999158957,0.949238578680203
row0845_KXGRAMMYNOMCOUNTJB_7d9e4df5e31a,KXGRAMMYNOMCOUNTJB,Sports,unanimous_3_to_0,high,0.8666666666666667,True,395,0.3322119428090833,0.9493670886075949
row0848_KXFOOTBALL1001_5d972f07b70e,KXFOOTBALL1001,World,unanimous_3_to_0,high,0.8666666666666667,True,396,0.3330529857022708,0.9494949494949495
row0875_KXBESTACTRMUS_f34baaec8914,KXBESTACTRMUS,Entertainment,unanimous_3_to_0,high,0.8666666666666667,True,397,0.33389402859545836,0.9496221662468514
row0899_KXTOPALBUMRECORDAMITHEDRAMA_cbfa86eafb8d,KXTOPALBUMRECORDAMITHEDRAMA,Entertainment,unanimous_3_to_0,high,0.8666666666666667,True,398,0.3347350714886459,0.949748743718593
row0900_KXTOPALBUMRECORDAMITHEDRAMA_abde3d0934e9,KXTOPALBUMRECORDAMITHEDRAMA,Entertainment,unanimous_3_to_0,high,0.8666666666666667,True,399,0.3355761143818335,0.949874686716792
row1031_KXBRASILEIROGAME_9db674591049,KXBRASILEIROGAME,Sports,unanimous_3_to_0,high,0.8666666666666667,True,400,0.33641715727502103,0.95
row1150_KXGRIFFINMENTION_8d81ba9271c4,KXGRIFFINMENTION,Mentions,unanimous_3_to_0,high,0.8666666666666667,True,401,0.33725820016820857,0.9501246882793017
row1171_KXUCLSPREAD_7a729aae69dd,KXUCLSPREAD,Sports,unanimous_3_to_0,high,0.8666666666666667,True,402,0.3380992430613961,0.9502487562189055
row1188_KXNFLTRADE_c7e190c56dcc,KXNFLTRADE,Sports,unanimous_3_to_0,high,0.8666666666666667,True,403,0.3389402859545837,0.9503722084367245
row0149_KXNFLWINS-NE_f86f7c420086,KXNFLWINS-NE,Sports,unanimous_3_to_0,high,0.8666666666666666,True,404,0.33978132884777124,0.9504950495049505
row0541_KXMOSTWINSEMMYS_33a02e7abcc5,KXMOSTWINSEMMYS,Entertainment,unanimous_3_to_0,high,0.8666666666666666,True,405,0.3406223717409588,0.9506172839506173
row0205_KXOTEWALZ_cbb832645d7d,KXOTEWALZ,Politics,unanimous_3_to_0,high,0.8633333333333333,True,406,0.34146341463414637,0.9507389162561576
row1090_KXTRUMPSCOTUS_b6bc24bf4dc9,KXTRUMPSCOTUS,Entertainment,unanimous_3_to_0,high,0.8633333333333333,True,407,0.3423044575273339,0.9508599508599509
row0194_KXNGUARDCITY_862354794cf5,KXNGUARDCITY,Politics,unanimous_3_to_0,high,0.86,False,408,0.34314550042052144,0.9485294117647058
row0485_KXINCOMERATE_742fffcf1868,KXINCOMERATE,Politics,unanimous_3_to_0,high,0.86,True,409,0.343986543313709,0.9486552567237164
row0517_KXVOTESHUTDOWNS_9950dbf5c119,KXVOTESHUTDOWNS,Politics,unanimous_3_to_0,high,0.86,True,410,0.3448275862068966,0.948780487804878
row0666_KXSTATEMENTCOUNTPOPESS_66b1576b2d2d,KXSTATEMENTCOUNTPOPESS,Social,unanimous_3_to_0,high,0.86,True,411,0.3456686291000841,0.948905109489051
row0772_KXAIRDROPPUMPFUN_87133d03ec9c,KXAIRDROPPUMPFUN,Crypto,unanimous_3_to_0,high,0.86,True,412,0.34650967199327165,0.9490291262135923
row0304_KXIPOOPENAI_83799ba55dc3,KXIPOOPENAI,Economics,unanimous_3_to_0,high,0.8566666666666668,True,413,0.3473507148864592,0.9491525423728814
row0195_KXINDEXADD_7f68a52fe940,KXINDEXADD,World,unanimous_3_to_0,high,0.8566666666666666,False,414,0.3481917577796468,0.9468599033816425
row0306_KXJUULFLAVOR_79d9fcf5fa1f,KXJUULFLAVOR,Companies,unanimous_3_to_0,high,0.8566666666666666,True,415,0.3490328006728343,0.946987951807229
row0451_KXKLARSTRIP_b12145dc019d,KXKLARSTRIP,Financials,unanimous_3_to_0,high,0.8566666666666666,True,416,0.34987384356602186,0.9471153846153846
row0471_KXAMESOHIO_c928524861c2,KXAMESOHIO,Politics,unanimous_3_to_0,high,0.8566666666666666,True,417,0.3507148864592094,0.947242206235012
row0490_KXROMANIATOP2_7b20af93ca7c,KXROMANIATOP2,Politics,unanimous_3_to_0,high,0.8566666666666666,True,418,0.351555929352397,0.9473684210526315
row0740_KXENGAGEMENTSWIFTKELCE_1dd03df867c6,KXENGAGEMENTSWIFTKELCE,Entertainment,unanimous_3_to_0,high,0.8566666666666666,False,419,0.3523969722455845,0.9451073985680191
row0756_KXCLEANCR_de87efd9c0f9,KXCLEANCR,Politics,unanimous_3_to_0,high,0.8566666666666666,False,420,0.35323801513877207,0.9428571428571428
row1135_KXHEGSETHMENTION_faf116fc3485,KXHEGSETHMENTION,Mentions,unanimous_3_to_0,high,0.8566666666666666,False,421,0.3540790580319596,0.9406175771971497
row0665_KXSUBPOENAATTEND_c0647c99427d,KXSUBPOENAATTEND,Entertainment,unanimous_3_to_0,high,0.8533333333333334,False,422,0.3549201009251472,0.9383886255924171
row0025_KXROMANIATOP_6febc457eb4a,KXROMANIATOP,Elections,unanimous_3_to_0,high,0.85,True,423,0.35576114381833474,0.9385342789598109
row0101_KXTRUMPMENTIONB_e0db0476ceb6,KXTRUMPMENTIONB,Mentions,unanimous_3_to_0,high,0.85,True,424,0.3566021867115223,0.9386792452830188
row0110_KXUSAMBUNFOODAGRI_54d6f3b607fe,KXUSAMBUNFOODAGRI,Politics,unanimous_3_to_0,high,0.85,False,425,0.35744322960470987,0.9364705882352942
row0184_KXEPSTEINLIST_b3148087c927,KXEPSTEINLIST,Politics,unanimous_3_to_0,high,0.85,False,426,0.3582842724978974,0.9342723004694836
row0185_KXNFLMENTION_f77237adb126,KXNFLMENTION,Mentions,unanimous_3_to_0,high,0.85,True,427,0.35912531539108494,0.9344262295081968
row0259_KXBIDENMENTION_244ddc01f841,KXBIDENMENTION,Mentions,unanimous_3_to_0,high,0.85,False,428,0.3599663582842725,0.9322429906542056
row0349_KXBESTACTORTONYAWARDS_df000dbf4e70,KXBESTACTORTONYAWARDS,Entertainment,unanimous_3_to_0,high,0.85,True,429,0.3608074011774601,0.9324009324009324
row0397_KXVSFANTASYBRA_ed20e69a6767,KXVSFANTASYBRA,Social,unanimous_3_to_0,high,0.85,True,430,0.3616484440706476,0.9325581395348838
row0400_KXSWIFTMENTION_84c80ed30610,KXSWIFTMENTION,Politics,unanimous_3_to_0,high,0.85,True,431,0.36248948696383515,0.9327146171693735
row0425_KXSWIFTMENTION_c801375d2907,KXSWIFTMENTION,Politics,unanimous_3_to_0,high,0.85,False,432,0.3633305298570227,0.9305555555555556
row0452_KXNEXTPOPE_01f8fed5f528,KXNEXTPOPE,World,unanimous_3_to_0,high,0.85,True,433,0.3641715727502103,0.930715935334873
row0481_KXSNAPCUTS_3485b10e7300,KXSNAPCUTS,Politics,unanimous_3_to_0,high,0.85,True,434,0.3650126156433978,0.9308755760368663
row0503_KXENDOWMENTRATE_829583d62d7c,KXENDOWMENTRATE,Politics,unanimous_3_to_0,high,0.85,True,435,0.36585365853658536,0.9310344827586207
row0578_KXNFLWINS-SF_ec47f307f556,KXNFLWINS-SF,Sports,unanimous_3_to_0,high,0.85,True,436,0.3666947014297729,0.9311926605504587
row0595_KXNFLWINS-IND_a4acf8f224e9,KXNFLWINS-IND,Sports,unanimous_3_to_0,high,0.85,True,437,0.3675357443229605,0.931350114416476
row0631_KXAWARDSCOUNTSTU_90d180b8ee05,KXAWARDSCOUNTSTU,Entertainment,unanimous_3_to_0,high,0.85,True,438,0.368376787216148,0.9315068493150684
row0727_KXINDEXADD_8d70c855c3ef,KXINDEXADD,World,unanimous_3_to_0,high,0.85,False,439,0.36921783010933557,0.929384965831435
row0773_KXGTA6_9a9f987638ea,KXGTA6,Entertainment,unanimous_3_to_0,high,0.85,True,440,0.3700588730025231,0.9295454545454546
row0779_KXWALTZCOUNT_0753dec4c1ac,KXWALTZCOUNT,Politics,unanimous_3_to_0,high,0.85,True,441,0.3708999158957107,0.9297052154195011
row0870_KXBESTREVIVAL_05be5ba470f8,KXBESTREVIVAL,Entertainment,unanimous_3_to_0,high,0.85,True,442,0.37174095878889823,0.9298642533936652
row0981_KXXRP_954ed78feb1f,KXXRP,Crypto,unanimous_3_to_0,high,0.85,True,443,0.3725820016820858,0.9300225733634312
row1075_KXNEWSOMMENTION_94708f6beeda,KXNEWSOMMENTION,Mentions,unanimous_3_to_0,high,0.85,True,444,0.37342304457527337,0.9301801801801802
row1109_KXBUNDESLIGAGAME_888c0c143315,KXBUNDESLIGAGAME,Sports,unanimous_3_to_0,high,0.85,False,445,0.3742640874684609,0.9280898876404494
row1134_KXHEGSETHMENTION_323578ad6653,KXHEGSETHMENTION,Mentions,unanimous_3_to_0,high,0.85,False,446,0.37510513036164844,0.9260089686098655
row1149_KXNADALMENTION_08b230174cf6,KXNADALMENTION,Mentions,unanimous_3_to_0,high,0.85,True,447,0.375946173254836,0.9261744966442953
row1151_KXGRIFFINMENTION_b6fcda08233b,KXGRIFFINMENTION,Mentions,unanimous_3_to_0,high,0.85,True,448,0.3767872161480236,0.9263392857142857
row0031_KXNEWAAPLVR_6c63d7592a48,KXNEWAAPLVR,Companies,unanimous_3_to_0,high,0.8433333333333334,False,449,0.3776282590412111,0.9242761692650334
row0037_KXAUSCOALITION_6d8c25263ef5,KXAUSCOALITION,Politics,unanimous_3_to_0,high,0.8433333333333334,True,450,0.37846930193439865,0.9244444444444444
row0687_KXQUORUMTX_b1a98c156840,KXQUORUMTX,Politics,unanimous_3_to_0,high,0.8433333333333334,False,451,0.3793103448275862,0.9223946784922394
row0851_KXFEATUREMETROBOOMIN_8f95aec4dfa2,KXFEATUREMETROBOOMIN,Entertainment,unanimous_3_to_0,high,0.8433333333333334,True,452,0.3801513877207738,0.922566371681416
row1168_KXCUOMOMENTION_9ca7c83aa5c2,KXCUOMOMENTION,Mentions,unanimous_3_to_0,high,0.8433333333333334,False,453,0.3809924306139613,0.9205298013245033
row0175_KXTOPSONGRECORDMANCHILD_91fea236ac27,KXTOPSONGRECORDMANCHILD,Entertainment,unanimous_3_to_0,high,0.84,True,454,0.38183347350714886,0.920704845814978
row0265_KXFEATUREMETROBOOMIN_e13685fdb6e4,KXFEATUREMETROBOOMIN,Entertainment,unanimous_3_to_0,high,0.84,False,455,0.3826745164003364,0.9186813186813186
row0395_KXTOPALBUMRECORDMBF_649f0e47bc99,KXTOPALBUMRECORDMBF,Entertainment,unanimous_3_to_0,high,0.84,True,456,0.383515559293524,0.918859649122807
row0550_KXLEAVEPOWELL_5394a5ad613a,KXLEAVEPOWELL,Politics,unanimous_3_to_0,high,0.84,True,457,0.3843566021867115,0.9190371991247265
row0558_KXEARNINGSMENTIONCELH_71f14f1c7241,KXEARNINGSMENTIONCELH,Companies,unanimous_3_to_0,high,0.84,False,458,0.38519764507989906,0.9170305676855895
row0567_KXBILATERALMENTION_8893b0d826d9,KXBILATERALMENTION,Politics,unanimous_3_to_0,high,0.84,True,459,0.3860386879730866,0.9172113289760349
row0685_KXRECBILL_77cae405bc4b,KXRECBILL,Politics,unanimous_3_to_0,high,0.84,True,460,0.3868797308662742,0.9173913043478261
row0857_KXDISTANCE3IATLAS_4be3ed4ef841,KXDISTANCE3IATLAS,Science and Technology,unanimous_3_to_0,high,0.84,False,461,0.38772077375946173,0.9154013015184381
row0918_KXUSAMBSWEDEN_49f6dd38ad32,KXUSAMBSWEDEN,Politics,unanimous_3_to_0,high,0.84,False,462,0.3885618166526493,0.9134199134199135
row0104_KXAIRDROPMONAD_86d4338eb5f2,KXAIRDROPMONAD,Crypto,unanimous_3_to_0,high,0.8333333333333334,True,463,0.3894028595458368,0.9136069114470843
row0114_KXDEBTSHRINK_b20d057486ee,KXDEBTSHRINK,Politics,unanimous_3_to_0,high,0.8333333333333334,False,464,0.3902439024390244,0.9116379310344828
row0116_KXDIMONMENTION_381606e7bd9c,KXDIMONMENTION,Mentions,unanimous_3_to_0,high,0.8333333333333334,True,465,0.39108494533221194,0.9118279569892473
row0168_KXJAMAICANHOR_616341f66d87,KXJAMAICANHOR,Elections,unanimous_3_to_0,high,0.8333333333333334,True,466,0.3919259882253995,0.9120171673819742
row0188_KXSPOTIFYALBUMRELEASEDATEKANYE_32e950de8970,KXSPOTIFYALBUMRELEASEDATEKANYE,Entertainment,unanimous_3_to_0,high,0.8333333333333334,True,467,0.3927670311185871,0.9122055674518201
row0220_KXIPO_86e6ed9ef5a7,KXIPO,Companies,unanimous_3_to_0,high,0.8333333333333334,False,468,0.3936080740117746,0.9102564102564102
row0234_KXATPFINALS_982bf5641ae4,KXATPFINALS,Sports,unanimous_3_to_0,high,0.8333333333333334,True,469,0.39444911690496215,0.9104477611940298
row0244_KXFEATURETYLERTHECREATOR_0becb3d0e7ce,KXFEATURETYLERTHECREATOR,Entertainment,unanimous_3_to_0,high,0.8333333333333334,True,470,0.3952901597981497,0.9106382978723404
row0415_KXGOVREOPEN2025_742ddf46456c,KXGOVREOPEN2025,Politics,unanimous_3_to_0,high,0.8333333333333334,True,471,0.3961312026913373,0.910828025477707
row0464_KXPENNYCONGRESS_d1172ccd76f7,KXPENNYCONGRESS,Politics,unanimous_3_to_0,high,0.8333333333333334,False,472,0.3969722455845248,0.9088983050847458
row0509_KXSECPRESSMENTION_5480f137f894,KXSECPRESSMENTION,Politics,unanimous_3_to_0,high,0.8333333333333334,True,473,0.39781328847771236,0.9090909090909091
row0551_KXLEAVEPOWELL_bb84ca3ea98b,KXLEAVEPOWELL,Politics,unanimous_3_to_0,high,0.8333333333333334,True,474,0.3986543313708999,0.9092827004219409
row0686_KXQUORUMTX_4cbc4c79e05a,KXQUORUMTX,Politics,unanimous_3_to_0,high,0.8333333333333334,False,475,0.3994953742640875,0.9073684210526316
row0885_KXAUSSEATSLIBNAT_84315c676f04,KXAUSSEATSLIBNAT,Politics,unanimous_3_to_0,high,0.8333333333333334,True,476,0.400336417157275,0.907563025210084
row1049_KXUSDJPYH_1e3d15bcaf39,KXUSDJPYH,Financials,unanimous_3_to_0,high,0.8333333333333334,True,477,0.40117746005046256,0.9077568134171907
row1056_KXMELANIAMENTION_13756045eec6,KXMELANIAMENTION,Mentions,unanimous_3_to_0,high,0.8333333333333334,True,478,0.4020185029436501,0.9079497907949791
row0329_KXEULEADEROUT_7cc8f1e71b23,KXEULEADEROUT,Politics,unanimous_3_to_0,high,0.8266666666666668,True,479,0.4028595458368377,0.9081419624217119
row0366_KXTOPALBUMRECORDMBF_3e1d32c37934,KXTOPALBUMRECORDMBF,Entertainment,unanimous_3_to_0,high,0.8266666666666668,True,480,0.40370058873002523,0.9083333333333333
row0418_KXTAYLORSWIFT_dcafd0a3c0dc,KXTAYLORSWIFT,Entertainment,unanimous_3_to_0,high,0.8266666666666668,False,481,0.40454163162321277,0.9064449064449065
row0624_KXGPT5_ef6970b6258d,KXGPT5,Science and Technology,unanimous_3_to_0,high,0.8266666666666668,True,482,0.4053826745164003,0.9066390041493776
row0904_KXSURVIVORELIMINATION_b6f6797a9564,KXSURVIVORELIMINATION,Sports,unanimous_3_to_0,high,0.8266666666666668,True,483,0.4062237174095879,0.906832298136646
row0028_KXDIDDYTRIALATTEND_d577060c94ca,KXDIDDYTRIALATTEND,Entertainment,unanimous_3_to_0,high,0.8266666666666667,True,484,0.40706476030277544,0.9070247933884298
row0346_KXMUSKDOGE_2c8d339cbc85,KXMUSKDOGE,Politics,unanimous_3_to_0,high,0.8233333333333333,True,485,0.407905803195963,0.9072164948453608
row0406_KXRTWITCHERS4_3af3d92c0e94,KXRTWITCHERS4,Entertainment,unanimous_3_to_0,high,0.8233333333333333,True,486,0.4087468460891506,0.9074074074074074
row0408_KXBTCD_602d3323dc2e,KXBTCD,Crypto,unanimous_3_to_0,high,0.8233333333333333,True,487,0.4095878889823381,0.9075975359342916
row0655_KXTOPSONGRECORDORDINARY_742ce904ff1e,KXTOPSONGRECORDORDINARY,Entertainment,unanimous_3_to_0,high,0.8233333333333333,True,488,0.41042893187552565,0.9077868852459017
row0782_KXTENNISMAJORDJOKOVIC_c6fc977040e4,KXTENNISMAJORDJOKOVIC,Sports,unanimous_3_to_0,high,0.8233333333333333,True,489,0.4112699747687132,0.9079754601226994
row0846_KXGRAMMYNOMCOUNTJB_da26ebbf8de5,KXGRAMMYNOMCOUNTJB,Sports,unanimous_3_to_0,high,0.8233333333333333,True,490,0.4121110176619008,0.9081632653061225
row1147_KXSPOTIFYSONGSOPALITE_883593165125,KXSPOTIFYSONGSOPALITE,Entertainment,unanimous_3_to_0,high,0.8233333333333333,True,491,0.4129520605550883,0.9083503054989817
row0138_KXIPOSPACEX_d1c8adc90c23,KXIPOSPACEX,Economics,unanimous_3_to_0,high,0.82,True,492,0.41379310344827586,0.9085365853658537
row0356_KXEUROVISIONJURY_077d18210f12,KXEUROVISIONJURY,Entertainment,unanimous_3_to_0,high,0.82,True,493,0.4146341463414634,0.9087221095334685
row0460_KXGERCOALITION_3dac063690b2,KXGERCOALITION,Politics,unanimous_3_to_0,high,0.82,True,494,0.415475189234651,0.9089068825910931
row0995_KXNFLPASSYDS_0f60eeb8ed4e,KXNFLPASSYDS,Sports,unanimous_3_to_0,high,0.82,True,495,0.4163162321278385,0.9090909090909091
row1139_KXBIDENMENTION_fe65e59e97e8,KXBIDENMENTION,Mentions,unanimous_3_to_0,high,0.82,False,496,0.41715727502102606,0.907258064516129
row0002_KXREMITTANCERATE_b00e224ce969,KXREMITTANCERATE,Politics,unanimous_3_to_0,high,0.8166666666666668,True,497,0.4179983179142136,0.9074446680080482
row0123_KXLALEADEROUT_a29216e1c6ac,KXLALEADEROUT,Politics,unanimous_3_to_0,high,0.8166666666666668,True,498,0.4188393608074012,0.9076305220883534
row0221_KXMCMORTALKOMBAT_86dc74117881,KXMCMORTALKOMBAT,Entertainment,unanimous_3_to_0,high,0.8166666666666668,True,499,0.41968040370058873,0.9078156312625251
row0376_KXCANRESIGNCOUNT_a383ceb78240,KXCANRESIGNCOUNT,Politics,unanimous_3_to_0,high,0.8166666666666668,True,500,0.42052144659377627,0.908
row0427_KXNEWCOINCHAIN_dae09a73ea37,KXNEWCOINCHAIN,Crypto,unanimous_3_to_0,high,0.8166666666666668,False,501,0.4213624894869638,0.906187624750499
row0463_KXCANCOALITION_e6a1e72f76e7,KXCANCOALITION,Politics,unanimous_3_to_0,high,0.8166666666666668,True,502,0.4222035323801514,0.9063745019920318
row0484_KXMEDICAIDCUTS_259fb0441183,KXMEDICAIDCUTS,Politics,unanimous_3_to_0,high,0.8166666666666668,False,503,0.42304457527333894,0.904572564612326
row0628_KXDCUSATTORNEY_a090c3f89d68,KXDCUSATTORNEY,Politics,unanimous_3_to_0,high,0.8166666666666668,False,504,0.4238856181665265,0.9027777777777778
row0680_KXRECNCSVOTE_129a01c7ab00,KXRECNCSVOTE,Politics,unanimous_3_to_0,high,0.8166666666666668,True,505,0.4247266610597141,0.902970297029703
row0700_KXNEXTTEAMMICAH_5171f8d9507a,KXNEXTTEAMMICAH,Sports,unanimous_3_to_0,high,0.8166666666666668,True,506,0.4255677039529016,0.9031620553359684
row0760_KXCALCOLLEGEFUNDPULL_7b0dda4e644e,KXCALCOLLEGEFUNDPULL,World,unanimous_3_to_0,high,0.8166666666666668,True,507,0.42640874684608915,0.903353057199211
row0911_KXUSAMBUNFOODAGRI_d8c6df35c6f5,KXUSAMBUNFOODAGRI,Politics,unanimous_3_to_0,high,0.8166666666666668,True,508,0.4272497897392767,0.9035433070866141
row0994_KXNFLPASSYDS_bf411c2ae42e,KXNFLPASSYDS,Sports,unanimous_3_to_0,high,0.8166666666666665,True,509,0.4280908326324643,0.9037328094302554
row0635_KXAWARDSCOUNTLAS_d6d3d8c24a05,KXAWARDSCOUNTLAS,Entertainment,unanimous_3_to_0,high,0.8133333333333334,True,510,0.4289318755256518,0.903921568627451
row0783_KXSPOTIFYSONG_9ae12f3eaf2a,KXSPOTIFYSONG,Entertainment,unanimous_3_to_0,high,0.8099999999999999,False,511,0.42977291841883936,0.9021526418786693
row0014_KXMUSKDOGE_aeda6fabbcd6,KXMUSKDOGE,Politics,unanimous_3_to_0,high,0.8066666666666666,False,512,0.4306139613120269,0.900390625
row0077_KXJONJONESRETIREMENT_5d7664e9dae9,KXJONJONESRETIREMENT,Sports,unanimous_3_to_0,high,0.8066666666666666,True,513,0.4314550042052145,0.9005847953216374
row0173_KXKOREABAN_ddf6c5277fac,KXKOREABAN,Politics,unanimous_3_to_0,high,0.8066666666666666,True,514,0.432296047098402,0.9007782101167315
row0333_KXMANTISFREETHROWS_a1d32c16e3bc,KXMANTISFREETHROWS,Sports,unanimous_3_to_0,high,0.8066666666666666,True,515,0.43313708999158956,0.9009708737864077
row0334_KXQBIDEDUCT_45d60ca5763e,KXQBIDEDUCT,Politics,unanimous_3_to_0,high,0.8066666666666666,True,516,0.4339781328847771,0.9011627906976745
row0355_KXEULEADEROUT_f227d9596533,KXEULEADEROUT,Politics,unanimous_3_to_0,high,0.8066666666666666,True,517,0.4348191757779647,0.9013539651837524
row0382_KXMEDICAIDCUTS_391791d184d7,KXMEDICAIDCUTS,Politics,unanimous_3_to_0,high,0.8066666666666666,False,518,0.43566021867115223,0.8996138996138996
row0488_KXSKRMETTI_5e88c3534546,KXSKRMETTI,Politics,unanimous_3_to_0,high,0.8066666666666666,True,519,0.43650126156433977,0.8998073217726397
row0865_KXBOLIVIARUNOFF_5ab5cfa10280,KXBOLIVIARUNOFF,Elections,unanimous_3_to_0,high,0.8066666666666666,True,520,0.4373423044575273,0.9
row0998_KXNFL2TD_316720d39dc1,KXNFL2TD,Sports,unanimous_3_to_0,high,0.8066666666666666,True,521,0.4381833473507149,0.9001919385796545
row1030_KXNBAGAME_703f124e645c,KXNBAGAME,Sports,unanimous_3_to_0,high,0.8066666666666666,False,522,0.43902439024390244,0.8984674329501916
row0454_KXLALEADEROUT_7fcaa7a4bd84,KXLALEADEROUT,Politics,unanimous_3_to_0,low,0.8033333333333333,True,523,0.43986543313709,0.8986615678776291
row0064_KXNEXTLDPLEADER_27d6d2a60127,KXNEXTLDPLEADER,Politics,unanimous_3_to_0,low,0.8000000000000002,True,524,0.44070647603027757,0.898854961832061
row0113_KXDEMINIMIS_d136d98ed68e,KXDEMINIMIS,Politics,unanimous_3_to_0,low,0.8000000000000002,False,525,0.4415475189234651,0.8971428571428571
row0115_GOVPARTYVA_85bb6df6a5c3,GOVPARTYVA,Politics,unanimous_3_to_0,low,0.8000000000000002,True,526,0.44238856181665265,0.8973384030418251
row0143_KXGRAMMYNOMROTY_fa0d6467a8dc,KXGRAMMYNOMROTY,Entertainment,unanimous_3_to_0,low,0.8000000000000002,True,527,0.4432296047098402,0.8975332068311196
row0212_KXEARNINGSMENTIONNBIS_64dc55c8dcb4,KXEARNINGSMENTIONNBIS,Companies,unanimous_3_to_0,low,0.8000000000000002,True,528,0.4440706476030278,0.8977272727272727
row0222_KXNFLRSHYDS_b36de4d53ee1,KXNFLRSHYDS,Sports,unanimous_3_to_0,low,0.8000000000000002,True,529,0.4449116904962153,0.8979206049149339
row0298_KXOPENSOURCEOAI_6e15b49da370,KXOPENSOURCEOAI,Science and Technology,unanimous_3_to_0,low,0.8000000000000002,False,530,0.44575273338940286,0.8962264150943396
row0305_KXNEWCOINCHAIN_6b7dcbce173a,KXNEWCOINCHAIN,Crypto,unanimous_3_to_0,low,0.8000000000000002,True,531,0.4465937762825904,0.896421845574388
row0459_KXHALFTRIL_9f95dd114f6a,KXHALFTRIL,Economics,unanimous_3_to_0,low,0.8000000000000002,False,532,0.447434819175778,0.8947368421052632
row0487_KXUNAMB_7ac7bb0e1b44,KXUNAMB,Politics,unanimous_3_to_0,low,0.8000000000000002,True,533,0.4482758620689655,0.8949343339587242
row0515_KXCOACHELLA_25190c85cfd8,KXCOACHELLA,Entertainment,unanimous_3_to_0,low,0.8000000000000002,True,534,0.44911690496215306,0.8951310861423221
row0518_KXGRAMMYNOMROTY_2c2e6ca6c6cd,KXGRAMMYNOMROTY,Entertainment,unanimous_3_to_0,low,0.8000000000000002,False,535,0.4499579478553406,0.8934579439252337
row0629_KXCRYPTOREG_574f1c0b8367,KXCRYPTOREG,Politics,unanimous_3_to_0,low,0.8000000000000002,False,536,0.4507989907485282,0.8917910447761194
row0667_KXSOUTHPARKMENTION_da3c3df952a6,KXSOUTHPARKMENTION,Politics,unanimous_3_to_0,low,0.8000000000000002,True,537,0.45164003364171573,0.8919925512104283
row0704_KXNEXTLDPLEADER_200f228d6072,KXNEXTLDPLEADER,Politics,unanimous_3_to_0,low,0.8000000000000002,True,538,0.45248107653490327,0.8921933085501859
row0975_KXBTCD_1fefafab8c11,KXBTCD,Crypto,unanimous_3_to_0,low,0.8000000000000002,True,539,0.4533221194280908,0.8923933209647495
row1144_KXZIWEMENTION_1f0e3e87aa74,KXZIWEMENTION,Mentions,unanimous_3_to_0,low,0.8000000000000002,True,540,0.4541631623212784,0.8925925925925926
row0698_KXNGASMAX_7bfc94782e3a,KXNGASMAX,Economics,unanimous_3_to_0,low,0.7999999999999999,False,541,0.45500420521446594,0.8909426987060998
row1116_KXEPLGAME_4ddc86113461,KXEPLGAME,Sports,unanimous_3_to_0,low,0.7999999999999999,True,542,0.4558452481076535,0.8911439114391144
row1169_KXMCMORTALKOMBAT_f9ec6384206a,KXMCMORTALKOMBAT,Entertainment,unanimous_3_to_0,low,0.7999999999999999,True,543,0.456686291000841,0.8913443830570903
row0947_KXHURCAT_6823c8fd4214,KXHURCAT,Climate and Weather,unanimous_3_to_0,low,0.7966666666666665,False,544,0.4575273338940286,0.8897058823529411
row0059_KXHIGHCHI_91412d4e6963,KXHIGHCHI,Climate and Weather,unanimous_3_to_0,low,0.7933333333333333,True,545,0.45836837678721615,0.8899082568807339
row0199_KXNYCCOUNCIL4_2112b616b269,KXNYCCOUNCIL4,Politics,unanimous_3_to_0,low,0.7933333333333333,True,546,0.4592094196804037,0.8901098901098901
row0274_KXTOPSONGRECORDGOLDEN_8e2b52498482,KXTOPSONGRECORDGOLDEN,Entertainment,unanimous_3_to_0,low,0.7933333333333333,True,547,0.4600504625735913,0.8903107861060329
row0510_KXMANTISFREETHROWS_bcb5274ef143,KXMANTISFREETHROWS,Sports,unanimous_3_to_0,low,0.7933333333333333,True,548,0.4608915054667788,0.8905109489051095
row0538_KXAUSPM_11bbe8d13354,KXAUSPM,Elections,unanimous_3_to_0,low,0.7933333333333333,False,549,0.46173254835996635,0.8888888888888888
row0691_KXPERMIT_720c3cbc4e73,KXPERMIT,Politics,unanimous_3_to_0,low,0.7933333333333333,False,550,0.4625735912531539,0.8872727272727273
row0907_KXNCAAFUNDEFEATED_0d0c56d3d2d3,KXNCAAFUNDEFEATED,Sports,unanimous_3_to_0,low,0.7933333333333333,True,551,0.4634146341463415,0.8874773139745916
row0034_KXEARNINGSMENTIONRKLB_d5540880546d,KXEARNINGSMENTIONRKLB,Companies,unanimous_3_to_0,low,0.79,True,552,0.464255677039529,0.8876811594202898
row0644_KXVOTERECNCH_3958936bd8f6,KXVOTERECNCH,Politics,unanimous_3_to_0,low,0.79,False,553,0.46509671993271656,0.8860759493670886
row0653_KXTRUMPCALI_0617b697d664,KXTRUMPCALI,Politics,unanimous_3_to_0,low,0.79,False,554,0.4659377628259041,0.8844765342960289
row0238_KXDWTSELIMINATION_af449dc44177,KXDWTSELIMINATION,Entertainment,unanimous_3_to_0,low,0.7866666666666667,True,555,0.4667788057190917,0.8846846846846846
row1126_KXLOLMAP_a05b4bf2272d,KXLOLMAP,Sports,unanimous_3_to_0,low,0.7866666666666667,False,556,0.46761984861227923,0.8830935251798561
row0668_KXSOUTHPARKMENTION_9eb84c23e842,KXSOUTHPARKMENTION,Politics,unanimous_3_to_0,low,0.7866666666666666,True,557,0.46846089150546677,0.8833034111310593
row0038_KXCANRESIGNCOUNT_b7605fc387a6,KXCANRESIGNCOUNT,Politics,unanimous_3_to_0,low,0.7833333333333333,True,558,0.4693019343986543,0.8835125448028673
row0085_KXNEXTCOINRH_6a68be901850,KXNEXTCOINRH,Crypto,unanimous_3_to_0,low,0.7833333333333333,True,559,0.4701429772918419,0.8837209302325582
row0121_KXAWARDSCOUNTWHI_4f3126d44777,KXAWARDSCOUNTWHI,Entertainment,unanimous_3_to_0,low,0.7833333333333333,True,560,0.47098402018502944,0.8839285714285714
row0167_KXIPOKLARNA_8f9531f71675,KXIPOKLARNA,Economics,unanimous_3_to_0,low,0.7833333333333333,False,561,0.471825063078217,0.8823529411764706
row0174_KXCDASEATS_050e73f97d2d,KXCDASEATS,Elections,unanimous_3_to_0,low,0.7833333333333333,True,562,0.4726661059714045,0.8825622775800712
row0210_KXCOLLEGEDROP_458954e3cef0,KXCOLLEGEDROP,Education,unanimous_3_to_0,low,0.7833333333333333,True,563,0.4735071488645921,0.8827708703374778
row0239_KXBTC_3c0c15c8290a,KXBTC,Crypto,unanimous_3_to_0,low,0.7833333333333333,True,564,0.47434819175777965,0.8829787234042553
row0277_KXSUPERLIGGAME_7f09b1e4fcb3,KXSUPERLIGGAME,Sports,unanimous_3_to_0,low,0.7833333333333333,False,565,0.4751892346509672,0.8814159292035398
row0339_KXZIWEMENTION_4b4fa721963d,KXZIWEMENTION,Mentions,unanimous_3_to_0,low,0.7833333333333333,True,566,0.4760302775441548,0.8816254416961131
row0373_KXAUSSEATSGREENS_3319a583e982,KXAUSSEATSGREENS,Politics,unanimous_3_to_0,low,0.7833333333333333,True,567,0.4768713204373423,0.8818342151675485
row0387_KXIPODISCORD_db98bab09646,KXIPODISCORD,Economics,unanimous_3_to_0,low,0.7833333333333333,True,568,0.47771236333052985,0.8820422535211268
row0414_KXIPOKLARNA_76f4d42099f2,KXIPOKLARNA,Economics,unanimous_3_to_0,low,0.7833333333333333,False,569,0.4785534062237174,0.8804920913884007
row0633_KXAWARDSCOUNTPEN_bb8761fedcfd,KXAWARDSCOUNTPEN,Entertainment,unanimous_3_to_0,low,0.7833333333333333,True,570,0.479394449116905,0.8807017543859649
row0676_KXSCOTUSCERT_2d8f4b3e3399,KXSCOTUSCERT,Politics,unanimous_3_to_0,low,0.7833333333333333,False,571,0.4802354920100925,0.8791593695271454
row0701_KXNEXTTEAMMICAH_c46f52c2f67c,KXNEXTTEAMMICAH,Sports,unanimous_3_to_0,low,0.7833333333333333,True,572,0.48107653490328006,0.8793706293706294
row0705_KXNEXTJPNPM_2245bd18c4ba,KXNEXTJPNPM,Politics,unanimous_3_to_0,low,0.7833333333333333,True,573,0.4819175777964676,0.8795811518324608
row0723_KXJAMAICANHOR_36e0263c0cd3,KXJAMAICANHOR,Elections,unanimous_3_to_0,low,0.7833333333333333,True,574,0.4827586206896552,0.8797909407665505
row0737_KXFEATURETAYLORSWIFT_ef72187335b9,KXFEATURETAYLORSWIFT,Entertainment,unanimous_3_to_0,low,0.7833333333333333,True,575,0.48359966358284273,0.88
row0935_KXPROTOCOLSTATEDEPT_a7b4add6f1a0,KXPROTOCOLSTATEDEPT,Politics,unanimous_3_to_0,low,0.7833333333333333,True,576,0.48444070647603027,0.8802083333333334
row0976_KXBTC_80062dab7cd7,KXBTC,Crypto,unanimous_3_to_0,low,0.7833333333333333,True,577,0.4852817493692178,0.8804159445407279
row1108_KXEREDIVISIEGAME_4d2fe43ac23e,KXEREDIVISIEGAME,Sports,unanimous_3_to_0,low,0.7833333333333333,False,578,0.4861227922624054,0.8788927335640139
row1158_KXALBUMSALESSWIFT_8ef1203033c6,KXALBUMSALESSWIFT,Entertainment,unanimous_3_to_0,low,0.7833333333333333,True,579,0.48696383515559294,0.8791018998272885
row0784_KXSPOTIFYBILLIONS_26bf26a628b0,KXSPOTIFYBILLIONS,Entertainment,unanimous_3_to_0,low,0.7833333333333332,False,580,0.4878048780487805,0.8775862068965518
row0940_KXHURCTOTMAJ_80717a0c7e64,KXHURCTOTMAJ,Climate and Weather,unanimous_3_to_0,low,0.7833333333333332,False,581,0.488645920941968,0.8760757314974182
row1159_KXALBUMSALESSWIFT_f864f6e59ef7,KXALBUMSALESSWIFT,Entertainment,unanimous_3_to_0,low,0.7833333333333332,False,582,0.4894869638351556,0.8745704467353952
row0155_KXNEXTCOMPANYSP500_6b3b479941de,KXNEXTCOMPANYSP500,Companies,unanimous_3_to_0,low,0.7766666666666667,True,583,0.49032800672834315,0.8747855917667239
row0264_KXEARNINGSMENTIONGOOGL_d5459920c116,KXEARNINGSMENTIONGOOGL,Companies,unanimous_3_to_0,low,0.7766666666666667,True,584,0.4911690496215307,0.875
row0670_KXSOLDATHOLDINGS_d92d49ec2fb1,KXSOLDATHOLDINGS,Crypto,unanimous_3_to_0,low,0.7766666666666667,False,585,0.4920100925147183,0.8735042735042735
row0307_KXDIMONMENTION_46f8b0c5cb45,KXDIMONMENTION,Mentions,unanimous_3_to_0,low,0.7733333333333334,True,586,0.4928511354079058,0.8737201365187713
row0345_KXRANKLISTAPPREALSPORTS_66bb3ac42795,KXRANKLISTAPPREALSPORTS,Sports,unanimous_3_to_0,low,0.7733333333333334,True,587,0.49369217830109335,0.8739352640545145
row0407_KXJAMESBOND_ce24a164d31c,KXJAMESBOND,Entertainment,unanimous_3_to_0,low,0.7733333333333334,True,588,0.4945332211942809,0.8741496598639455
row0422_KXEUROVISIONTELEV_a81a4757d1ad,KXEUROVISIONTELEV,Entertainment,unanimous_3_to_0,low,0.7733333333333334,True,589,0.4953742640874685,0.8743633276740238
row0461_KXGERCOALITION_d19ac862d735,KXGERCOALITION,Politics,unanimous_3_to_0,low,0.7733333333333334,True,590,0.496215306980656,0.8745762711864407
row0478_KXIPODISCORD_fbe739188735,KXIPODISCORD,Economics,unanimous_3_to_0,low,0.7733333333333334,True,591,0.49705634987384356,0.8747884940778342
row0649_KXTRUMPPARDON_8241649f4eed,KXTRUMPPARDON,Politics,unanimous_3_to_0,low,0.7733333333333334,False,592,0.4978973927670311,0.8733108108108109
row0696_KXNUMONESONGFOO_c789d38cdc88,KXNUMONESONGFOO,Entertainment,unanimous_3_to_0,low,0.7733333333333334,False,593,0.4987384356602187,0.8718381112984823
row0751_KXCTC_9f6fc58ee9c8,KXCTC,Politics,unanimous_3_to_0,low,0.7733333333333334,False,594,0.49957947855340623,0.8703703703703703
row0763_KXBUDGETCUT_d2924a10c38b,KXBUDGETCUT,Politics,unanimous_3_to_0,low,0.7733333333333334,False,595,0.5004205214465938,0.8689075630252101
row0841_KXINXHIGH_c1b605181ffd,KXINXHIGH,Financials,unanimous_3_to_0,low,0.7733333333333334,False,596,0.5012615643397813,0.8674496644295302
row0881_KXBERNIEMENTION_91e0f364136a,KXBERNIEMENTION,Politics,unanimous_3_to_0,low,0.7733333333333334,False,597,0.5021026072329688,0.8659966499162479
row0948_KXHURCAT_5450a58b2aff,KXHURCAT,Climate and Weather,unanimous_3_to_0,low,0.7733333333333334,False,598,0.5029436501261564,0.8645484949832776
row1054_KXUSDJPY_e6da36c89dc9,KXUSDJPY,Financials,unanimous_3_to_0,low,0.7733333333333334,True,599,0.503784693019344,0.8647746243739566
row0056_KXEARNINGSMENTIONDIS_7632c4d14b6d,KXEARNINGSMENTIONDIS,Companies,unanimous_3_to_0,low,0.7666666666666666,True,600,0.5046257359125316,0.865
row0069_KXCOMPTROLLER_a8f7bd44743c,KXCOMPTROLLER,Elections,unanimous_3_to_0,low,0.7666666666666666,True,601,0.5054667788057191,0.8652246256239601
row0081_KXAIRDROPHYPE_deedf488f490,KXAIRDROPHYPE,Crypto,unanimous_3_to_0,low,0.7666666666666666,True,602,0.5063078216989066,0.8654485049833887
row0102_KXEARNINGSMENTIONSNAP_076ef6a0eeb6,KXEARNINGSMENTIONSNAP,Companies,unanimous_3_to_0,low,0.7666666666666666,True,603,0.5071488645920942,0.8656716417910447
row0170_KXROMANIATOP_a3cfdadfac3a,KXROMANIATOP,Elections,unanimous_3_to_0,low,0.7666666666666666,True,604,0.5079899074852817,0.8658940397350994
row0179_KXTRUMPNOMMAX_270284503e83,KXTRUMPNOMMAX,Politics,unanimous_3_to_0,low,0.7666666666666666,True,605,0.5088309503784693,0.8661157024793389
row0249_KXWALLSPEND_e06fa58372f1,KXWALLSPEND,Politics,unanimous_3_to_0,low,0.7666666666666666,True,606,0.5096719932716569,0.8663366336633663
row0289_KXJUULFLAVOR_9b5ad7642eee,KXJUULFLAVOR,Companies,unanimous_3_to_0,low,0.7666666666666666,True,607,0.5105130361648444,0.8665568369028006
row0309_KXRECOGPALESTINE_4b5746f6ef92,KXRECOGPALESTINE,Politics,unanimous_3_to_0,low,0.7666666666666666,False,608,0.511354079058032,0.8651315789473685
row0449_KXBILATERALMENTION_e357325bea7d,KXBILATERALMENTION,Politics,unanimous_3_to_0,low,0.7666666666666666,True,609,0.5121951219512195,0.8653530377668309
row0486_KXINCOMERATE_d1d57e5a9ed8,KXINCOMERATE,Politics,unanimous_3_to_0,low,0.7666666666666666,False,610,0.5130361648444071,0.8639344262295082
row0555_KXEARNINGSMENTIONLYFT_44ec0874f801,KXEARNINGSMENTIONLYFT,Companies,unanimous_3_to_0,low,0.7666666666666666,True,611,0.5138772077375946,0.8641571194762684
row0556_KXEARNINGSMENTIONKO_c098e789d9b6,KXEARNINGSMENTIONKO,Companies,unanimous_3_to_0,low,0.7666666666666666,True,612,0.5147182506307821,0.8643790849673203
row0630_KXAWARDSCOUNTWHI_951619a4f8a9,KXAWARDSCOUNTWHI,Entertainment,unanimous_3_to_0,low,0.7666666666666666,True,613,0.5155592935239697,0.8646003262642741
row0677_KXSCOTUSCERT_c7a094294562,KXSCOTUSCERT,Politics,unanimous_3_to_0,low,0.7666666666666666,False,614,0.5164003364171573,0.8631921824104235
row0697_KXNUMONESONGFOO_394b117fc293,KXNUMONESONGFOO,Entertainment,unanimous_3_to_0,low,0.7666666666666666,False,615,0.5172413793103449,0.8617886178861789
row0706_KXNEXTCOINRH_07df70e695e6,KXNEXTCOINRH,Crypto,unanimous_3_to_0,low,0.7666666666666666,True,616,0.5180824222035324,0.862012987012987
row0731_KXHOUSEGOVTFUND_2b839401f561,KXHOUSEGOVTFUND,Politics,unanimous_3_to_0,low,0.7666666666666666,True,617,0.5189234650967199,0.8622366288492707
row0921_KXUSAMBPOLAND_d39f21bd5091,KXUSAMBPOLAND,Politics,unanimous_3_to_0,low,0.7666666666666666,True,618,0.5197645079899075,0.8624595469255664
row0965_KXTOPSONG_0a16ac053d88,KXTOPSONG,Entertainment,unanimous_3_to_0,low,0.7666666666666666,True,619,0.520605550883095,0.8626817447495961
row1107_KXEREDIVISIEGAME_c37ec644249f,KXEREDIVISIEGAME,Sports,unanimous_3_to_0,low,0.7666666666666666,True,620,0.5214465937762826,0.8629032258064516
row1132_KXSONGCHARTTSWIFT_67f83433f794,KXSONGCHARTTSWIFT,Entertainment,unanimous_3_to_0,low,0.7666666666666666,True,621,0.5222876366694701,0.8631239935587761
row1138_KXFEDGOVMENTION_cb4f31a9f113,KXFEDGOVMENTION,Mentions,unanimous_3_to_0,low,0.7666666666666666,True,622,0.5231286795626577,0.8633440514469454
row0923_KXUSAMBOAS_61602d09ccf9,KXUSAMBOAS,Politics,unanimous_3_to_0,low,0.7600000000000001,True,623,0.5239697224558453,0.8635634028892456
row0991_KXNFLRSHYDS_709c702166dd,KXNFLRSHYDS,Sports,unanimous_3_to_0,low,0.7600000000000001,True,624,0.5248107653490328,0.8637820512820513
row0017_KXIRACUTS_8de4c959b4c0,KXIRACUTS,Politics,unanimous_3_to_0,low,0.7533333333333333,True,625,0.5256518082422204,0.864
row0049_KXRECNCSVOTE_03453756ee7a,KXRECNCSVOTE,Politics,unanimous_3_to_0,low,0.75,True,626,0.5264928511354079,0.8642172523961661
row0082_KXDUTCHGAIN_ced502d243a2,KXDUTCHGAIN,Elections,unanimous_3_to_0,low,0.75,True,627,0.5273338940285954,0.8644338118022329
row0176_KXFERT_f9852d320e29,KXFERT,Economics,unanimous_3_to_0,low,0.75,False,628,0.528174936921783,0.8630573248407644
row0198_KXIRACUTS_69b54cabb18f,KXIRACUTS,Politics,unanimous_3_to_0,low,0.75,True,629,0.5290159798149706,0.863275039745628
row0226_KXMUSKTAGDJT_1035a5cb9d69,KXMUSKTAGDJT,Social,unanimous_3_to_0,low,0.75,False,630,0.5298570227081582,0.861904761904762
row0388_KXG7LEADEROUT_439941e33cac,KXG7LEADEROUT,Politics,unanimous_3_to_0,low,0.75,True,631,0.5306980656013457,0.8621236133122029
row0440_KXTRUMPMENTION_a87ae89c7b24,KXTRUMPMENTION,Politics,unanimous_3_to_0,low,0.75,False,632,0.5315391084945332,0.8607594936708861
row0648_KXTRUMPPARDON_2e4a9439bf7e,KXTRUMPPARDON,Politics,unanimous_3_to_0,low,0.75,False,633,0.5323801513877208,0.8593996840442338
row0654_KXTRUMPATTEND_7ad6b2bff9f7,KXTRUMPATTEND,Entertainment,unanimous_3_to_0,low,0.75,True,634,0.5332211942809083,0.8596214511041009
row0664_KXSWEBENCH_9287e3d25e3f,KXSWEBENCH,Science and Technology,unanimous_3_to_0,low,0.75,False,635,0.5340622371740958,0.8582677165354331
row0726_KXINXMAXY_e42bb9a981b1,KXINXMAXY,Financials,unanimous_3_to_0,low,0.75,False,636,0.5349032800672834,0.8569182389937107
row0728_KXIAEAIRANAGREEMENT_f1ed00c6a603,KXIAEAIRANAGREEMENT,Politics,unanimous_3_to_0,low,0.75,False,637,0.535744322960471,0.8555729984301413
row0816_KXNEXTHURDATE_10c39a596011,KXNEXTHURDATE,Climate and Weather,unanimous_3_to_0,low,0.75,True,638,0.5365853658536586,0.8557993730407524
row0827_KXMUSKNASA_574af1289204,KXMUSKNASA,Politics,unanimous_3_to_0,low,0.75,True,639,0.5374264087468461,0.8560250391236307
row0842_KXINXHIGH_cd23b5ad2905,KXINXHIGH,Financials,unanimous_3_to_0,low,0.75,True,640,0.5382674516400336,0.85625
row0919_KXUSAMBSWEDEN_0d0728bbea16,KXUSAMBSWEDEN,Politics,unanimous_3_to_0,low,0.75,False,641,0.5391084945332212,0.8549141965678627
row0933_KXUSAMBBELGIUM_4bfa5c945b42,KXUSAMBBELGIUM,Politics,unanimous_3_to_0,low,0.75,True,642,0.5399495374264087,0.8551401869158879
row0980_KXXRPD_851ab87d3647,KXXRPD,Crypto,unanimous_3_to_0,low,0.75,True,643,0.5407905803195963,0.8553654743390358
row1062_KXAPPRANKFREE_a5f4912367f1,KXAPPRANKFREE,Entertainment,unanimous_3_to_0,low,0.75,True,644,0.5416316232127838,0.8555900621118012
row0939_KXHURCTOTMAJ_83171b545677,KXHURCTOTMAJ,Climate and Weather,unanimous_3_to_0,low,0.7400000000000001,False,645,0.5424726661059714,0.8542635658914729
row0219_KXFEDGOVMENTION_8240d498b2be,KXFEDGOVMENTION,Mentions,unanimous_3_to_0,low,0.7399999999999999,True,646,0.543313708999159,0.8544891640866873
row0253_KXRECBILL_5d72236c13de,KXRECBILL,Politics,unanimous_3_to_0,low,0.7399999999999999,False,647,0.5441547518923465,0.8531684698608965
row0272_KXEDUCUTS_d0361484b58c,KXEDUCUTS,Politics,unanimous_3_to_0,low,0.7399999999999999,False,648,0.5449957947855341,0.8518518518518519
row0321_KXDUTCHSECOND_e589e01ed3da,KXDUTCHSECOND,Elections,unanimous_3_to_0,low,0.7399999999999999,True,649,0.5458368376787216,0.8520801232665639
row0332_KXSPOTIFYSONG_56c6fb95994b,KXSPOTIFYSONG,Entertainment,unanimous_3_to_0,low,0.7399999999999999,False,650,0.5466778805719091,0.8507692307692307
row0479_KXIPOBEASTINDUSTRIES_ac751b40a9e0,KXIPOBEASTINDUSTRIES,Economics,unanimous_3_to_0,low,0.7399999999999999,True,651,0.5475189234650967,0.8509984639016898
row0483_KXREMITTANCERATE_2f4f98037aab,KXREMITTANCERATE,Politics,unanimous_3_to_0,low,0.7399999999999999,True,652,0.5483599663582843,0.8512269938650306
row0738_KXETHMAXY_f07852e1a098,KXETHMAXY,Crypto,unanimous_3_to_0,low,0.7399999999999999,False,653,0.5492010092514719,0.8499234303215927
row0789_KXSPOTIFY4BILLION_8ac82d3f885c,KXSPOTIFY4BILLION,Entertainment,unanimous_3_to_0,low,0.7399999999999999,False,654,0.5500420521446594,0.8486238532110092
row0792_KXSPOTIFY2BILLION_282095d93e15,KXSPOTIFY2BILLION,Entertainment,unanimous_3_to_0,low,0.7399999999999999,False,655,0.5508830950378469,0.8473282442748091
row0134_KXAWARDSCOUNTLAS_3e15c0868334,KXAWARDSCOUNTLAS,Entertainment,unanimous_3_to_0,low,0.7333333333333334,True,656,0.5517241379310345,0.8475609756097561
row0368_KXNORWAYSECOND_cae9d28af296,KXNORWAYSECOND,Elections,unanimous_3_to_0,low,0.7333333333333334,True,657,0.552565180824222,0.84779299847793
row0394_KXNORWAYPF_ad04e82f470f,KXNORWAYPF,Elections,unanimous_3_to_0,low,0.7333333333333334,True,658,0.5534062237174096,0.8480243161094225
row0458_KXHALFTRIL_1dab31e8ab7a,KXHALFTRIL,Economics,unanimous_3_to_0,low,0.7333333333333334,False,659,0.5542472666105971,0.8467374810318664
row0482_KXSNAPCUTS_2ef785414460,KXSNAPCUTS,Politics,unanimous_3_to_0,low,0.7333333333333334,True,660,0.5550883095037847,0.8469696969696969
row0634_KXAWARDSCOUNTPEN_0cdc037ecc2a,KXAWARDSCOUNTPEN,Entertainment,unanimous_3_to_0,low,0.7333333333333334,True,661,0.5559293523969723,0.8472012102874432
row0850_KXFERT_07798b070d32,KXFERT,Economics,unanimous_3_to_0,low,0.7333333333333334,False,662,0.5567703952901598,0.8459214501510574
row1034_KXTOP10BILLBOARDSPOTSTS_745f1fdace44,KXTOP10BILLBOARDSPOTSTS,Entertainment,unanimous_3_to_0,low,0.7333333333333334,True,663,0.5576114381833474,0.8461538461538461
row0012_KXWALLSPEND_36260a00c12a,KXWALLSPEND,Politics,unanimous_3_to_0,low,0.7266666666666666,False,664,0.5584524810765349,0.8448795180722891
row0126_KXTCJAPERMANENT_8320a8ee77cf,KXTCJAPERMANENT,Politics,unanimous_3_to_0,low,0.7266666666666666,False,665,0.5592935239697224,0.843609022556391
row0669_KXSOLDATHOLDINGS_ec9fcc10ec96,KXSOLDATHOLDINGS,Crypto,unanimous_3_to_0,low,0.7266666666666666,False,666,0.56013456686291,0.8423423423423423
row1050_KXUSDJPYH_ee2c80f5c5d5,KXUSDJPYH,Financials,unanimous_3_to_0,low,0.7266666666666666,True,667,0.5609756097560976,0.8425787106446777
row0559_KXEARNINGSMENTIONCELH_d25e1287e1be,KXEARNINGSMENTIONCELH,Companies,unanimous_3_to_0,low,0.7233333333333333,False,668,0.5618166526492852,0.8413173652694611
row1065_KXTNOTED_be6f9388127f,KXTNOTED,Financials,unanimous_3_to_0,low,0.7233333333333333,True,669,0.5626576955424727,0.8415545590433483
row0931_KXUSAMBCHILE_a8c80ad03038,KXUSAMBCHILE,Politics,unanimous_3_to_0,low,0.7200000000000001,True,670,0.5634987384356602,0.8417910447761194
row0218_KXEARNINGSMENTIONROKU_53d6a1965f8d,KXEARNINGSMENTIONROKU,Companies,unanimous_3_to_0,low,0.7166666666666668,True,671,0.5643397813288478,0.842026825633383
row0552_KXGOVTSPEND_08a6fe3eef15,KXGOVTSPEND,Politics,unanimous_3_to_0,low,0.7166666666666668,False,672,0.5651808242220353,0.8407738095238095
row0565_KXEVENTTIMES_588afe8e25b1,KXEVENTTIMES,Sports,unanimous_3_to_0,low,0.7166666666666668,False,673,0.5660218671152228,0.8395245170876672
row0775_KXTRUMPATTEND_22b0261c4a57,KXTRUMPATTEND,Entertainment,unanimous_3_to_0,low,0.7166666666666668,True,674,0.5668629100084104,0.8397626112759644
row0815_KXNEXTHURDATE_1cec9a3284b5,KXNEXTHURDATE,Climate and Weather,unanimous_3_to_0,low,0.7166666666666668,False,675,0.567703952901598,0.8385185185185186
row0930_KXUSAMBCHILE_712a99527d97,KXUSAMBCHILE,Politics,unanimous_3_to_0,low,0.7166666666666668,False,676,0.5685449957947856,0.8372781065088757
row0281_KXRECBASELINE_5dbc4fbf1704,KXRECBASELINE,Politics,unanimous_3_to_0,low,0.7166666666666667,False,677,0.5693860386879731,0.8360413589364845
row0429_KXNCAAFSPREAD_2245a5840bda,KXNCAAFSPREAD,Sports,unanimous_3_to_0,low,0.7166666666666667,True,678,0.5702270815811606,0.8362831858407079
row0093_KXSAUDIPLGAME_2a7b6462939b,KXSAUDIPLGAME,Sports,unanimous_3_to_0,low,0.7066666666666667,True,679,0.5710681244743482,0.8365243004418262
row0383_KXDEDUCT_8595cb71421d,KXDEDUCT,Politics,unanimous_3_to_0,low,0.7066666666666667,False,680,0.5719091673675357,0.8352941176470589
row0328_KXQBIDEDUCT_15d3219ab09a,KXQBIDEDUCT,Politics,unanimous_3_to_0,low,0.7000000000000001,False,681,0.5727502102607233,0.8340675477239354
row0525_KXNLDTHIRD_ef4f976aaf36,KXNLDTHIRD,Elections,unanimous_3_to_0,low,0.6999999999999998,True,682,0.5735912531539108,0.8343108504398827
row0936_KXPROTOCOLSTATEDEPT_ea83fc39d8c4,KXPROTOCOLSTATEDEPT,Politics,unanimous_3_to_0,low,0.6999999999999998,False,683,0.5744322960470984,0.8330893118594437
row0322_KXETHMINY_906ffea075f7,KXETHMINY,Crypto,unanimous_3_to_0,low,0.6933333333333334,False,684,0.575273338940286,0.8318713450292398
row0024_KXTRUMPNOMMAX_db128e345c46,KXTRUMPNOMMAX,Politics,unanimous_3_to_0,low,0.6833333333333332,True,685,0.5761143818334735,0.8321167883211679
row0447_KXBUNDESLIGAGAME_a673c719e85d,KXBUNDESLIGAGAME,Sports,unanimous_3_to_0,low,0.6833333333333332,True,686,0.5769554247266611,0.8323615160349854
row0529_KXDUTCHGAIN_512b44cb6ec6,KXDUTCHGAIN,Elections,unanimous_3_to_0,low,0.6833333333333332,True,687,0.5777964676198486,0.8326055312954876
row0766_KXBTCMINY_71ad4f53c49a,KXBTCMINY,Crypto,unanimous_3_to_0,low,0.6833333333333332,False,688,0.5786375105130361,0.8313953488372093
row0412_KXNYCCOUNCIL4_93eaa32dd0cf,KXNYCCOUNCIL4,Politics,unanimous_3_to_0,low,0.68,True,689,0.5794785534062237,0.8316400580551524
row0526_KXNLDTHIRD_634b0a52139c,KXNLDTHIRD,Elections,unanimous_3_to_0,low,0.6733333333333333,False,690,0.5803195962994113,0.8304347826086956
row0311_KXBTCMINY_e875ddc43a57,KXBTCMINY,Crypto,unanimous_3_to_0,low,0.6666666666666666,False,691,0.5811606391925989,0.829232995658466
row0495_KXMOLDOVACOALITION_337ac35e30d2,KXMOLDOVACOALITION,Politics,unanimous_3_to_0,low,0.6666666666666666,True,692,0.5820016820857864,0.8294797687861272
row0524_KXPVVSEATS_c0ff7babbd72,KXPVVSEATS,Elections,unanimous_3_to_0,low,0.6666666666666666,True,693,0.5828427249789739,0.8297258297258298
row0640_KXWTIMAX_d3509b07172f,KXWTIMAX,Financials,unanimous_3_to_0,low,0.6666666666666666,False,694,0.5836837678721615,0.8285302593659942
row1098_KXAAAGASW_6730cb4c9a23,KXAAAGASW,Economics,unanimous_3_to_0,low,0.66,False,695,0.584524810765349,0.8273381294964028
row0020_KXMAYORSEATTLE_ae20ee25d0df,KXMAYORSEATTLE,Elections,unanimous_3_to_0,low,0.65,True,696,0.5853658536585366,0.8275862068965517
row0230_KXTNOTED_669e11ed9b6f,KXTNOTED,Financials,unanimous_3_to_0,low,0.65,True,697,0.5862068965517241,0.8278335724533716
row0883_KXAZPORNLAW_38f558a9e7c9,KXAZPORNLAW,Politics,unanimous_3_to_0,low,0.65,False,698,0.5870479394449117,0.826647564469914
row1155_KXGRAMMYNOMAOTY_1498184aee9c,KXGRAMMYNOMAOTY,Entertainment,unanimous_3_to_0,low,0.6233333333333334,True,699,0.5878889823380993,0.82689556509299
row1154_KXGRAMMYNOMAOTY_e66d5c60e960,KXGRAMMYNOMAOTY,Entertainment,unanimous_3_to_0,low,0.62,True,700,0.5887300252312868,0.8271428571428572
row0591_KXNFLWINS-LAC_d33654c14b32,KXNFLWINS-LAC,Sports,unanimous_3_to_0,low,0.6166666666666667,True,701,0.5895710681244744,0.8273894436519258
row0858_KXDISTANCE3IATLAS_128a03a39f11,KXDISTANCE3IATLAS,Science and Technology,unanimous_3_to_0,low,0.6033333333333334,False,702,0.5904121110176619,0.8262108262108262
row0342_KXNFLWINS-NYJ_6096aa9e0082,KXNFLWINS-NYJ,Sports,unanimous_3_to_0,low,0.6,True,703,0.5912531539108494,0.8264580369843528
row0580_KXNFLWINS-PIT_ed51fe4644a0,KXNFLWINS-PIT,Sports,unanimous_3_to_0,low,0.6,True,704,0.592094196804037,0.8267045454545454
row0584_KXNFLWINS-NYG_ef7d47e47f9b,KXNFLWINS-NYG,Sports,unanimous_3_to_0,low,0.6,True,705,0.5929352396972245,0.826950354609929
row0590_KXNFLWINS-LV_3c3848762533,KXNFLWINS-LV,Sports,unanimous_3_to_0,low,0.6,True,706,0.5937762825904122,0.8271954674220963
row0596_KXNFLWINS-HOU_42a53d8c74cb,KXNFLWINS-HOU,Sports,unanimous_3_to_0,low,0.6,True,707,0.5946173254835997,0.8274398868458275
row0739_KXETHMAXY_440f2c4bef1f,KXETHMAXY,Crypto,unanimous_3_to_0,low,0.6,False,708,0.5954583683767872,0.826271186440678
row0043_KXNFLWINS-NO_8f2b4fd58dac,KXNFLWINS-NO,Sports,unanimous_3_to_0,low,0.59,True,709,0.5962994112699748,0.8265162200282088
row0318_KXNFLWINS-SEA_23a2b043a081,KXNFLWINS-SEA,Sports,unanimous_3_to_0,low,0.59,False,710,0.5971404541631623,0.8253521126760563
row0597_KXNFLWINS-HOU_4f23073cbe90,KXNFLWINS-HOU,Sports,unanimous_3_to_0,low,0.59,True,711,0.5979814970563498,0.8255977496483825
row0604_KXNFLWINS-CLE_5e274599ba83,KXNFLWINS-CLE,Sports,unanimous_3_to_0,low,0.59,True,712,0.5988225399495374,0.8258426966292135
row1143_KXMLBSERIESEXACT_9a6582142eea,KXMLBSERIESEXACT,Sports,unanimous_3_to_0,low,0.5866666666666667,True,713,0.599663582842725,0.8260869565217391
row0144_KXFEATURETAYLORSWIFT_7383fd9623c7,KXFEATURETAYLORSWIFT,Entertainment,unanimous_3_to_0,low,0.5833333333333334,True,714,0.6005046257359126,0.8263305322128851
row0150_KXNFLWINS-LV_c7548a113068,KXNFLWINS-LV,Sports,unanimous_3_to_0,low,0.5833333333333334,True,715,0.6013456686291001,0.8265734265734266
row0577_KXNFLWINS-TB_88491391cf7f,KXNFLWINS-TB,Sports,unanimous_3_to_0,low,0.5833333333333334,True,716,0.6021867115222876,0.8268156424581006
row0592_KXNFLWINS-LAC_a6e6e6132f31,KXNFLWINS-LAC,Sports,unanimous_3_to_0,low,0.5833333333333334,True,717,0.6030277544154752,0.8270571827057183
row0593_KXNFLWINS-LA_c68deab9b684,KXNFLWINS-LA,Sports,unanimous_3_to_0,low,0.5833333333333334,True,718,0.6038687973086627,0.8272980501392758
row0611_KXNFLWINS-BAL_fc0597beb9c7,KXNFLWINS-BAL,Sports,unanimous_3_to_0,low,0.5833333333333334,True,719,0.6047098402018503,0.827538247566064
row0762_KXCABFAIL_4a30e8b0844f,KXCABFAIL,Politics,unanimous_3_to_0,low,0.5833333333333334,True,720,0.6055508830950378,0.8277777777777777
row0871_KXBESTREVIVAL_4999cfc15ba9,KXBESTREVIVAL,Entertainment,unanimous_3_to_0,low,0.5833333333333334,True,721,0.6063919259882254,0.8280166435506241
row1051_KXEURUSDH_1222a767a11e,KXEURUSDH,Financials,unanimous_3_to_0,low,0.5833333333333334,True,722,0.607232968881413,0.8282548476454293
row0182_KXNFLWINS-JAC_29bca31e460a,KXNFLWINS-JAC,Sports,unanimous_3_to_0,low,0.5766666666666667,True,723,0.6080740117746005,0.8284923928077456
row0013_KXEARNINGSMENTIONRDDT_641d658965c9,KXEARNINGSMENTIONRDDT,Companies,unanimous_3_to_0,low,0.5733333333333334,False,724,0.6089150546677881,0.8273480662983426
row0615_KXNFLWINS-ARI_089302d4d4b3,KXNFLWINS-ARI,Sports,unanimous_3_to_0,low,0.5733333333333334,True,725,0.6097560975609756,0.8275862068965517
row1091_KXSNFMENTION_50cf2550037f,KXSNFMENTION,Mentions,unanimous_3_to_0,low,0.5733333333333334,True,726,0.6105971404541631,0.8278236914600551
row0450_KXEARNINGSMENTIONDKNG_f54c37663a02,KXEARNINGSMENTIONDKNG,Companies,unanimous_3_to_0,low,0.5666666666666668,False,727,0.6114381833473507,0.8266850068775791
row0717_KXMAYORNYCPARTY_7e9560b92278,KXMAYORNYCPARTY,Politics,unanimous_3_to_0,low,0.5666666666666668,True,728,0.6122792262405383,0.8269230769230769
row0729_KXHULKHOGANATTEND_3b2cda4a3aa4,KXHULKHOGANATTEND,Entertainment,unanimous_3_to_0,low,0.5666666666666668,True,729,0.6131202691337259,0.8271604938271605
row0586_KXNFLWINS-MIN_1a4b89490802,KXNFLWINS-MIN,Sports,unanimous_3_to_0,low,0.5666666666666667,True,730,0.6139613120269134,0.8273972602739726
row0587_KXNFLWINS-MIN_d941fdee85ca,KXNFLWINS-MIN,Sports,unanimous_3_to_0,low,0.5666666666666667,True,731,0.6148023549201009,0.8276333789329685
row0006_KXNFLWINS-CLE_882dd6026a3c,KXNFLWINS-CLE,Sports,unanimous_3_to_0,low,0.56,True,732,0.6156433978132885,0.8278688524590164
row0575_KXNFLWINS-TEN_159da4ab21a0,KXNFLWINS-TEN,Sports,unanimous_3_to_0,low,0.56,True,733,0.616484440706476,0.8281036834924966
row0582_KXNFLWINS-PHI_90bd66bd023b,KXNFLWINS-PHI,Sports,unanimous_3_to_0,low,0.56,True,734,0.6173254835996635,0.8283378746594006
row0612_KXNFLWINS-ATL_7350a1c08c80,KXNFLWINS-ATL,Sports,unanimous_3_to_0,low,0.56,True,735,0.6181665264928511,0.8285714285714286
row0957_KXSPOTIFYW_5ef5e83798de,KXSPOTIFYW,Entertainment,unanimous_3_to_0,low,0.56,True,736,0.6190075693860387,0.8288043478260869
row0162_KXNFLWINS-PIT_c667a08084eb,KXNFLWINS-PIT,Sports,unanimous_3_to_0,low,0.5566666666666666,True,737,0.6198486122792263,0.8290366350067843
row0606_KXNFLWINS-CIN_7a1974647a3c,KXNFLWINS-CIN,Sports,unanimous_3_to_0,low,0.5566666666666666,True,738,0.6206896551724138,0.8292682926829268
row0806_KXPARTYWINNL_4b8dd9dab2b3,KXPARTYWINNL,Elections,unanimous_3_to_0,low,0.5566666666666666,True,739,0.6215306980656014,0.8294993234100135
row0086_KXNEWSOMMENTION_3faf7007868a,KXNEWSOMMENTION,Mentions,unanimous_3_to_0,low,0.5499999999999999,True,740,0.6223717409587889,0.8297297297297297
row0158_KXGRAMMYNOMSOTY_f26591791779,KXGRAMMYNOMSOTY,Entertainment,unanimous_3_to_0,low,0.5499999999999999,True,741,0.6232127838519764,0.8299595141700404
row0237_KXNBATOTAL_404fc651b3a5,KXNBATOTAL,Sports,unanimous_3_to_0,low,0.5499999999999999,True,742,0.624053826745164,0.8301886792452831
row0293_KXPARTYWINNL_d7de7ccc549d,KXPARTYWINNL,Elections,unanimous_3_to_0,low,0.5499999999999999,True,743,0.6248948696383515,0.8304172274562585
row0313_KXNFLWINS-LA_d6b12edd9418,KXNFLWINS-LA,Sports,unanimous_3_to_0,low,0.5499999999999999,True,744,0.6257359125315392,0.8306451612903226
row0392_KXMARIOKART9_fc7debc64b81,KXMARIOKART9,Entertainment,unanimous_3_to_0,low,0.5499999999999999,True,745,0.6265769554247267,0.8308724832214766
row0402_KXSPOTIFYSONGSTFOO_76e57f3da3fd,KXSPOTIFYSONGSTFOO,Entertainment,unanimous_3_to_0,low,0.5499999999999999,False,746,0.6274179983179142,0.8297587131367292
row0421_KXTNFMENTION_c28c69bd57eb,KXTNFMENTION,Mentions,unanimous_3_to_0,low,0.5499999999999999,True,747,0.6282590412111018,0.8299866131191432
row0432_KXEARNINGSMENTIONBLK_736695229e58,KXEARNINGSMENTIONBLK,Companies,unanimous_3_to_0,low,0.5499999999999999,True,748,0.6291000841042893,0.8302139037433155
row0603_KXNFLWINS-DAL_12b42c79df4a,KXNFLWINS-DAL,Sports,unanimous_3_to_0,low,0.5499999999999999,True,749,0.6299411269974768,0.8304405874499332
row0622_KXLEAVITTMENTIONDURATION_f47c0e683fc3,KXLEAVITTMENTIONDURATION,Mentions,unanimous_3_to_0,low,0.5499999999999999,True,750,0.6307821698906644,0.8306666666666667
row0632_KXAWARDSCOUNTSTU_e6a0f12a5965,KXAWARDSCOUNTSTU,Entertainment,unanimous_3_to_0,low,0.5499999999999999,True,751,0.631623212783852,0.8308921438082557
row0719_KXLYRICNEWSWIFT_a255a1e28b89,KXLYRICNEWSWIFT,Entertainment,unanimous_3_to_0,low,0.5499999999999999,False,752,0.6324642556770396,0.8297872340425532
row0720_KXLYRICNEWSWIFT_b5759c17adbd,KXLYRICNEWSWIFT,Entertainment,unanimous_3_to_0,low,0.5499999999999999,False,753,0.6333052985702271,0.8286852589641435
row0767_KXBTCMAXY_89b432c7ca5d,KXBTCMAXY,Crypto,unanimous_3_to_0,low,0.5499999999999999,False,754,0.6341463414634146,0.8275862068965517
row0828_KXMRBEASTMENTION_4bbf0a28a8c4,KXMRBEASTMENTION,Politics,unanimous_3_to_0,low,0.5499999999999999,True,755,0.6349873843566022,0.8278145695364238
row0847_KXGRAMMYNOMCOUNTBB_25c75fda1b5b,KXGRAMMYNOMCOUNTBB,Sports,unanimous_3_to_0,low,0.5499999999999999,False,756,0.6358284272497897,0.8267195767195767
row0876_KXBESTACTORTONYAWARDS_2e2dabe5748a,KXBESTACTORTONYAWARDS,Entertainment,unanimous_3_to_0,low,0.5499999999999999,True,757,0.6366694701429773,0.8269484808454426
row0956_KXSPOTIFYW_b4864a69ff46,KXSPOTIFYW,Entertainment,unanimous_3_to_0,low,0.5499999999999999,True,758,0.6375105130361648,0.8271767810026385
row1101_KXLIGAPORTUGALGAME_bcb17dc94191,KXLIGAPORTUGALGAME,Sports,unanimous_3_to_0,low,0.5499999999999999,True,759,0.6383515559293524,0.8274044795783926
row1136_KXGRAMMYNOMSOTY_96fe99ef6cde,KXGRAMMYNOMSOTY,Entertainment,unanimous_3_to_0,low,0.5499999999999999,True,760,0.63919259882254,0.8276315789473684
row0608_KXNFLWINS-CAR_b5e825216fe6,KXNFLWINS-CAR,Sports,unanimous_3_to_0,low,0.5433333333333333,True,761,0.6400336417157275,0.8278580814717477
row1165_KXNYCCOUNCIL8_a7be08d535a8,KXNYCCOUNCIL8,Politics,unanimous_3_to_0,low,0.5433333333333333,True,762,0.6408746846089151,0.8280839895013123
row0021_KXNFLFIRSTTD_1e0967a0b1cd,KXNFLFIRSTTD,Sports,unanimous_3_to_0,low,0.54,False,763,0.6417157275021026,0.8269986893840104
row0254_KXNFLWINS-JAC_6e4434b77d4b,KXNFLWINS-JAC,Sports,unanimous_3_to_0,low,0.54,True,764,0.6425567703952901,0.8272251308900523
row0834_KXMAYORDETROIT_e7a8374b33bd,KXMAYORDETROIT,Elections,unanimous_3_to_0,low,0.54,True,765,0.6433978132884777,0.8274509803921568
row0952_KXSPOTIFYGLOBALD_6b8313bb34ea,KXSPOTIFYGLOBALD,Entertainment,unanimous_3_to_0,low,0.54,True,766,0.6442388561816653,0.8276762402088773
row0993_KXNFLREC_2f36227135ef,KXNFLREC,Sports,unanimous_3_to_0,low,0.54,True,767,0.6450798990748529,0.8279009126466753
row1048_KXEUROLEAGUEGAME_7fcdadc364c2,KXEUROLEAGUEGAME,Sports,unanimous_3_to_0,low,0.54,True,768,0.6459209419680404,0.828125
row0004_KXELONJREGUEST_08e8db4a8c3b,KXELONJREGUEST,Entertainment,unanimous_3_to_0,low,0.5333333333333333,False,769,0.6467619848612279,0.8270481144343304
row0108_KXNLDFOURTH_18b81945f8e7,KXNLDFOURTH,Elections,unanimous_3_to_0,low,0.5333333333333333,True,770,0.6476030277544155,0.8272727272727273
row0130_KXUCLTOTAL_b4ec71a4c9b2,KXUCLTOTAL,Sports,unanimous_3_to_0,low,0.5333333333333333,True,771,0.648444070647603,0.8274967574578469
row0133_KXTOP10BILLBOARD_cc392173cf70,KXTOP10BILLBOARD,Entertainment,unanimous_3_to_0,low,0.5333333333333333,False,772,0.6492851135407905,0.8264248704663213
row0189_KXSNLHOST_f5982df4d591,KXSNLHOST,Entertainment,unanimous_3_to_0,low,0.5333333333333333,False,773,0.6501261564339781,0.8253557567917206
row0202_KXGRAMMYNOMCOUNTLG_c65136acf1fa,KXGRAMMYNOMCOUNTLG,Sports,unanimous_3_to_0,low,0.5333333333333333,True,774,0.6509671993271657,0.8255813953488372
row0241_KXEARNINGSMENTIONORCL_18ba8fd77cf4,KXEARNINGSMENTIONORCL,Companies,unanimous_3_to_0,low,0.5333333333333333,True,775,0.6518082422203533,0.8258064516129032
row0297_KXNFLWINS-TB_834197aa16d6,KXNFLWINS-TB,Sports,unanimous_3_to_0,low,0.5333333333333333,True,776,0.6526492851135408,0.8260309278350515
row0301_KXNFLWINS-NYG_11955b579ed1,KXNFLWINS-NYG,Sports,unanimous_3_to_0,low,0.5333333333333333,True,777,0.6534903280067283,0.8262548262548263
row0363_KXNFLMENTION_d41b35bba65b,KXNFLMENTION,Mentions,unanimous_3_to_0,low,0.5333333333333333,True,778,0.6543313708999159,0.8264781491002571
row0576_KXNFLWINS-TEN_030999900e4a,KXNFLWINS-TEN,Sports,unanimous_3_to_0,low,0.5333333333333333,True,779,0.6551724137931034,0.8267008985879333
row0598_KXNFLWINS-GB_6e0ae86a4094,KXNFLWINS-GB,Sports,unanimous_3_to_0,low,0.5333333333333333,False,780,0.656013456686291,0.8256410256410256
row0780_KXTVSHOWSCANCELLED_4b3a710bb053,KXTVSHOWSCANCELLED,Entertainment,unanimous_3_to_0,low,0.5333333333333333,False,781,0.6568544995794785,0.8245838668373879
row0821_KXNEWPOPENAME_f2832f6151ce,KXNEWPOPENAME,World,unanimous_3_to_0,low,0.5333333333333333,True,782,0.6576955424726662,0.8248081841432225
row0854_KXEUROVISIONJURY_c39ce68d6241,KXEUROVISIONJURY,Entertainment,unanimous_3_to_0,low,0.5333333333333333,True,783,0.6585365853658537,0.8250319284802043
row0954_KXSPOTIFYARTISTD_68c7381967f2,KXSPOTIFYARTISTD,Entertainment,unanimous_3_to_0,low,0.5333333333333333,True,784,0.6593776282590412,0.8252551020408163
row0573_KXNFLWINS-WAS_ed17a12b2c06,KXNFLWINS-WAS,Sports,unanimous_3_to_0,low,0.5266666666666667,True,785,0.6602186711522288,0.8254777070063695
row0613_KXNFLWINS-ATL_e80b64412f96,KXNFLWINS-ATL,Sports,unanimous_3_to_0,low,0.5266666666666667,True,786,0.6610597140454163,0.8256997455470738
row0839_KXLOVEISLANDGAMES_e333fedad0e7,KXLOVEISLANDGAMES,Sports,unanimous_3_to_0,low,0.5266666666666667,True,787,0.6619007569386038,0.8259212198221093
row0574_KXNFLWINS-WAS_dc103c4fde11,KXNFLWINS-WAS,Sports,unanimous_3_to_0,low,0.5233333333333333,True,788,0.6627417998317914,0.8261421319796954
row1153_KXGRAMMYNOMBRA_a39296fd57e2,KXGRAMMYNOMBRA,Entertainment,unanimous_3_to_0,low,0.52,True,789,0.663582842724979,0.826362484157161
row0050_KXELECTIONMOVIRELAND_d6d4dc85e0e0,KXELECTIONMOVIRELAND,Elections,unanimous_3_to_0,low,0.5166666666666667,True,790,0.6644238856181666,0.8265822784810126
row0074_KXMRBEASTVIDEOLENGTH_1fa7a058e646,KXMRBEASTVIDEOLENGTH,Entertainment,unanimous_3_to_0,low,0.5166666666666667,True,791,0.6652649285113541,0.8268015170670038
row0087_KXUSAMBBAHAMAS_ecf549ace0ac,KXUSAMBBAHAMAS,Politics,unanimous_3_to_0,low,0.5166666666666667,True,792,0.6661059714045416,0.827020202020202
row0094_KXBILLS_1f3b840a187f,KXBILLS,Politics,unanimous_3_to_0,low,0.5166666666666667,False,793,0.6669470142977292,0.8259773013871374
row0097_KX60MINMENTION_7c0bf913a017,KX60MINMENTION,Mentions,unanimous_3_to_0,low,0.5166666666666667,True,794,0.6677880571909167,0.8261964735516373
row0111_KXR6GAME_eea81b1c7adc,KXR6GAME,Sports,unanimous_3_to_0,low,0.5166666666666667,False,795,0.6686291000841043,0.8251572327044026
row0146_KXGOLDENBACHELOR_9ab4a5cca03f,KXGOLDENBACHELOR,Entertainment,unanimous_3_to_0,low,0.5166666666666667,True,796,0.6694701429772918,0.8253768844221105
row0319_KXPGATOUR_bf45a8464c66,KXPGATOUR,Sports,unanimous_3_to_0,low,0.5166666666666667,True,797,0.6703111858704794,0.8255959849435383
row0326_KXNFLRECYDS_f7ff6a643fc7,KXNFLRECYDS,Sports,unanimous_3_to_0,low,0.5166666666666667,True,798,0.671152228763667,0.8258145363408521
row0348_KXBTCATH_7d514100504f,KXBTCATH,Crypto,unanimous_3_to_0,low,0.5166666666666667,False,799,0.6719932716568545,0.8247809762202754
row0378_KXEOWEEK_6eec0d299b3e,KXEOWEEK,Politics,unanimous_3_to_0,low,0.5166666666666667,False,800,0.6728343145500421,0.82375
row0434_KXEVCREDITS_fb028ca7da58,KXEVCREDITS,Politics,unanimous_3_to_0,low,0.5166666666666667,False,801,0.6736753574432296,0.8227215980024969
row0435_KXEARNINGSMENTIONUAL_d6c3ee61aecb,KXEARNINGSMENTIONUAL,Companies,unanimous_3_to_0,low,0.5166666666666667,False,802,0.6745164003364171,0.8216957605985037
row0540_KXELECTIONMOVAZ7S_88d2fcf0764e,KXELECTIONMOVAZ7S,Elections,unanimous_3_to_0,low,0.5166666666666667,True,803,0.6753574432296047,0.821917808219178
row0560_KXEARNINGSMENTIONCAVA_7dba742c6888,KXEARNINGSMENTIONCAVA,Companies,unanimous_3_to_0,low,0.5166666666666667,False,804,0.6761984861227922,0.8208955223880597
row0600_KXNFLWINS-DET_18c7cc69588a,KXNFLWINS-DET,Sports,unanimous_3_to_0,low,0.5166666666666667,True,805,0.6770395290159799,0.8211180124223603
row0753_KXCOACHOUTNBA_d87ccb8f6730,KXCOACHOUTNBA,Sports,unanimous_3_to_0,low,0.5166666666666667,False,806,0.6778805719091674,0.8200992555831266
row0757_KXCENAMENTION_4d84a91c419d,KXCENAMENTION,Politics,unanimous_3_to_0,low,0.5166666666666667,True,807,0.6787216148023549,0.8203221809169765
row0820_KXNEWPOPEROUNDS_899b4f359e10,KXNEWPOPEROUNDS,World,unanimous_3_to_0,low,0.5166666666666667,True,808,0.6795626576955425,0.8205445544554455
row0884_KXAUSSEATSLIBNAT_66c91e1c2961,KXAUSSEATSLIBNAT,Politics,unanimous_3_to_0,low,0.5166666666666667,True,809,0.68040370058873,0.8207663782447466
row0978_KXNCAAMBSPREAD_5ed1ff7ec6ef,KXNCAAMBSPREAD,Sports,unanimous_3_to_0,low,0.5166666666666667,True,810,0.6812447434819175,0.8209876543209876
row1027_KXNBATOTAL_b9ab3bea2505,KXNBATOTAL,Sports,unanimous_3_to_0,low,0.5166666666666667,True,811,0.6820857863751051,0.8212083847102343
row1032_KXPGATOUR_9f2727b4085d,KXPGATOUR,Sports,unanimous_3_to_0,low,0.5166666666666667,True,812,0.6829268292682927,0.8214285714285714
row1040_KXCSGOMAP_14bb03f11c14,KXCSGOMAP,Sports,unanimous_3_to_0,low,0.5166666666666667,False,813,0.6837678721614803,0.8204182041820418
row1055_KXTNFMENTION_a7ffb2d4e7c6,KXTNFMENTION,Mentions,unanimous_3_to_0,low,0.5166666666666667,False,814,0.6846089150546678,0.8194103194103194
row1061_KXAPPRANKFREE_25967521b75e,KXAPPRANKFREE,Entertainment,unanimous_3_to_0,low,0.5166666666666667,True,815,0.6854499579478553,0.8196319018404908
row1079_KXNETFLIXRANKMOVIE_787fbee942b6,KXNETFLIXRANKMOVIE,Entertainment,unanimous_3_to_0,low,0.5166666666666667,True,816,0.6862910008410429,0.8198529411764706
row1102_KXLIGAPORTUGALGAME_00fb81792227,KXLIGAPORTUGALGAME,Sports,unanimous_3_to_0,low,0.5166666666666667,True,817,0.6871320437342304,0.8200734394124847
row1133_KXMIRANMENTION_fa559ed69d84,KXMIRANMENTION,Mentions,unanimous_3_to_0,low,0.5166666666666667,True,818,0.687973086627418,0.8202933985330073
row1156_KXCOLBERTMENTION_57c333620f73,KXCOLBERTMENTION,Mentions,unanimous_3_to_0,low,0.5166666666666667,True,819,0.6888141295206055,0.8205128205128205
row1174_KXPUBLICADV_ea9dd7d15882,KXPUBLICADV,Elections,unanimous_3_to_0,low,0.5166666666666667,True,820,0.6896551724137931,0.8207317073170731
row0048_KX60MINMENTION_52506da0278f,KX60MINMENTION,Mentions,unanimous_3_to_0,low,0.5166666666666666,True,821,0.6904962153069807,0.8209500609013398
row0095_KXXRPD_b07ddc38287b,KXXRPD,Crypto,unanimous_3_to_0,low,0.5166666666666666,True,822,0.6913372582001682,0.8211678832116789
row0317_KXMARATHON_8648f52e2447,KXMARATHON,Sports,unanimous_3_to_0,low,0.5166666666666666,True,823,0.6921783010933558,0.8213851761846902
row0350_KXLEAVITTMENTIONDURATION_0532e91cf6e0,KXLEAVITTMENTIONDURATION,Mentions,unanimous_3_to_0,low,0.5166666666666666,True,824,0.6930193439865433,0.8216019417475728
row0561_KXEARNINGSMENTIONCAVA_1eb23f067835,KXEARNINGSMENTIONCAVA,Companies,unanimous_3_to_0,low,0.5166666666666666,False,825,0.6938603868797308,0.8206060606060606
row0785_KXSPOTIFYALBUMTSWIFT_84233fac25c2,KXSPOTIFYALBUMTSWIFT,Entertainment,unanimous_3_to_0,low,0.5166666666666666,False,826,0.6947014297729184,0.8196125907990315
row0886_KXAUSSEATSLABOR_06ffe56b2bf5,KXAUSSEATSLABOR,Politics,unanimous_3_to_0,low,0.5166666666666666,False,827,0.695542472666106,0.8186215235792019
row0906_KXNCAAFUNDEFEATED_92a7322b3d19,KXNCAAFUNDEFEATED,Sports,unanimous_3_to_0,low,0.5166666666666666,True,828,0.6963835155592936,0.8188405797101449
row1177_KXNYCCOUNCIL30_f9d65db95772,KXNYCCOUNCIL30,Politics,unanimous_3_to_0,low,0.5166666666666666,False,829,0.6972245584524811,0.8178528347406514
row0539_KXELECTIONMOVAZ7S_7214ee0d7a59,KXELECTIONMOVAZ7S,Elections,unanimous_3_to_0,low,0.51,True,830,0.6980656013456686,0.8180722891566266
row0583_KXNFLWINS-NYJ_969a7065ce73,KXNFLWINS-NYJ,Sports,unanimous_3_to_0,low,0.51,True,831,0.6989066442388562,0.8182912154031288
row0589_KXNFLWINS-MIA_66a8b9b55f32,KXNFLWINS-MIA,Sports,unanimous_3_to_0,low,0.51,True,832,0.6997476871320437,0.8185096153846154
row0837_KXMARIOKART9_e92272e21dd8,KXMARIOKART9,Entertainment,unanimous_3_to_0,low,0.51,True,833,0.7005887300252313,0.8187274909963985
row1064_KXACOOPERMENTION_7128b10bbc55,KXACOOPERMENTION,Mentions,unanimous_3_to_0,low,0.5099999999999999,True,834,0.7014297729184188,0.8189448441247003
row0442_KXNFLWINS-IND_87a3b2bec336,KXNFLWINS-IND,Sports,unanimous_3_to_0,low,0.5066666666666667,True,835,0.7022708158116064,0.8191616766467066
row0579_KXNFLWINS-SEA_0fd83ab12d75,KXNFLWINS-SEA,Sports,unanimous_3_to_0,low,0.5066666666666667,False,836,0.703111858704794,0.8181818181818182
row0736_KXFEATURETYLERTHECREATOR_a4494bd63260,KXFEATURETYLERTHECREATOR,Entertainment,unanimous_3_to_0,low,0.5066666666666667,True,837,0.7039529015979815,0.8183990442054958
row1014_KXHIGHLAX_1fbd5bca0926,KXHIGHLAX,Climate and Weather,unanimous_3_to_0,low,0.5066666666666667,True,838,0.704793944491169,0.8186157517899761
row1092_KXRTSARAHSOIL_73a221e6c6a1,KXRTSARAHSOIL,Entertainment,unanimous_3_to_0,low,0.5066666666666667,False,839,0.7056349873843566,0.8176400476758046
row1121_KXWTAFINALS_06ec703050c8,KXWTAFINALS,Sports,unanimous_3_to_0,low,0.5066666666666667,True,840,0.7064760302775441,0.8178571428571428
row1146_KXTBPNMENTION_32bc9ce00b7e,KXTBPNMENTION,Mentions,unanimous_3_to_0,low,0.5066666666666667,True,841,0.7073170731707317,0.8180737217598097
row1178_KXNYCCOUNCIL30_462587e198c1,KXNYCCOUNCIL30,Politics,unanimous_3_to_0,low,0.5066666666666667,True,842,0.7081581160639192,0.8182897862232779
row0096_KXHURCTOT_ee22da6589eb,KXHURCTOT,Climate and Weather,unanimous_3_to_0,low,0.5033333333333333,False,843,0.7089991589571069,0.8173190984578885
row0051_KXDEDUCT_46d3ca9a4a2b,KXDEDUCT,Politics,unanimous_3_to_0,low,0.5,False,844,0.7098402018502944,0.816350710900474
row0125_KXIRELANDPRES_2969d86191da,KXIRELANDPRES,Politics,unanimous_3_to_0,low,0.5,True,845,0.7106812447434819,0.8165680473372781
row0183_KXCSGOGAME_a1a15327c214,KXCSGOGAME,Sports,unanimous_3_to_0,low,0.5,True,846,0.7115222876366695,0.8167848699763594
row0245_KXAMERICAPROFIT_5dee96900966,KXAMERICAPROFIT,Economics,unanimous_3_to_0,low,0.5,False,847,0.712363330529857,0.8158205430932703
row0372_KXEARNINGSMENTIONABNB_4c55331637b9,KXEARNINGSMENTIONABNB,Companies,unanimous_3_to_0,low,0.5,True,848,0.7132043734230445,0.8160377358490566
row0385_KXNBASPREAD_6819fcd8823e,KXNBASPREAD,Sports,unanimous_3_to_0,low,0.5,True,849,0.7140454163162321,0.8162544169611308
row0391_KXDUTCHSECOND_3b3e27119d26,KXDUTCHSECOND,Elections,unanimous_3_to_0,low,0.5,True,850,0.7148864592094197,0.8164705882352942
row0445_KXCOLLEGEDROP_ba07246f0b21,KXCOLLEGEDROP,Education,unanimous_3_to_0,low,0.5,True,851,0.7157275021026073,0.8166862514688602
row0554_KXEARNINGSMENTIONLYFT_b756bce843bb,KXEARNINGSMENTIONLYFT,Companies,unanimous_3_to_0,low,0.5,False,852,0.7165685449957948,0.8157276995305164
row0562_KXNEXTCOACHOUTNFL_37f2cea196d5,KXNEXTCOACHOUTNFL,Sports,unanimous_3_to_0,low,0.5,True,853,0.7174095878889823,0.8159437280187574
row0601_KXNFLWINS-DEN_b812eeb8d6ed,KXNFLWINS-DEN,Sports,unanimous_3_to_0,low,0.5,False,854,0.7182506307821699,0.8149882903981265
row0730_KXHOUSEGOVTFUND_9fdcad85da8e,KXHOUSEGOVTFUND,Politics,unanimous_3_to_0,low,0.5,True,855,0.7190916736753574,0.8152046783625732
row0742_KXEARNINGSMENTIONPLTR_92861c542ba9,KXEARNINGSMENTIONPLTR,Companies,unanimous_3_to_0,low,0.5,True,856,0.719932716568545,0.8154205607476636
row0901_KXTOP202025_4c41740ed435,KXTOP202025,Entertainment,unanimous_3_to_0,low,0.5,False,857,0.7207737594617325,0.8144690781796966
row0902_KXTOP10BILLBOARD_64c47c8def10,KXTOP10BILLBOARD,Entertainment,unanimous_3_to_0,low,0.5,False,858,0.7216148023549201,0.8135198135198135
row1025_KXNCAAFSPREAD_188850cbed68,KXNCAAFSPREAD,Sports,unanimous_3_to_0,low,0.5,True,859,0.7224558452481077,0.8137369033760187
row1039_KXCSGOMAP_f94eb95f152c,KXCSGOMAP,Sports,unanimous_3_to_0,low,0.5,True,860,0.7232968881412952,0.813953488372093
row1068_KXSURVIVORMENTION_2a444d13e811,KXSURVIVORMENTION,Mentions,unanimous_3_to_0,low,0.5,True,861,0.7241379310344828,0.8141695702671312
row1137_KXGRAMMYNOMNAOTY_f5dc8b9ee2d7,KXGRAMMYNOMNAOTY,Entertainment,unanimous_3_to_0,low,0.5,False,862,0.7249789739276703,0.8132250580046404
row1152_KXGRAMMYNOMBRA_3f4f7484ccea,KXGRAMMYNOMBRA,Entertainment,unanimous_3_to_0,low,0.5,False,863,0.7258200168208578,0.8122827346465817
row0078_KXNYCCOUNCIL1_c9e87b35b1cf,KXNYCCOUNCIL1,Politics,unanimous_3_to_0,low,0.49333333333333335,True,864,0.7266610597140454,0.8125
row0137_KXAPRPOTUS_65b7218ce776,KXAPRPOTUS,Politics,unanimous_3_to_0,low,0.49333333333333335,True,865,0.7275021026072329,0.8127167630057803
row0160_KXNFLRECYDS_5f86ccda4024,KXNFLRECYDS,Sports,unanimous_3_to_0,low,0.49333333333333335,True,866,0.7283431455004206,0.812933025404157
row0357_KXSPOTIFYGLOBALD_13151cac39ac,KXSPOTIFYGLOBALD,Entertainment,unanimous_3_to_0,low,0.49333333333333335,False,867,0.7291841883936081,0.81199538638985
row0404_KXBIGGESTQUAKE_f9acdc2536e4,KXBIGGESTQUAKE,Climate and Weather,unanimous_3_to_0,low,0.49333333333333335,False,868,0.7300252312867956,0.8110599078341014
row1173_KXUCLBTTS_063c2412206f,KXUCLBTTS,Sports,unanimous_3_to_0,low,0.49333333333333335,True,869,0.7308662741799832,0.8112773302646721
row0296_KXEURUSDH_3097d7fcc77e,KXEURUSDH,Financials,unanimous_3_to_0,low,0.49,True,870,0.7317073170731707,0.8114942528735632
row0032_KXEARNINGSMENTIONAMC_07cb842ba6e0,KXEARNINGSMENTIONAMC,Companies,unanimous_3_to_0,low,0.48666666666666664,False,871,0.7325483599663583,0.8105625717566016
row0092_KXEARNINGSMENTIONAMD_d46ac6c98e51,KXEARNINGSMENTIONAMD,Companies,unanimous_3_to_0,low,0.48666666666666664,True,872,0.7333894028595458,0.8107798165137615
row1058_KXFLIGHTORD_7cd075e3cdc7,KXFLIGHTORD,Transportation,unanimous_3_to_0,low,0.48666666666666664,False,873,0.7342304457527334,0.8098510882016037
row0052_KXLINKMAXY_172a61221d1b,KXLINKMAXY,Crypto,unanimous_3_to_0,low,0.4833333333333334,False,874,0.735071488645921,0.8089244851258581
row0159_KXTOP202025_b5ba49c7feee,KXTOP202025,Entertainment,unanimous_3_to_0,low,0.4833333333333334,False,875,0.7359125315391085,0.808
row0291_KXEARNINGSMENTIONRKLB_af34554fd28b,KXEARNINGSMENTIONRKLB,Companies,unanimous_3_to_0,low,0.4833333333333334,False,876,0.736753574432296,0.8070776255707762
row0327_KXSURVIVORELIMINATION_f8974480a654,KXSURVIVORELIMINATION,Sports,unanimous_3_to_0,low,0.4833333333333334,True,877,0.7375946173254836,0.8072976054732041
row0354_KXUCLSPREAD_4ececf40ea71,KXUCLSPREAD,Sports,unanimous_3_to_0,low,0.4833333333333334,True,878,0.7384356602186711,0.8075170842824602
row0423_KXFIDECANDIDATES_1f0bd87d5f27,KXFIDECANDIDATES,Sports,unanimous_3_to_0,low,0.4833333333333334,False,879,0.7392767031118587,0.8065984072810012
row0480_KXMEDIARELEASEUPONLY_0cd1a785e39f,KXMEDIARELEASEUPONLY,Entertainment,unanimous_3_to_0,low,0.4833333333333334,True,880,0.7401177460050462,0.8068181818181818
row0616_KXLEAVITTLATE_7e4233937751,KXLEAVITTLATE,Politics,unanimous_3_to_0,low,0.4833333333333334,False,881,0.7409587888982339,0.8059023836549376
row0638_KXXRPMAXY_0058c4e1771a,KXXRPMAXY,Crypto,unanimous_3_to_0,low,0.4833333333333334,False,882,0.7417998317914214,0.8049886621315193
row0811_KXNOBELPEACE_569a87363289,KXNOBELPEACE,Entertainment,unanimous_3_to_0,low,0.4833333333333334,True,883,0.7426408746846089,0.8052095130237825
row0840_KXLCKAHRIPICK_02d191744349,KXLCKAHRIPICK,Sports,unanimous_3_to_0,low,0.4833333333333334,True,884,0.7434819175777965,0.8054298642533937
row0958_KXSPOTIFYARTISTW_5bff60e011ad,KXSPOTIFYARTISTW,Entertainment,unanimous_3_to_0,low,0.4833333333333334,True,885,0.744322960470984,0.8056497175141243
row0960_KXSPOTIFYALBUMW_9df9d9f9b8ad,KXSPOTIFYALBUMW,Entertainment,unanimous_3_to_0,low,0.4833333333333334,True,886,0.7451640033641715,0.8058690744920993
row0962_KXWORLDSMVP_669685be1094,KXWORLDSMVP,Sports,unanimous_3_to_0,low,0.4833333333333334,True,887,0.7460050462573591,0.8060879368658399
row0982_KXXRP_282e8ed74341,KXXRP,Crypto,unanimous_3_to_0,low,0.4833333333333334,True,888,0.7468460891505467,0.8063063063063063
row1006_KXRAINNYC_926561c2e0a4,KXRAINNYC,Climate and Weather,unanimous_3_to_0,low,0.4833333333333334,False,889,0.7476871320437343,0.8053993250843644
row1086_KXTOPALBUM_cd797c197eb6,KXTOPALBUM,Entertainment,unanimous_3_to_0,low,0.4833333333333334,True,890,0.7485281749369218,0.8056179775280898
row1130_KXSAUDIPLGAME_cb55d233d90d,KXSAUDIPLGAME,Sports,unanimous_3_to_0,low,0.4833333333333334,True,891,0.7493692178301093,0.8058361391694725
row1145_KXTBPNMENTION_fcca5e344d2b,KXTBPNMENTION,Mentions,unanimous_3_to_0,low,0.4833333333333334,False,892,0.7502102607232969,0.804932735426009
row1157_KXCOLBERTMENTION_3f5925f4ae65,KXCOLBERTMENTION,Mentions,unanimous_3_to_0,low,0.4833333333333334,True,893,0.7510513036164844,0.8051511758118701
row1179_KXNYCCOUNCIL28_eee547ed8772,KXNYCCOUNCIL28,Politics,unanimous_3_to_0,low,0.4833333333333334,True,894,0.751892346509672,0.8053691275167785
row0563_KXNEXTCOACHOUTNFL_e3173c4596a5,KXNEXTCOACHOUTNFL,Sports,unanimous_3_to_0,low,0.48333333333333334,True,895,0.7527333894028595,0.8055865921787709
row0639_KXXLMMAXY_c4408a38d1f5,KXXLMMAXY,Crypto,unanimous_3_to_0,low,0.48333333333333334,False,896,0.7535744322960471,0.8046875
row0211_KXNFLWINS-NO_25fbe52cf725,KXNFLWINS-NO,Sports,unanimous_3_to_0,low,0.47333333333333333,True,897,0.7544154751892347,0.8049052396878483
row0438_KXNGUARDCITY_5419430d015d,KXNGUARDCITY,Politics,unanimous_3_to_0,low,0.47333333333333333,False,898,0.7552565180824222,0.8040089086859689
row0439_KXUSDJPY_33383a1c8e14,KXUSDJPY,Financials,unanimous_3_to_0,low,0.47333333333333333,True,899,0.7560975609756098,0.8042269187986651
row0688_KXPRIVACYUPDATENYT_bf59aeda6c7d,KXPRIVACYUPDATENYT,Companies,unanimous_3_to_0,low,0.47333333333333333,False,900,0.7569386038687973,0.8033333333333333
row0750_KXDCEIL_ffb6d9c65ba0,KXDCEIL,Politics,unanimous_3_to_0,low,0.47333333333333333,False,901,0.7577796467619848,0.802441731409545
row0963_KXWORLDSMVP_9770d2a80bd2,KXWORLDSMVP,Sports,unanimous_3_to_0,low,0.47333333333333333,True,902,0.7586206896551724,0.802660753880266
row1013_KXHIGHMIA_9c9e1acf49bd,KXHIGHMIA,Climate and Weather,unanimous_3_to_0,low,0.47333333333333333,True,903,0.7594617325483599,0.8028792912513842
row1059_KXFLIGHTJFK_616e9579d385,KXFLIGHTJFK,World,unanimous_3_to_0,low,0.47333333333333333,True,904,0.7603027754415476,0.8030973451327433
row0055_KXNYCCOUNCIL14_ae1cd724e8c9,KXNYCCOUNCIL14,Politics,unanimous_3_to_0,low,0.4666666666666666,True,905,0.7611438183347351,0.8033149171270718
row0103_KXWRECSS_fe25364d3b3b,KXWRECSS,Economics,unanimous_3_to_0,low,0.4666666666666666,False,906,0.7619848612279226,0.8024282560706402
row0187_KXRWAMCAPAVAX_783816594540,KXRWAMCAPAVAX,Crypto,unanimous_3_to_0,low,0.4666666666666666,False,907,0.7628259041211102,0.8015435501653804
row0271_KXEVENTTIMES_c38fc06edd7b,KXEVENTTIMES,Sports,unanimous_3_to_0,low,0.4666666666666666,False,908,0.7636669470142977,0.8006607929515418
row0330_KXSPOTIFYSONGSTFOO_f54d23c0484d,KXSPOTIFYSONGSTFOO,Entertainment,unanimous_3_to_0,low,0.4666666666666666,False,909,0.7645079899074853,0.7997799779977998
row0344_KXNFLWINS-CAR_4fcccd0fbf60,KXNFLWINS-CAR,Sports,unanimous_3_to_0,low,0.4666666666666666,False,910,0.7653490328006728,0.798901098901099
row0351_KXNEWPOPEROUNDS_5ebf93eff764,KXNEWPOPEROUNDS,World,unanimous_3_to_0,low,0.4666666666666666,True,911,0.7661900756938604,0.7991218441273326
row0419_KXSPOTIFYD_23e575b0e817,KXSPOTIFYD,Entertainment,unanimous_3_to_0,low,0.4666666666666666,False,912,0.767031118587048,0.7982456140350878
row0809_KXNVIDIARASGONQ_5faf9ff9675b,KXNVIDIARASGONQ,Social,unanimous_3_to_0,low,0.4666666666666666,False,913,0.7678721614802355,0.7973713033953997
row0867_KXBIGGESTQUAKE_36ee25cab785,KXBIGGESTQUAKE,Climate and Weather,unanimous_3_to_0,low,0.4666666666666666,False,914,0.768713204373423,0.7964989059080962
row0992_KXNFLREC_366d04088b5f,KXNFLREC,Sports,unanimous_3_to_0,low,0.4666666666666666,True,915,0.7695542472666106,0.7967213114754098
row1060_KXEURUSD_2c789cd44b60,KXEURUSD,Financials,unanimous_3_to_0,low,0.4666666666666666,True,916,0.7703952901597981,0.7969432314410481
row1073_KXAPPRANKFREE2_d662a5da031a,KXAPPRANKFREE2,Entertainment,unanimous_3_to_0,low,0.4666666666666666,True,917,0.7712363330529857,0.797164667393675
row1077_KXNETFLIXRANKSHOW_f4d997a37fc9,KXNETFLIXRANKSHOW,Entertainment,unanimous_3_to_0,low,0.4666666666666666,True,918,0.7720773759461732,0.7973856209150327
row1186_KXNYCCOUNCIL13_f884dc71a2f7,KXNYCCOUNCIL13,Politics,unanimous_3_to_0,low,0.4666666666666666,False,919,0.7729184188393609,0.7965179542981502
row0500_KXFDVWLFI_892f02546098,KXFDVWLFI,Crypto,unanimous_3_to_0,low,0.46,False,920,0.7737594617325484,0.7956521739130434
row0617_KXLEAVITTLATE_c2f47c1fb65e,KXLEAVITTLATE,Politics,unanimous_3_to_0,low,0.45999999999999996,False,921,0.7746005046257359,0.7947882736156352
row0955_KXSPOTIFYARTISTD_db2ad219bf2d,KXSPOTIFYARTISTD,Entertainment,unanimous_3_to_0,low,0.45999999999999996,True,922,0.7754415475189235,0.7950108459869848
row0961_KXSPOTIFYALBUMW_4e3200e439b1,KXSPOTIFYALBUMW,Entertainment,unanimous_3_to_0,low,0.45999999999999996,True,923,0.776282590412111,0.7952329360780065
row0950_KXMAMDANIMENTION_8e49fcd8c868,KXMAMDANIMENTION,Mentions,unanimous_3_to_0,low,0.4566666666666666,False,924,0.7771236333052985,0.7943722943722944
row0972_KXNFLANYTD_99a59e621ea3,KXNFLANYTD,Sports,unanimous_3_to_0,low,0.4566666666666666,False,925,0.7779646761984861,0.7935135135135135
row1083_KXAPCALLSNYC_6c4338fcb47e,KXAPCALLSNYC,Elections,unanimous_3_to_0,low,0.4566666666666666,True,926,0.7788057190916736,0.7937365010799136
row0061_KXAMBMALAY_4af9f45dc3ff,KXAMBMALAY,Politics,unanimous_3_to_0,low,0.45,True,927,0.7796467619848613,0.7939590075512406
row0213_KXEARNINGSMENTIONPYPL_c87d83695c31,KXEARNINGSMENTIONPYPL,Companies,unanimous_3_to_0,low,0.45,False,928,0.7804878048780488,0.7931034482758621
row0224_KXNEXTCOACHOUTNBA_39d2c6cbcbe3,KXNEXTCOACHOUTNBA,Sports,unanimous_3_to_0,low,0.45,True,929,0.7813288477712363,0.7933261571582346
row0227_KXAPRPOTUS_7fb6f0a67696,KXAPRPOTUS,Politics,unanimous_3_to_0,low,0.45,True,930,0.7821698906644239,0.7935483870967742
row0420_KXCHOPINCOMPETITION_bd57ecdaae20,KXCHOPINCOMPETITION,Entertainment,unanimous_3_to_0,low,0.45,True,931,0.7830109335576114,0.7937701396348013
row0494_KXNEXTCOACHOUTNBA_ac4b2090cab4,KXNEXTCOACHOUTNBA,Sports,unanimous_3_to_0,low,0.45,True,932,0.783851976450799,0.7939914163090128
row0743_KXEARNINGSMENTIONPLTR_6d79cd719ae2,KXEARNINGSMENTIONPLTR,Companies,unanimous_3_to_0,low,0.45,True,933,0.7846930193439865,0.7942122186495176
row0853_KXEUROVISIONTELEV_b2c0d4c850d0,KXEUROVISIONTELEV,Entertainment,unanimous_3_to_0,low,0.45,True,934,0.7855340622371741,0.7944325481798715
row0989_KXNFLSPREAD_3653cdc680db,KXNFLSPREAD,Sports,unanimous_3_to_0,low,0.45,True,935,0.7863751051303617,0.7946524064171123
row1067_KXSURVIVORMENTION_d30453bab39d,KXSURVIVORMENTION,Mentions,unanimous_3_to_0,low,0.45,True,936,0.7872161480235492,0.7948717948717948
row1089_KXBILLBOARDRUNNERUPALBUM_8ffc2cb9401f,KXBILLBOARDRUNNERUPALBUM,Entertainment,unanimous_3_to_0,low,0.45,True,937,0.7880571909167368,0.7950907150480256
row1093_KXRTSARAHSOIL_1ad5ff70e1df,KXRTSARAHSOIL,Entertainment,unanimous_3_to_0,low,0.45,False,938,0.7888982338099243,0.7942430703624733
row1140_KXEOWEEK_b7f23185ac55,KXEOWEEK,Politics,unanimous_3_to_0,low,0.4466666666666667,True,939,0.7897392767031118,0.7944621938232161
row1041_KXCSGOGAME_b32690e28f92,KXCSGOGAME,Sports,unanimous_3_to_0,low,0.44333333333333336,False,940,0.7905803195962994,0.7936170212765957
row0377_KXMAYORDETROIT_5f49049983ac,KXMAYORDETROIT,Elections,unanimous_3_to_0,low,0.44,True,941,0.7914213624894869,0.793836344314559
row1026_KXNCAAFGAME_c7616a80515b,KXNCAAFGAME,Sports,unanimous_3_to_0,low,0.44,False,942,0.7922624053826746,0.7929936305732485
row1110_KXBELGIANPLGAME_f826f5e3c31a,KXBELGIANPLGAME,Sports,unanimous_3_to_0,low,0.44,True,943,0.7931034482758621,0.7932131495227995
row1164_KXNYCCOUNCIL8_f3052d602ca8,KXNYCCOUNCIL8,Politics,unanimous_3_to_0,low,0.44,True,944,0.7939444911690496,0.7934322033898306
row0083_KXNEXTJPNPM_6cf7752ddd34,KXNEXTJPNPM,Politics,unanimous_3_to_0,low,0.43999999999999995,True,945,0.7947855340622372,0.7936507936507936
row0029_KXNYCCOUNCIL28_a14c48bf275e,KXNYCCOUNCIL28,Politics,unanimous_3_to_0,low,0.43333333333333335,True,946,0.7956265769554247,0.7938689217758985
row0177_KXEPLSPREAD_a7a59fa03a67,KXEPLSPREAD,Sports,unanimous_3_to_0,low,0.43333333333333335,False,947,0.7964676198486123,0.7930306230200633
row0636_KXAMBMALAY_beeed005b903,KXAMBMALAY,Politics,unanimous_3_to_0,low,0.43333333333333335,True,948,0.7973086627417998,0.7932489451476793
row1016_KXHIGHDEN_f3adc161e5b1,KXHIGHDEN,Climate and Weather,unanimous_3_to_0,low,0.43333333333333335,True,949,0.7981497056349874,0.7934668071654373
row1035_KXTOP10BILLBOARDSPOTSTS_50e39579e2a9,KXTOP10BILLBOARDSPOTSTS,Entertainment,unanimous_3_to_0,low,0.43333333333333335,True,950,0.798990748528175,0.7936842105263158
row1052_KXTNOTEW_ba0c9bb0fafb,KXTNOTEW,Financials,unanimous_3_to_0,low,0.43333333333333335,True,951,0.7998317914213625,0.7939011566771819
row1078_KXNETFLIXRANKMOVIE_fd98c50497df,KXNETFLIXRANKMOVIE,Entertainment,unanimous_3_to_0,low,0.43333333333333335,False,952,0.80067283431455,0.7930672268907563
row1111_KXBELGIANPLGAME_cd7fced1befd,KXBELGIANPLGAME,Sports,unanimous_3_to_0,low,0.43333333333333335,True,953,0.8015138772077376,0.7932843651626443
row1167_KXMLBSERIESGAMETOTAL_e04f67a94f94,KXMLBSERIESGAMETOTAL,Sports,unanimous_3_to_0,low,0.43333333333333335,False,954,0.8023549201009251,0.7924528301886793
row0122_KXHIGHCHI_af19429ae8f5,KXHIGHCHI,Climate and Weather,unanimous_3_to_0,low,0.4333333333333333,True,955,0.8031959629941127,0.7926701570680629
row0542_KXNORWAYSECOND_1681bc693d37,KXNORWAYSECOND,Elections,unanimous_3_to_0,low,0.4266666666666666,False,956,0.8040370058873002,0.7918410041841004
row1182_KXNYCCOUNCIL17_bfc6d5c497e9,KXNYCCOUNCIL17,Politics,unanimous_3_to_0,low,0.4266666666666666,True,957,0.8048780487804879,0.7920585161964472
row0007_KXEARNINGSMENTIONCRCL_e4804f082db4,KXEARNINGSMENTIONCRCL,Companies,unanimous_3_to_0,low,0.4166666666666667,False,958,0.8057190916736754,0.791231732776618
row0953_KXSPOTIFYD_e2f2351f44a5,KXSPOTIFYD,Entertainment,unanimous_3_to_0,low,0.4166666666666667,True,959,0.8065601345668629,0.7914494264859229
row1087_KXBILLBOARDRUNNERUPSONG_e693b35b02a0,KXBILLBOARDRUNNERUPSONG,Entertainment,unanimous_3_to_0,low,0.4166666666666667,True,960,0.8074011774600505,0.7916666666666666
row1088_KXBILLBOARDRUNNERUPALBUM_b629085725e5,KXBILLBOARDRUNNERUPALBUM,Entertainment,unanimous_3_to_0,low,0.4166666666666667,True,961,0.808242220353238,0.7918834547346514
row0831_KXMLBDIVWINNER_2bb8d6fef58d,KXMLBDIVWINNER,Sports,unanimous_3_to_0,low,0.4066666666666667,True,962,0.8090832632464255,0.7920997920997921
row1047_KXINX_56dc437d4295,KXINX,Financials,unanimous_3_to_0,low,0.4066666666666667,True,963,0.8099243061396131,0.7923156801661475
row1076_KXNETFLIXRANKSHOW_86748f9c64a5,KXNETFLIXRANKSHOW,Entertainment,unanimous_3_to_0,low,0.4066666666666667,False,964,0.8107653490328006,0.7914937759336099
row1166_KXMLBSERIESGAMETOTAL_9062f2d91bcd,KXMLBSERIESGAMETOTAL,Sports,unanimous_3_to_0,low,0.4066666666666667,False,965,0.8116063919259883,0.7906735751295336
row0386_KXMIRANMENTION_7ca2b28b23f6,KXMIRANMENTION,Mentions,unanimous_3_to_0,low,0.4033333333333333,True,966,0.8124474348191758,0.7908902691511387
row1017_KXHIGHAUS_56670149ff4f,KXHIGHAUS,Climate and Weather,unanimous_3_to_0,low,0.4000000000000001,True,967,0.8132884777123633,0.7911065149948294
row1033_KXR6GAME_705bc7f32d51,KXR6GAME,Sports,unanimous_3_to_0,low,0.39999999999999997,True,968,0.8141295206055509,0.7913223140495868
row1043_KXNASDAQ100_303976bd65bf,KXNASDAQ100,Financials,unanimous_3_to_0,low,0.39999999999999997,True,969,0.8149705634987384,0.7915376676986584
row0023_KXHIGHPHIL_319c022fcd91,KXHIGHPHIL,Climate and Weather,unanimous_3_to_0,low,0.3833333333333333,True,970,0.815811606391926,0.7917525773195876
row0039_KXBCHMAXY_fc83abc31e30,KXBCHMAXY,Crypto,unanimous_3_to_0,low,0.3833333333333333,False,971,0.8166526492851135,0.7909371781668383
row0251_KXRWAMCAPAVAX_b89ed2cc08aa,KXRWAMCAPAVAX,Crypto,unanimous_3_to_0,low,0.3833333333333333,False,972,0.8174936921783011,0.7901234567901234
row0501_KXFDVPLASMA_89b13d9f1b67,KXFDVPLASMA,Crypto,unanimous_3_to_0,low,0.3833333333333333,False,973,0.8183347350714887,0.789311408016444
row0959_KXSPOTIFYARTISTW_134048218fc1,KXSPOTIFYARTISTW,Entertainment,unanimous_3_to_0,low,0.3833333333333333,True,974,0.8191757779646762,0.7895277207392197
row1015_KXHIGHDEN_8ac7667932e1,KXHIGHDEN,Climate and Weather,unanimous_3_to_0,low,0.3833333333333333,True,975,0.8200168208578638,0.7897435897435897
row1085_KXTOPALBUM_f425a5824fe6,KXTOPALBUM,Entertainment,unanimous_3_to_0,low,0.3833333333333333,True,976,0.8208578637510513,0.7899590163934426
row1113_KXEPLTOTAL_13c71adec65b,KXEPLTOTAL,Sports,unanimous_3_to_0,low,0.3833333333333333,True,977,0.8216989066442388,0.7901740020470829
row1114_KXEPLTOTAL_293d167243b6,KXEPLTOTAL,Sports,unanimous_3_to_0,low,0.3833333333333333,False,978,0.8225399495374264,0.7893660531697342
row1004_KXSPOTIFY2D_fd1ced619fb7,KXSPOTIFY2D,Entertainment,unanimous_3_to_0,low,0.37333333333333335,True,979,0.8233809924306139,0.7895812053115424
row0769_KXBCHMAXY_ff48652bc62f,KXBCHMAXY,Crypto,unanimous_3_to_0,low,0.3733333333333333,False,980,0.8242220353238016,0.7887755102040817
row0830_KXMLBDIVWINNER_316df32589c6,KXMLBDIVWINNER,Sports,unanimous_3_to_0,low,0.3666666666666667,False,981,0.8250630782169891,0.7879714576962283
row0269_KXFLIGHTJFK_e2932eb94803,KXFLIGHTJFK,World,unanimous_3_to_0,low,0.35000000000000003,True,982,0.8259041211101766,0.7881873727087576
row1074_KXAPPRANKFREE2_c87e3dc2e1fc,KXAPPRANKFREE2,Entertainment,unanimous_3_to_0,low,0.35000000000000003,True,983,0.8267451640033642,0.7884028484231943
row1185_KXNYCCOUNCIL13_7fa034a4feeb,KXNYCCOUNCIL13,Politics,unanimous_3_to_0,low,0.34,True,984,0.8275862068965517,0.7886178861788617
row1175_KXNYCCOUNCIL39_2db7e33c82ef,KXNYCCOUNCIL39,Politics,unanimous_3_to_0,low,0.3333333333333333,True,985,0.8284272497897393,0.7888324873096447
row0570_GOVPARTYNJ_bcb2a4a29363,GOVPARTYNJ,Politics,unanimous_3_to_0,low,0.30666666666666664,True,986,0.8292682926829268,0.7890466531440162
row1045_KXINXU_d3defddc33c6,KXINXU,Financials,unanimous_3_to_0,low,0.30666666666666664,True,987,0.8301093355761143,0.7892603850050659
row1176_KXNYCCOUNCIL38_b1179e2b0fcd,KXNYCCOUNCIL38,Politics,unanimous_3_to_0,low,0.30666666666666664,False,988,0.830950378469302,0.7884615384615384
row0713_KXMRBEASTVIDEOLENGTH_5eff6ca8ea82,KXMRBEASTVIDEOLENGTH,Entertainment,unanimous_3_to_0,low,0.2933333333333333,True,989,0.8317914213624895,0.788675429726997
row0829_KXMRBEASTMENTION_183a4d90bf73,KXMRBEASTMENTION,Politics,unanimous_3_to_0,low,0.2833333333333334,False,990,0.832632464255677,0.7878787878787878
row0986_KXDOGE_7babaaa59979,KXDOGE,Crypto,unanimous_3_to_0,low,0.2833333333333334,True,991,0.8334735071488646,0.7880928355196771
row1000_KXNHLSPREAD_a126361f2c55,KXNHLSPREAD,Sports,unanimous_3_to_0,low,0.2833333333333334,False,992,0.8343145500420521,0.7872983870967742
row1010_KXHIGHNY_9bc53057e4cb,KXHIGHNY,Climate and Weather,unanimous_3_to_0,low,0.2833333333333334,True,993,0.8351555929352397,0.7875125881168177
row1028_KXNBASPREAD_f9d15bc50d6e,KXNBASPREAD,Sports,unanimous_3_to_0,low,0.2833333333333333,True,994,0.8359966358284272,0.7877263581488934
row0054_KXNORWAYCON_8561cd76b6f7,KXNORWAYCON,Elections,unanimous_3_to_0,low,0.2733333333333334,True,995,0.8368376787216149,0.7879396984924623
row1044_KXINXU_83694fab26bb,KXINXU,Financials,unanimous_3_to_0,low,0.2733333333333334,True,996,0.8376787216148024,0.7881526104417671
row0117_KXNYCCOUNCIL38_07c9ee43ad6b,KXNYCCOUNCIL38,Politics,unanimous_3_to_0,low,0.26666666666666666,True,997,0.8385197645079899,0.7883650952858575
row0169_KXNYCCOUNCIL2_883c41eb2e86,KXNYCCOUNCIL2,Politics,unanimous_3_to_0,low,0.26666666666666666,True,998,0.8393608074011775,0.7885771543086172
row0384_KXIRELANDPRES_e13a7066b5f8,KXIRELANDPRES,Politics,unanimous_3_to_0,low,0.26666666666666666,True,999,0.840201850294365,0.7887887887887888
row1037_KXRAINNYC_7744fc86b41e,KXRAINNYC,Climate and Weather,unanimous_3_to_0,low,0.26,True,1000,0.8410428931875525,0.789
row0196_KXSHIBA_9ba06308c82b,KXSHIBA,Crypto,unanimous_3_to_0,low,0.25,True,1001,0.8418839360807401,0.7892107892107892
row0283_KXKLEAGUEGAME_da7c25246257,KXKLEAGUEGAME,Sports,unanimous_3_to_0,low,0.25,False,1002,0.8427249789739276,0.7884231536926147
row0430_KXNASDAQ100U_0698dd56cde8,KXNASDAQ100U,Financials,unanimous_3_to_0,low,0.25,True,1003,0.8435660218671153,0.7886340977068793
row0045_KXNORWAYLABOUR_baf059906ec8,KXNORWAYLABOUR,Elections,unanimous_3_to_0,low,0.24,True,1004,0.8444070647603028,0.7888446215139442
row0856_KXETHMINY_d000a6901ac2,KXETHMINY,Crypto,unanimous_3_to_0,low,0.24,False,1005,0.8452481076534903,0.7880597014925373
row1012_KXHIGHMIA_876d512cad60,KXHIGHMIA,Climate and Weather,unanimous_3_to_0,low,0.24,True,1006,0.8460891505466779,0.7882703777335984
row0246_KXDOGED_ae219d90235c,KXDOGED,Crypto,unanimous_3_to_0,low,0.2333333333333333,True,1007,0.8469301934398654,0.788480635551142
row0341_KXHIGHPHIL_ebf582126750,KXHIGHPHIL,Climate and Weather,unanimous_3_to_0,low,0.21666666666666667,True,1008,0.847771236333053,0.7886904761904762
row0714_KXMIDSEASONINVITATIONALB_588c47eed9fb,KXMIDSEASONINVITATIONALB,Sports,unanimous_3_to_0,low,0.21666666666666667,True,1009,0.8486122792262405,0.7888999008919723
row1181_KXNYCCOUNCIL21_fb8db4726c39,KXNYCCOUNCIL21,Politics,unanimous_3_to_0,low,0.21666666666666667,True,1010,0.8494533221194281,0.7891089108910891
row0042_KXKLEAGUEGAME_60c300d2c847,KXKLEAGUEGAME,Sports,unanimous_3_to_0,low,0.20666666666666667,True,1011,0.8502943650126157,0.7893175074183977
row0308_KXFOMCVOTE_d45d6e81396d,KXFOMCVOTE,Politics,unanimous_3_to_0,low,0.20666666666666667,True,1012,0.8511354079058032,0.7895256916996047
row0527_KXNLDFOURTH_ba295acb386c,KXNLDFOURTH,Elections,unanimous_3_to_0,low,0.20666666666666667,True,1013,0.8519764507989908,0.7897334649555775
row0528_KXGROENSEATS_0b8ce3e7e150,KXGROENSEATS,Elections,unanimous_3_to_0,low,0.20666666666666667,True,1014,0.8528174936921783,0.7899408284023669
row0544_KXNORWAYCON_5a8d31e516cd,KXNORWAYCON,Elections,unanimous_3_to_0,low,0.20666666666666667,True,1015,0.8536585365853658,0.7901477832512315
row0983_KXSHIBA_299872bdfffe,KXSHIBA,Crypto,unanimous_3_to_0,low,0.20666666666666667,True,1016,0.8544995794785534,0.7903543307086615
row1170_KXUCLTOTAL_e339a49233f1,KXUCLTOTAL,Sports,unanimous_3_to_0,low,0.20666666666666667,True,1017,0.8553406223717409,0.7905604719764012
row0131_KXNYCCOUNCIL21_357f1c8392f9,KXNYCCOUNCIL21,Politics,unanimous_3_to_0,low,0.20000000000000004,True,1018,0.8561816652649286,0.7907662082514735
row0161_KXHIGHLAX_31a30b26eaa6,KXHIGHLAX,Climate and Weather,unanimous_3_to_0,low,0.20000000000000004,True,1019,0.8570227081581161,0.7909715407262021
row0165_KXGROENSEATS_a0a4f3373b59,KXGROENSEATS,Elections,unanimous_3_to_0,low,0.20000000000000004,True,1020,0.8578637510513036,0.7911764705882353
row0403_KXVOTEHUBTRUMPUPDOWN_7d3bf3be0bda,KXVOTEHUBTRUMPUPDOWN,Politics,unanimous_3_to_0,low,0.20000000000000004,True,1021,0.8587047939444912,0.791380999020568
row0985_KXDOGE_2454a88927fc,KXDOGE,Crypto,unanimous_3_to_0,low,0.20000000000000004,True,1022,0.8595458368376787,0.7915851272015656
row1053_KXTNOTEW_6381132dd50b,KXTNOTEW,Financials,unanimous_3_to_0,low,0.20000000000000004,True,1023,0.8603868797308662,0.7917888563049853
row1183_KXNYCCOUNCIL17_9e28aa2e6c4f,KXNYCCOUNCIL17,Politics,unanimous_3_to_0,low,0.20000000000000004,False,1024,0.8612279226240538,0.791015625
row0637_KXXRPMAXY_893d7718d1c1,KXXRPMAXY,Crypto,unanimous_3_to_0,low,0.19999999999999998,False,1025,0.8620689655172413,0.7902439024390244
row0209_KXSHIBAD_096c31961fed,KXSHIBAD,Crypto,unanimous_3_to_0,low,0.18333333333333335,True,1026,0.862910008410429,0.7904483430799221
row0343_KXSOLETHRATIO_d87cbb7fff58,KXSOLETHRATIO,Crypto,unanimous_3_to_0,low,0.18333333333333335,False,1027,0.8637510513036165,0.7896786757546251
row1046_KXINX_13128610f88a,KXINX,Financials,unanimous_3_to_0,low,0.18333333333333335,True,1028,0.864592094196804,0.7898832684824902
row1124_KXPMKICKINGCONTEST_4470ddb18dd0,KXPMKICKINGCONTEST,Social,unanimous_3_to_0,low,0.18333333333333335,True,1029,0.8654331370899916,0.7900874635568513
row0057_KXUCLBTTS_aae4690b0f2b,KXUCLBTTS,Sports,unanimous_3_to_0,low,0.16666666666666666,True,1030,0.8662741799831791,0.7902912621359224
row0284_KXNCAAMBSPREAD_9c99285adcfb,KXNCAAMBSPREAD,Sports,unanimous_3_to_0,low,0.16666666666666666,True,1031,0.8671152228763667,0.7904946653734238
row1187_KXNYCCOUNCIL1_c5222bbd93aa,KXNYCCOUNCIL1,Politics,unanimous_3_to_0,low,0.16666666666666666,True,1032,0.8679562657695542,0.7906976744186046
row0151_KXNASDAQ100_3ce24eebbbff,KXNASDAQ100,Financials,unanimous_3_to_0,low,0.16,True,1033,0.8687973086627419,0.7909002904162633
row0971_KXNFLANYTD_e248962c781c,KXNFLANYTD,Sports,unanimous_3_to_0,low,0.16,True,1034,0.8696383515559294,0.7911025145067698
row0027_KXETH_559033c226b3,KXETH,Crypto,unanimous_3_to_0,low,0.15,True,1035,0.8704793944491169,0.7913043478260869
row0046_KXVOTEHUBTRUMPUPDOWN_05bc1ef18f4f,KXVOTEHUBTRUMPUPDOWN,Politics,unanimous_3_to_0,low,0.15,True,1036,0.8713204373423045,0.7915057915057915
row0058_KXNYCCOUNCIL39_2b4b25905a1f,KXNYCCOUNCIL39,Politics,unanimous_3_to_0,low,0.15,False,1037,0.872161480235492,0.7907425265188043
row0401_KXSHIBAD_c75d2a01147c,KXSHIBAD,Crypto,unanimous_3_to_0,low,0.15,True,1038,0.8730025231286795,0.7909441233140655
row0774_KXFDVMET_a574f8135ad4,KXFDVMET,Crypto,unanimous_3_to_0,low,0.15,True,1039,0.8738435660218671,0.7911453320500481
row0974_KXETHD_af7ad9cd38c9,KXETHD,Crypto,unanimous_3_to_0,low,0.15,True,1040,0.8746846089150546,0.7913461538461538
row0984_KXDOGED_ecbb48a5e252,KXDOGED,Crypto,unanimous_3_to_0,low,0.15,True,1041,0.8755256518082423,0.7915465898174832
row0990_KXNFLSPREAD_462525c9af41,KXNFLSPREAD,Sports,unanimous_3_to_0,low,0.15,True,1042,0.8763666947014298,0.791746641074856
row1001_KXNHLSPREAD_b3fda8579385,KXNHLSPREAD,Sports,unanimous_3_to_0,low,0.15,False,1043,0.8772077375946173,0.7909875359539789
row1011_KXHIGHNY_751d801a5197,KXHIGHNY,Climate and Weather,unanimous_3_to_0,low,0.15,True,1044,0.8780487804878049,0.7911877394636015
row1042_KXNASDAQ100U_073cb42e2254,KXNASDAQ100U,Financials,unanimous_3_to_0,low,0.15,True,1045,0.8788898233809924,0.7913875598086124
row1184_KXNYCCOUNCIL14_7f7b8d662b38,KXNYCCOUNCIL14,Politics,unanimous_3_to_0,low,0.15,False,1046,0.87973086627418,0.7906309751434034
row1115_KXEPLSPREAD_19a0dbfe864c,KXEPLSPREAD,Sports,unanimous_3_to_0,low,0.13999999999999999,False,1047,0.8805719091673675,0.789875835721108
row0010_KXETHD_268c741ddcd8,KXETHD,Crypto,unanimous_3_to_0,low,0.11666666666666665,True,1048,0.8814129520605551,0.7900763358778626
row0154_KXETH_504fc3dc5111,KXETH,Crypto,unanimous_3_to_0,low,0.11666666666666665,True,1049,0.8822539949537427,0.7902764537654909
row0275_KXFDVMET_aa2957a85b75,KXFDVMET,Crypto,unanimous_3_to_0,low,0.11666666666666665,True,1050,0.8830950378469302,0.7904761904761904
row0502_KXFDVPLASMA_fd03b3f7af44,KXFDVPLASMA,Crypto,unanimous_3_to_0,low,0.11666666666666665,False,1051,0.8839360807401178,0.7897240723120837
row1007_KXPMKICKINGCONTEST_277502bf4647,KXPMKICKINGCONTEST,Social,unanimous_3_to_0,low,0.06666666666666667,True,1052,0.8847771236333053,0.7899239543726235
row1129_KXALEAGUEGAME_a7bbcc95eeba,KXALEAGUEGAME,Sports,split_2_to_1,high,0.9733333333333333,True,1053,0.8856181665264928,0.7901234567901234
row1002_KXNHLGAME_b84371e95e15,KXNHLGAME,Sports,split_2_to_1,high,0.9666666666666667,True,1054,0.8864592094196804,0.7903225806451613
row1105_KXLIGUE1GAME_f71a23b44791,KXLIGUE1GAME,Sports,split_2_to_1,high,0.96,True,1055,0.8873002523128679,0.790521327014218
row0016_KXAPCALLVAGOV_e0b91d471cb1,KXAPCALLVAGOV,Elections,split_2_to_1,high,0.9566666666666667,False,1056,0.8881412952060556,0.7897727272727273
row0520_KXREPSWORNIN_77b79ed54284,KXREPSWORNIN,Politics,split_2_to_1,high,0.9566666666666667,False,1057,0.8889823380992431,0.7890255439924314
row0732_KXHALOPS_79511aebe144,KXHALOPS,Entertainment,split_2_to_1,high,0.9333333333333332,False,1058,0.8898233809924306,0.7882797731568998
row0922_KXUSAMBOAS_fa8c29dd76f3,KXUSAMBOAS,Politics,split_2_to_1,high,0.9333333333333332,True,1059,0.8906644238856182,0.7884796978281398
row1022_KXATPDOUBLES_98294c24b26a,KXATPDOUBLES,Sports,split_2_to_1,high,0.9333333333333332,True,1060,0.8915054667788057,0.7886792452830189
row1082_KXAPCALLVAAG_7c7f875801f0,KXAPCALLVAAG,Elections,split_2_to_1,high,0.9333333333333332,True,1061,0.8923465096719932,0.7888784165881244
row1081_KXAPCALLVAAG_6f0760421c2d,KXAPCALLVAAG,Elections,split_2_to_1,high,0.93,False,1062,0.8931875525651808,0.788135593220339
row0127_KXAPCALLNJGOV_cbf46f68e928,KXAPCALLNJGOV,Elections,split_2_to_1,high,0.9233333333333333,False,1063,0.8940285954583683,0.7873941674506115
row0261_KXBESTPLAY_1b5e3aab3d2e,KXBESTPLAY,Entertainment,split_2_to_1,high,0.9166666666666666,True,1064,0.894869638351556,0.7875939849624061
row0444_KXBESTACTRMUS_9ef00548ac07,KXBESTACTRMUS,Entertainment,split_2_to_1,high,0.9166666666666666,True,1065,0.8957106812447435,0.787793427230047
row0299_KXREPSWORNIN_c154b8f3bca1,KXREPSWORNIN,Politics,split_2_to_1,high,0.91,True,1066,0.896551724137931,0.7879924953095685
row0139_KXLTGOVVA_f5a5101b49c8,KXLTGOVVA,Elections,split_2_to_1,high,0.9066666666666667,True,1067,0.8973927670311186,0.788191190253046
row0295_KXDOGEDONE_fb15526cf921,KXDOGEDONE,Politics,split_2_to_1,high,0.9066666666666667,True,1068,0.8982338099243061,0.7883895131086143
row1005_KXSPOTIFY2D_0251e9ca4c29,KXSPOTIFY2D,Entertainment,split_2_to_1,high,0.9066666666666666,True,1069,0.8990748528174937,0.7885874649204865
row0208_KXCOMMISHCBP_d6ba3a637b56,KXCOMMISHCBP,Politics,split_2_to_1,high,0.9,True,1070,0.8999158957106812,0.788785046728972
row0316_KXAUSSEATSLABOR_f70bfd3c1aa8,KXAUSSEATSLABOR,Politics,split_2_to_1,high,0.9,False,1071,0.9007569386038689,0.7880485527544351
row1063_KXACOOPERMENTION_8868065e56aa,KXACOOPERMENTION,Mentions,split_2_to_1,high,0.8999999999999999,False,1072,0.9015979814970564,0.7873134328358209
row0062_KXTOPALBUMRECORDMWITP_618920ee064f,KXTOPALBUMRECORDMWITP,Entertainment,split_2_to_1,high,0.8833333333333333,False,1073,0.9024390243902439,0.7865796831314072
row0232_KXGRAMMYNOMCOUNTBB_640d31a5f03b,KXGRAMMYNOMCOUNTBB,Sports,split_2_to_1,high,0.8833333333333333,False,1074,0.9032800672834315,0.7858472998137802
row0270_KXTURKEYAMB_f59e5cf399fb,KXTURKEYAMB,Politics,split_2_to_1,high,0.8733333333333334,True,1075,0.904121110176619,0.786046511627907
row0549_KXGOLDENBACHELOR_ed5a7ce75643,KXGOLDENBACHELOR,Entertainment,split_2_to_1,high,0.8733333333333334,False,1076,0.9049621530698065,0.7853159851301115
row0915_KXUSAMBTURKEY_268a98279e88,KXUSAMBTURKEY,Politics,split_2_to_1,high,0.8733333333333334,True,1077,0.9058031959629941,0.7855153203342619
row0941_KXCOMMISHCBP_665038cac190,KXCOMMISHCBP,Politics,split_2_to_1,high,0.8733333333333334,True,1078,0.9066442388561816,0.7857142857142857
row0036_KXEARNINGSMENTIONMCD_83dca8c574f2,KXEARNINGSMENTIONMCD,Companies,split_2_to_1,high,0.8666666666666667,True,1079,0.9074852817493693,0.7859128822984245
row0656_KXTOPSONGRECORDORDINARY_a058c5f317bc,KXTOPSONGRECORDORDINARY,Entertainment,split_2_to_1,high,0.8666666666666667,True,1080,0.9083263246425568,0.7861111111111111
row0754_KXCOACHOUTMSU_b443511b280e,KXCOACHOUTMSU,Sports,split_2_to_1,high,0.8666666666666667,False,1081,0.9091673675357443,0.7853839037927844
row0787_KXSPOTIFYALBUMRELEASE_363237f0d158,KXSPOTIFYALBUMRELEASE,Entertainment,split_2_to_1,high,0.8666666666666667,True,1082,0.9100084104289319,0.7855822550831792
row0926_KXUSAMBGREECE_71738761da73,KXUSAMBGREECE,Politics,split_2_to_1,high,0.8666666666666667,True,1083,0.9108494533221194,0.7857802400738689
row0942_KXADMINNASA_ca61468a5b65,KXADMINNASA,Politics,split_2_to_1,high,0.8666666666666667,False,1084,0.911690496215307,0.7850553505535055
row1125_KXLOLMAP_ae5486afab36,KXLOLMAP,Sports,split_2_to_1,high,0.8666666666666667,False,1085,0.9125315391084945,0.784331797235023
row0516_KXVOTESHUTDOWNS_75f05b6e6a70,KXVOTESHUTDOWNS,Politics,split_2_to_1,high,0.8666666666666666,True,1086,0.913372582001682,0.7845303867403315
row0879_KXBESTACRESSTONYS_5597c08c3a53,KXBESTACRESSTONYS,Entertainment,split_2_to_1,high,0.8666666666666666,False,1087,0.9142136248948697,0.7838086476540939
row0166_KXDOGEDONE_2842ea59876b,KXDOGEDONE,Politics,split_2_to_1,high,0.8633333333333333,True,1088,0.9150546677880572,0.7840073529411765
row0428_KX1SONGTAYLORSWIFT_c8a1f5ea73dd,KX1SONGTAYLORSWIFT,Entertainment,split_2_to_1,high,0.86,True,1089,0.9158957106812448,0.7842056932966024
row0973_KXNFL2TD_43b7b99cbdab,KXNFL2TD,Sports,split_2_to_1,high,0.86,True,1090,0.9167367535744323,0.7844036697247706
row0068_KXSNLMENTION_2a9b01e19160,KXSNLMENTION,Mentions,split_2_to_1,high,0.8566666666666666,False,1091,0.9175777964676198,0.7836846929422548
row0661_KXTAIWANDOUBLETAX_31270b831901,KXTAIWANDOUBLETAX,Politics,split_2_to_1,high,0.8566666666666666,False,1092,0.9184188393608074,0.782967032967033
row0794_KXSPACEXCOUNT_410263fa9c49,KXSPACEXCOUNT,Companies,split_2_to_1,high,0.8566666666666666,True,1093,0.9192598822539949,0.7831655992680695
row0623_KXIRS_4522113bac4b,KXIRS,Politics,split_2_to_1,high,0.8533333333333334,True,1094,0.9201009251471826,0.783363802559415
row0229_KXCOMPTROLLER_23beb4adf854,KXCOMPTROLLER,Elections,split_2_to_1,high,0.85,True,1095,0.9209419680403701,0.7835616438356164
row0256_KXUSAMBFRANCE_480d437cb337,KXUSAMBFRANCE,Politics,split_2_to_1,high,0.85,True,1096,0.9217830109335576,0.7837591240875912
row0752_KXCOYOTEACME_77f678025668,KXCOYOTEACME,Entertainment,split_2_to_1,high,0.85,False,1097,0.9226240538267452,0.7830446672743847
row1029_KXNBAGAME_7f0cc19d58cf,KXNBAGAME,Sports,split_2_to_1,high,0.85,True,1098,0.9234650967199327,0.7832422586520947
row0928_KXUSAMBFRANCE_4e1fdd7a197c,KXUSAMBFRANCE,Politics,split_2_to_1,high,0.8433333333333333,True,1099,0.9243061396131202,0.7834394904458599
row0436_KXTOPSONGRECORDGOLDEN_138bf7686bfc,KXTOPSONGRECORDGOLDEN,Entertainment,split_2_to_1,high,0.84,False,1100,0.9251471825063078,0.7827272727272727
row0557_KXEARNINGSMENTIONKO_63d7021a9640,KXEARNINGSMENTIONKO,Companies,split_2_to_1,high,0.84,True,1101,0.9259882253994953,0.7829246139872843
row0652_KXTRUMPMEET_0a0b6c74b70c,KXTRUMPMEET,Social,split_2_to_1,high,0.84,False,1102,0.926829268292683,0.7822141560798548
row0898_KXTOPALBUMRECORDMWITP_e2de93aee8ae,KXTOPALBUMRECORDMWITP,Entertainment,split_2_to_1,high,0.84,True,1103,0.9276703111858705,0.7824116047144152
row0109_KXUSAMBTOUN_e081a9a6a20f,KXUSAMBTOUN,Politics,split_2_to_1,high,0.8333333333333334,False,1104,0.928511354079058,0.7817028985507246
row0178_KXGPTFEES_31b6c70adc77,KXGPTFEES,Science and Technology,split_2_to_1,high,0.8333333333333334,False,1105,0.9293523969722456,0.7809954751131222
row0771_KXANONYMOUSDONOR_0c4af840a91b,KXANONYMOUSDONOR,Politics,split_2_to_1,high,0.8333333333333334,False,1106,0.9301934398654331,0.7802893309222423
row0786_KXSPOTIFYALBUMTSWIFT_45b3d3ef8ebe,KXSPOTIFYALBUMTSWIFT,Entertainment,split_2_to_1,high,0.8333333333333334,False,1107,0.9310344827586207,0.7795844625112918
row0795_KXSPACEXCOUNT_0bf612eadff8,KXSPACEXCOUNT,Companies,split_2_to_1,high,0.8333333333333334,True,1108,0.9318755256518082,0.779783393501805
row0796_KXSHUTDOWNBY_eb646992a114,KXSHUTDOWNBY,Politics,split_2_to_1,high,0.8333333333333334,True,1109,0.9327165685449958,0.7799819657348963
row0171_KXTARIFFPHARMA_2944e0b8a347,KXTARIFFPHARMA,Politics,split_2_to_1,high,0.8266666666666667,False,1110,0.9335576114381834,0.7792792792792793
row0276_KXCS2MAP_3e7c51391b73,KXCS2MAP,Sports,split_2_to_1,high,0.8266666666666667,False,1111,0.9343986543313709,0.7785778577857786
row0337_KXCPBFUNDING_4b6787b01a1a,KXCPBFUNDING,Politics,split_2_to_1,high,0.8266666666666667,True,1112,0.9352396972245585,0.7787769784172662
row0225_KXMILSPEND_790c72155ee1,KXMILSPEND,Politics,split_2_to_1,high,0.8233333333333333,True,1113,0.936080740117746,0.7789757412398922
row0320_KXPRESVISIT_1693c6d35b7e,KXPRESVISIT,Politics,split_2_to_1,high,0.8233333333333333,True,1114,0.9369217830109335,0.7791741472172352
row0506_KXDEFENSESPEND_c3b4800df91e,KXDEFENSESPEND,Politics,split_2_to_1,high,0.8233333333333333,True,1115,0.9377628259041211,0.7793721973094171
row0735_KXFUNDINGBILLS_3f6c063ccc6e,KXFUNDINGBILLS,Politics,split_2_to_1,high,0.8233333333333333,True,1116,0.9386038687973086,0.7795698924731183
row0258_KXLOUVRETHIEVESCHARGE_726f5fb3fa1c,KXLOUVRETHIEVESCHARGE,Politics,split_2_to_1,high,0.8166666666666668,True,1117,0.9394449116904963,0.7797672336615935
row0533_KXMOLDOVAPAS_e5280317aff2,KXMOLDOVAPAS,Elections,split_2_to_1,high,0.8166666666666668,False,1118,0.9402859545836838,0.7790697674418605
row0797_KXSALT_9617f796a305,KXSALT,Politics,split_2_to_1,high,0.8166666666666668,True,1119,0.9411269974768713,0.7792672028596962
row0880_KXBERNIEMENTION_0d93f079054c,KXBERNIEMENTION,Politics,split_2_to_1,high,0.8166666666666668,False,1120,0.9419680403700589,0.7785714285714286
row0279_KXEDUCUTS_e2c0836215c5,KXEDUCUTS,Politics,split_2_to_1,high,0.8166666666666665,False,1121,0.9428090832632464,0.7778768956289027
row0645_KXVOTERECNCH_58eca9242138,KXVOTERECNCH,Politics,split_2_to_1,high,0.8166666666666665,True,1122,0.943650126156434,0.7780748663101604
row0916_KXUSAMBTOUN_b2c92d0ac13e,KXUSAMBTOUN,Politics,split_2_to_1,high,0.8166666666666665,False,1123,0.9444911690496215,0.7773820124666073
row0156_KXOTEWALZ_9fa539f6ed21,KXOTEWALZ,Politics,split_2_to_1,high,0.8099999999999999,True,1124,0.945332211942809,0.7775800711743772
row0711_KXMUSKWEALTH_07634d03d8b8,KXMUSKWEALTH,Economics,split_2_to_1,high,0.8099999999999999,True,1125,0.9461732548359967,0.7777777777777778
row0746_KXDJTPOSTMUSK_3eee307e8204,KXDJTPOSTMUSK,Politics,split_2_to_1,high,0.8099999999999999,True,1126,0.9470142977291842,0.7779751332149201
row0788_KXSPOTIFYALBUMRELEASE_a0eb553f5328,KXSPOTIFYALBUMRELEASE,Entertainment,split_2_to_1,high,0.8099999999999999,True,1127,0.9478553406223718,0.7781721384205856
row0505_KXDEFENSESPEND_a41d4b6b1679,KXDEFENSESPEND,Politics,split_2_to_1,high,0.8066666666666666,False,1128,0.9486963835155593,0.7774822695035462
row0532_KXNOLA1ROUND_631ab47b2bf2,KXNOLA1ROUND,Elections,split_2_to_1,high,0.8066666666666666,False,1129,0.9495374264087468,0.7767936226749336
row0799_KXREALID_ae2cab84abe1,KXREALID,Transportation,split_2_to_1,high,0.8066666666666666,False,1130,0.9503784693019344,0.7761061946902655
row0236_KXBRICS_9f28f24bff0a,KXBRICS,Politics,split_2_to_1,low,0.8033333333333333,False,1131,0.9512195121951219,0.7754199823165341
row0233_KXFBUSTER_792152eec655,KXFBUSTER,Politics,split_2_to_1,low,0.8000000000000002,False,1132,0.9520605550883096,0.7747349823321554
row0537_KXAUSPM_60ba42338af6,KXAUSPM,Elections,split_2_to_1,low,0.8000000000000002,False,1133,0.9529015979814971,0.7740511915269197
row0765_KXBTCRESERVESTATES_edd10f0ea1e5,KXBTCRESERVESTATES,Politics,split_2_to_1,low,0.8000000000000002,False,1134,0.9537426408746846,0.7733686067019401
row0770_KXARRESTJOHNBOLTON_104049684789,KXARRESTJOHNBOLTON,Politics,split_2_to_1,low,0.8000000000000002,False,1135,0.9545836837678722,0.7726872246696035
row0819_KXNEWTAYLOR_90539968d6b9,KXNEWTAYLOR,Entertainment,split_2_to_1,low,0.8000000000000002,False,1136,0.9554247266610597,0.7720070422535211
row0003_KXWALTZCOUNT_92e6a85b1d3e,KXWALTZCOUNT,Politics,split_2_to_1,low,0.7999999999999999,True,1137,0.9562657695542472,0.772207563764292
row0466_KXDEVASANTRIX_5b91383688c1,KXDEVASANTRIX,Politics,split_2_to_1,low,0.7999999999999999,False,1138,0.9571068124474348,0.7715289982425307
row0724_KXISTANBULMAYORGUILTY_6131874c0c3a,KXISTANBULMAYORGUILTY,Politics,split_2_to_1,low,0.7966666666666667,True,1139,0.9579478553406223,0.771729587357331
row0040_KXENDOWMENTRATE_cf6e09cea1f2,KXENDOWMENTRATE,Politics,split_2_to_1,low,0.7933333333333333,True,1140,0.95878889823381,0.7719298245614035
row0148_KXIRISH1ROUND_9f48f1573e13,KXIRISH1ROUND,Elections,split_2_to_1,low,0.7933333333333333,False,1141,0.9596299411269975,0.7712532865907099
row0164_KXMASSIEDISCHARGE_246572c780ba,KXMASSIEDISCHARGE,Politics,split_2_to_1,low,0.79,True,1142,0.960470984020185,0.7714535901926445
row0925_KXUSAMBITALY_01084d713ec3,KXUSAMBITALY,Politics,split_2_to_1,low,0.79,True,1143,0.9613120269133726,0.7716535433070866
row0124_KXBILLS_9a552e87bbd4,KXBILLS,Politics,split_2_to_1,low,0.7833333333333333,False,1144,0.9621530698065601,0.7709790209790209
row0147_KXFLIGHTLAX_4b92012c42c1,KXFLIGHTLAX,Transportation,split_2_to_1,low,0.7833333333333333,True,1145,0.9629941126997477,0.77117903930131
row0457_KXNONCOMPETEBAN_78851262845a,KXNONCOMPETEBAN,Politics,split_2_to_1,low,0.7833333333333333,True,1146,0.9638351555929352,0.7713787085514834
row0721_KXLOUVRETHIEVESCHARGE_8619d2b9e06e,KXLOUVRETHIEVESCHARGE,Politics,split_2_to_1,low,0.7833333333333333,True,1147,0.9646761984861227,0.7715780296425457
row0203_KXSECPRESSMENTION_b3e1e3c0a877,KXSECPRESSMENTION,Politics,split_2_to_1,low,0.7766666666666667,True,1148,0.9655172413793104,0.7717770034843205
row0618_KXMEASLES_c2a357988c5c,KXMEASLES,Health,split_2_to_1,low,0.7766666666666667,False,1149,0.9663582842724979,0.7711053089643168
row0380_KXENDOWMENT_02b126836cb7,KXENDOWMENT,Politics,split_2_to_1,low,0.7733333333333334,True,1150,0.9671993271656855,0.7713043478260869
row0862_KXCHARCOUNTLOLWORLDS_9893afab40fd,KXCHARCOUNTLOLWORLDS,Sports,split_2_to_1,low,0.7733333333333334,False,1151,0.968040370058873,0.7706342311033884
row0070_KXAAAGASMINCA_856a6bf048bd,KXAAAGASMINCA,Economics,split_2_to_1,low,0.7666666666666666,False,1152,0.9688814129520605,0.7699652777777778
row0180_KXFLIGHTLAX_b666ee77b987,KXFLIGHTLAX,Transportation,split_2_to_1,low,0.7666666666666666,False,1153,0.9697224558452481,0.769297484822203
row0243_KXFLIGHTORD_7f04151ef638,KXFLIGHTORD,World,split_2_to_1,low,0.7666666666666666,False,1154,0.9705634987384356,0.7686308492201039
row0433_KXNGASMAX_3443f80ad0ec,KXNGASMAX,Economics,split_2_to_1,low,0.7666666666666666,False,1155,0.9714045416316233,0.767965367965368
row0672_KXSILVERAPPROVALMUSK_628251b6fca1,KXSILVERAPPROVALMUSK,Politics,split_2_to_1,low,0.7666666666666666,False,1156,0.9722455845248108,0.7673010380622838
row0895_KXTRUMPMENTION_e8d6b9f32122,KXTRUMPMENTION,Politics,split_2_to_1,low,0.7600000000000001,True,1157,0.9730866274179983,0.7675021607605877
row0310_KXSPOTIFYBILLIONS_3abb492df381,KXSPOTIFYBILLIONS,Entertainment,split_2_to_1,low,0.7566666666666667,True,1158,0.9739276703111859,0.7677029360967185
row0673_KXSHAKETRUMPNETANYAHU_8463a34aba47,KXSHAKETRUMPNETANYAHU,World,split_2_to_1,low,0.75,True,1159,0.9747687132043734,0.7679033649698016
row1180_KXNYCCOUNCIL2_ffbbb33e2b87,KXNYCCOUNCIL2,Politics,split_2_to_1,low,0.75,False,1160,0.975609756097561,0.7672413793103449
row0324_KXSALTX_7d033894a570,KXSALTX,Politics,split_2_to_1,low,0.7433333333333335,False,1161,0.9764507989907485,0.7665805340223945
row0474_KXJAMESBOND_bff211c3385e,KXJAMESBOND,Entertainment,split_2_to_1,low,0.7433333333333333,True,1162,0.977291841883936,0.7667814113597247
row0499_KXFIRSTEPSTEINGTA_d3dafeb1a50f,KXFIRSTEPSTEINGTA,Social,split_2_to_1,low,0.7399999999999999,False,1163,0.9781328847771237,0.766122098022356
row0674_KXSHAKETRUMPNETANYAHU_e0248aa0fb06,KXSHAKETRUMPNETANYAHU,World,split_2_to_1,low,0.7399999999999999,True,1164,0.9789739276703112,0.7663230240549829
row0362_KXCDASEATS_626a27a6ca18,KXCDASEATS,Elections,split_2_to_1,low,0.7333333333333334,True,1165,0.9798149705634988,0.7665236051502146
row0396_KXMRBEAST100M_0c52c4cb5a34,KXMRBEAST100M,Entertainment,split_2_to_1,low,0.7266666666666666,False,1166,0.9806560134566863,0.7658662092624356
row0621_KXOAIPLATEAU_1961c2a07885,KXOAIPLATEAU,Science and Technology,split_2_to_1,low,0.6933333333333334,False,1167,0.9814970563498738,0.7652099400171379
row0129_KXODINVCTFINALS_97368a6f17d8,KXODINVCTFINALS,Sports,split_2_to_1,low,0.6900000000000001,False,1168,0.9823380992430614,0.764554794520548
row0015_KXINXMAXY_ab74e27a5f6f,KXINXMAXY,Financials,split_2_to_1,low,0.6833333333333332,False,1169,0.9831791421362489,0.7639007698887939
row0470_KXBARNESFELIX_3c4c158cad3a,KXBARNESFELIX,Politics,split_2_to_1,low,0.6833333333333332,False,1170,0.9840201850294366,0.7632478632478632
row0511_KXFIRSTGTABTC_7c32bb4ac551,KXFIRSTGTABTC,Social,split_2_to_1,low,0.6666666666666666,True,1171,0.9848612279226241,0.7634500426985482
row0393_KXNFLWINS-KC_a1ef1e632ead,KXNFLWINS-KC,Sports,split_2_to_1,low,0.6233333333333334,True,1172,0.9857022708158116,0.7636518771331058
row1080_KXAPCALLVAGOV_6492cb4b97b3,KXAPCALLVAGOV,Elections,split_2_to_1,low,0.6166666666666667,False,1173,0.9865433137089992,0.763000852514919
row0890_KXAAPLPRICE17OVER16_bd9ca04ac983,KXAAPLPRICE17OVER16,Science and Technology,split_2_to_1,low,0.6066666666666667,True,1174,0.9873843566021867,0.7632027257240205
row0009_KXAVENGERSDELAY_f13c93a46055,KXAVENGERSDELAY,Entertainment,split_2_to_1,low,0.6,True,1175,0.9882253994953742,0.7634042553191489
row0089_KXNFLWINS-BUF_8aa3c3c27ed3,KXNFLWINS-BUF,Sports,split_2_to_1,low,0.6,True,1176,0.9890664423885618,0.7636054421768708
row0609_KXNFLWINS-BUF_5cdf80b11aac,KXNFLWINS-BUF,Sports,split_2_to_1,low,0.6,True,1177,0.9899074852817493,0.7638062871707731
row0949_KXMAMDANIMENTION_cea7c6a91bd4,KXMAMDANIMENTION,Mentions,split_2_to_1,low,0.5833333333333334,False,1178,0.990748528174937,0.7631578947368421
row1084_KXAPCALLNJGOV_b18acefd878f,KXAPCALLNJGOV,Elections,split_2_to_1,low,0.5833333333333334,True,1179,0.9915895710681245,0.7633587786259542
row0614_KXNFLWINS-ARI_45c7914c3bce,KXNFLWINS-ARI,Sports,split_2_to_1,low,0.5733333333333334,False,1180,0.992430613961312,0.7627118644067796
row0325_KXAPCALLSNYC_d730b3a04cf6,KXAPCALLSNYC,Elections,split_2_to_1,low,0.5666666666666667,True,1181,0.9932716568544996,0.7629127857747672
row1023_KXUFCFIGHT_88a2aaeaded6,KXUFCFIGHT,Sports,split_2_to_1,low,0.5499999999999999,False,1182,0.9941126997476871,0.7622673434856176
row0568_KXATTYGENVA_0c3814ef326d,KXATTYGENVA,Elections,split_2_to_1,low,0.54,True,1183,0.9949537426408747,0.7624683009298394
row0523_KXPVVSEATS_98e09fcc1673,KXPVVSEATS,Elections,split_2_to_1,low,0.5333333333333333,True,1184,0.9957947855340622,0.762668918918919
row0553_KXLARGETARIFF_cfdac1b0c074,KXLARGETARIFF,Politics,split_2_to_1,low,0.5166666666666666,False,1185,0.9966358284272497,0.7620253164556962
row0448_KXHULKHOGANATTEND_7e255d967521,KXHULKHOGANATTEND,Entertainment,split_2_to_1,low,0.5,False,1186,0.9974768713204374,0.7613827993254637
row0543_KXNORWAYLABOUR_0c7b25742b1f,KXNORWAYLABOUR,Elections,split_2_to_1,low,0.5,True,1187,0.9983179142136249,0.7615838247683235
row0287_KXHIGHAUS_dd47187b29b5,KXHIGHAUS,Climate and Weather,split_2_to_1,low,0.47333333333333333,True,1188,0.9991589571068125,0.7617845117845118
row0594_KXNFLWINS-KC_372f3ffeae97,KXNFLWINS-KC,Sports,split_2_to_1,low,0.25,False,1189,1.0,0.7611438183347351
