id,question,description,category,close_time,ground_truth,market_probability,series_ticker,source
KXLTGOVVA,Will the Republican party win the Lt. Gov race in Virginia?,"If a representative of the Republican party is sworn in as the Lieutenant Governor of Virginia for the term beginning in 2026, then the market resolves to Yes.",Elections,2025-11-07T01:46:35.942843Z,no,,KXLTGOVVA,kalshi
KXREMITTANCERATE,How much will the Republicans tax on remittances be in their reconciliation bill?,"If the first budget reconciliation bill to become law before Jan 1, 2027 sets a tax rate on foreign remittances of at least 4%, then the market resolves to Yes.",Politics,2025-07-06T01:20:00Z,no,,KXREMITTANCERATE,kalshi
KXWALTZCOUNT,How many Senators vote to confirm  as U.N. Ambassador?,"If between 57 Senators vote in favor of confirming Mike Waltz as U.N. Ambassador before Dec 31, 2025, then the market resolves to Yes.
Ranges are inclusive. If Mike Waltz is withdrawn, then the bottom bracket will resolve to Yes.",Politics,2025-09-19T22:20:11.595643Z,no,,KXWALTZCOUNT,kalshi
KXELONJREGUEST,Who will go on The Joe Rogan Experience?,"If Elon Musk goes on The Joe Rogan Experience before Jan 1, 2026, then the market resolves to Yes.",Entertainment,2025-10-31T20:28:14.997242Z,yes,,KXELONJREGUEST,kalshi
KXMEDIARELEASEJIMMYKIMMEL,"Will A New Episode of Jimmy Kimmel Live! be released in United States before Oct 1, 2025?","If A New Episode of Jimmy Kimmel Live! has been publicly released in United States through official channels before Oct 1, 2025, then the market resolves to Yes.
The media must be made available to the general public through at least one official distribution channel, including theatrical release, streaming availability, physical media (DVD, Blu-ray), or authorized digital purchase/download. The release must be accessible without special invitations or industry credentials in at least one major metropolitan area if the geography refers to a country. Private screenings, film festivals, leaked content, and torrent availability do not qualify. Trailers and soundtracks do not satisfy the criterion unless the full media is released. Different versions or formats of the same base content (theatrical, director's cut, extended edition) are considered the same media if the core content is substantially identical. Foreign language titles are considered the same media unless otherwise specified.",Entertainment,2025-09-24T13:18:13.535075Z,yes,,KXMEDIARELEASEJIMMYKIMMEL,kalshi
KXNFLWINS-CLE,Will the Cleveland pro football team win more than 15 times this season?,"If the Cleveland pro football team has more than 15 wins in the 2025-26 regular season, then the market resolves to Yes.
Ties do not count as wins.",Sports,2025-09-29T18:39:03.757506Z,no,,KXNFLWINS-CLE,kalshi
KXEARNINGSMENTIONCRCL,What will Circle Internet Group say during their next earnings call?,"If Treasury is said by any Circle Internet Group representative (including the operator of the call) during the next Circle Internet Group earnings call (including the Q+A), then the market resolves to Yes.
Video of the Circle Internet Group earnings call will be primarily used to resolve the market; if a consensus by Kalshi employees cannot be reached using video, transcripts of the Circle Internet Group earnings call will be used according to the news publications listed in the contract. The exact phrase/word, or a plural or possessive form of the phrase/word, must be used. Grammatical/tense inflections are otherwise not included. Please see full rules for more details.",Companies,2025-11-12T16:35:40.346166Z,yes,,KXEARNINGSMENTIONCRCL,kalshi
KXGRAMMYNOMNAOTY,2026 Grammy nominees for New Artist?,"If KATSEYE has been nominated for Best New Artist at the 68th Grammy Awards, then the market resolves to Yes.",Entertainment,2025-11-07T17:15:45.481243Z,yes,,KXGRAMMYNOMNAOTY,kalshi
KXAVENGERSDELAY,Avengers: Kang Dynasty delayed?,"If the Avengers movie has been delayed or had its release date removed, then the market resolves to Yes.",Entertainment,2025-05-23T01:19:43.45065Z,yes,,KXAVENGERSDELAY,kalshi
KXETHD,"Ethereum price at Nov 16, 2025 at 6pm EST?","If the simple average of the sixty seconds of CF Benchmarks' Ethereum Real-Time Index (ERTI) before 6 PM EST is above 3819.99 at 6 PM EST on Nov 16, 2025, then the market resolves to Yes.
Not all cryptocurrency price data is the same. While checking a source like Google or Coinbase may help guide your decision, the price used to determine this market is based on CF Benchmarks' corresponding Real Time Index (RTI). At the last minute before expiration, 60 RTI prices are collected. The official and final value is the average of these prices.",Crypto,2025-11-16T23:00:00Z,no,,KXETHD,kalshi
KXTOPSONGRECORDMANCHILD,How long will Manchild be #1?,"If Manchild has had the #1 spot on the Billboard Hot 100 for more than 8 consecutive weeks, then the market resolves to Yes.
**This market and these products have not been endorsed by Billboard. Any references to ""Billboard"", the ""Hot 100,"" or any other associated marks are descriptive only, and do not indicate an endorsement of this product or any affiliation between Billboard and Kalshi.** If this event occurs, or the streak ends, the market will close the following 10am ET. This market specifically encompasses the first streak Manchild holds.",Entertainment,2025-06-24T17:15:04.795096Z,no,,KXTOPSONGRECORDMANCHILD,kalshi
KXWALLSPEND,How much will Republicans increase spending on a Mexican border wall in their reconcilliation bill?,"If the first budget reconciliation bill to become law before Jan 1, 2027 increases spending on a southern border wall by at least $40 billion, then the market resolves to Yes.",Politics,2025-07-16T15:19:44.731036Z,yes,,KXWALLSPEND,kalshi
KXEARNINGSMENTIONRDDT,"What will Reddit, Inc. say during their next earnings call?","If Traffic is said by any Reddit, Inc. representative (including the operator of the call) during the next Reddit, Inc. earnings call (including the Q+A), then the market resolves to Yes.
Video of the Reddit, Inc. earnings call will be primarily used to resolve the market; if a consensus by Kalshi employees cannot be reached using video, transcripts of the Reddit, Inc. earnings call will be used according to the news publications listed in the contract. The exact phrase/word, or a plural or possessive form of the phrase/word, must be used. Grammatical/tense inflections are otherwise not included. Please see full rules for more details.",Companies,2025-10-31T21:06:21.258054Z,yes,,KXEARNINGSMENTIONRDDT,kalshi
KXMUSKDOGE,"Will Elon Musk leave the DOGE before Jun 16, 2025?","If Elon Musk has left the Department of Government Efficiency before Jun 16, 2025, then the market resolves to Yes.
If Elon Musk continues to work for the Department of Government Efficiency on Jun 16, 2025 this respective market will resolve No. It is our determination that the payout criterion for this market has not been met. As a result, all markets within the event will remain open until the payout criterion has been met or the expiration date passes.

The rules state that ""If DOGE is renamed, restructured, or absorbed into another entity, then that does not trigger the Payout Criterion. Musk leaving his role for a successor role in a changed or absorbed version of DOGE would not be encompassed within the Payout Criterion.""

Elon Musk led DOGE until Jan 20, 2025, when DOGE became a government agency as the result of an executive order. When DOGE became a government agency it was not clear what Elon Musk's role was at DOGE. Since then, the New York Times has reported that Elon Musk has left his role as a leader of DOGE for a successor role in a changed or absorbed version of DOGE.

The New York Times wrote on Feb 25th, ""Amy Gleason, a former health care investment executive, is serving as the acting administrator of the Department of Government Efficiency, the government-overhaul task force imposing dramatic changes across the federal bureaucracy under the direction of Elon Musk, a White House official said on Tuesday."" 

The following change in role is not encompassed within the Payout Criterion because Elon Musk has left his role as a leader of DOGE for a successor role in a changed or absorbed version of DOGE.

If Mr. Musk leaves this role for one that is not related to DOGE,  the market will then resolve to Yes. If Elon Musk stays in this role or leaves his current role for a different role within DOGE and stays in that one through the expiration date for a given market, the market will resolve to No on its expiration date.",Politics,2025-05-30T19:30:12.645298Z,yes,,KXMUSKDOGE,kalshi
KXINXMAXY,"Will the maximum SP500 value reach 6599.99 by Jan 1, 2026?","If the value of the S&P 500 index value starting Mar 19, 2025 and ending on Jan 1, 2026 is above 6599.99, then the market resolves to Yes.",Financials,2025-09-17T22:35:03.125227Z,yes,,KXINXMAXY,kalshi
KXAPCALLVAGOV,Will the Associated Press (AP) call the 2025 Virginia gubernatorial election before 9:00 PM ET?,"If the Associated Press (AP) makes its first definitive call of a winner for 2025 Virginia gubernatorial election before 9:00 PM ET on Nov 4, 2025, then the market resolves to Yes.
The call must be an explicit declaration that a candidate, party, or option has won, will win, is projected to win, or equivalent clear language indicating the outlet has determined the winner. The call must appear on one of the outlet's primary platforms (main website, television broadcast, or official social media if that is their primary medium) and not be prefaced with qualifiers suggesting uncertainty such as ""appears to,"" ""likely to,"" ""probably,"" or ""may have."" The relevant time is when the call first becomes publicly visible on the outlet's platform, not when it may have been written, decided internally, or prepared for publication. If the call is later retracted, the market nonetheless resolves to Yes based on the initial call time. Preliminary exit polls, reporting of other outlets' calls, conditional statements, opinion pieces, and technical glitches do not qualify as definitive calls.",Elections,2025-11-05T03:36:21.157793Z,yes,,KXAPCALLVAGOV,kalshi
KXIRACUTS,"How much will the Republican reconcilliation bill cut the Inflation Reduction Act's Energy, Production, and Manufacturing Credits?","If the first budget reconciliation bill to become law before Jan 1, 2027 cuts at least $600 billion from the IRA's Subtitle D tax credits related to energy, production, and manufacturing, then the market resolves to Yes.",Politics,2025-07-07T22:31:12.831662Z,no,,KXIRACUTS,kalshi
KXCALIREDISTRICTING,Will California's Redistricting referendum pass?,"If Proposition 50 in California passes, then the market resolves to Yes.",Elections,2025-11-07T04:29:04.199027Z,yes,,KXCALIREDISTRICTING,kalshi
KXPPFUNDING,Will Planned Parenthood be defunded?,"If Planned Parenthood is defunded or prohibited from receiving government funds before Jan 1, 2026, then the market resolves to Yes.",Politics,2025-07-07T20:37:11.28212Z,yes,,KXPPFUNDING,kalshi
KXMAYORSEATTLE,Will Joe Molloy win the election for the Mayor of Seattle in 2025?,"If Joe Molloy wins the election for Mayor in Seattle in 2025, then the market resolves to Yes.",Elections,2025-11-16T10:04:13.847298Z,no,,KXMAYORSEATTLE,kalshi
KXNFLFIRSTTD,Baltimore at Cleveland: First Touchdown Scorer: Cleveland D/ST,"If Cleveland D/ST scores the first touchdown in Cleveland at Baltimore professional football game originally scheduled for Nov 16, 2025, then the market resolves to Yes.
The following market refers to a player or team in Cleveland at Baltimore professional football game originally scheduled for Nov 16, 2025. If a player is active but never takes a snap, the market settles to the last fair market price before game start. Once a player takes at least one snap, even if nullified by penalty, the market settles based on touchdowns scored. If no touchdowns are scored in the game, the No Touchdown Scorer market resolves to Yes and all other player markets resolve to No.",Sports,2025-11-16T22:19:55.433717Z,yes,,KXNFLFIRSTTD,kalshi
KXMRBEAST50M,Will any Mr. Beast video get more than 50 million views a week after upload?,"If Mr. Beast uploads a video that receives more than 50 million views seven days after the upload date at 10:00 AM ET, before Jan 1, 2026, then the market resolves to Yes.
This market will count the number of views on the seventh day AFTER the upload date. For example, if a video is uploaded on June 15th, then the view count will be checked at 10:00 AM ET seven days AFTER that date, on June 23rd.",Entertainment,2025-06-23T12:41:02.174407Z,yes,,KXMRBEAST50M,kalshi
KXHIGHPHIL,"Will the **high temp in Philadelphia** be <54° on Nov 15, 2025?","If the highest temperature recorded at Philadelphia International Airport for November 15, 2025 as reported by the National Weather Service's Climatological Report (Daily), is less than 54°, then the market resolves to Yes.
Not all weather data is the same. While checking a source like AccuWeather or Google Weather may help guide your decision, the official and final value used to determine this market is the highest temperature as reported by the corresponding NWS Climatological Report (Daily) linked in the rules above. Preliminary NWS reporting and measurement methods may be subject to underlying rounding and conversion nuances. Traders should exercise caution when interpreting preliminary NWS data.",Climate and Weather,2025-11-16T04:59:00Z,no,,KXHIGHPHIL,kalshi
KXTRUMPNOMMAX,Will Stephen Miran get the most votes of any Trump Cabinet nominee?,"If Stephen Miran has received the most votes of any of Trump's Cabinet nominees, then the market resolves to Yes.
If no vote count is recorded for a given nominee, then that will not be counted. Once each position has had someone confirmed/appointed to the position, then the market will Expire. If nominees tie, then the nominee who was confirmed first will resolve to Yes and the others will resolve to No. 

For purposes of this Contract, the Cabinet-level positions are the heads of the 15 government agencies in the Cabinet as of Issuance, as well the Administrator of the EPA, Director of National Intelligence, Director of OMB, Director of CIA, United States Trade Representative, Ambassador to the UN, Chair of the Council of Economic Advisers, Administrator of the SBA, and Director of OSTP.",Politics,2025-09-22T22:04:00.33685Z,no,,KXTRUMPNOMMAX,kalshi
KXROMANIATOP,Will Nicușor Dan be 1st in the next Romanian presidential election first round?,"If Nicușor Dan receives more votes than any other candidate in the next first round of the Romanian presidential election, then the market resolves to Yes.",Elections,2025-05-08T16:45:12.786768Z,no,,KXROMANIATOP,kalshi
KXAWARDSCOUNTSEV,Severance  wins?,"If  Severance has won exactly 27 awards at the 2025 Emmy Awards, then the market resolves to Yes.",Entertainment,2025-09-15T14:56:05.501194Z,no,,KXAWARDSCOUNTSEV,kalshi
KXETH,"Ethereum price at Nov 16, 2025 at 6pm EST?","If the simple average of the sixty seconds of CF Benchmarks' Ethereum Real-Time Index (ERTI) before 6 PM EST is above 3839.99 at 6 PM EST on Nov 16, 2025, then the market resolves to Yes.
Not all cryptocurrency price data is the same. While checking a source like Google or Coinbase may help guide your decision, the price used to determine this market is based on CF Benchmarks' corresponding Real Time Index (RTI). At the last minute before expiration, 60 RTI prices are collected. The official and final value is the average of these prices.",Crypto,2025-11-16T23:00:00Z,no,,KXETH,kalshi
KXDIDDYTRIALATTEND,Will Usher attend the Sean ‘Diddy’ Combs trial?,"If Usher attends Sean ‘Diddy’ Combs trial, then the market resolves to Yes.",Entertainment,2025-07-05T14:36:17.046443Z,no,,KXDIDDYTRIALATTEND,kalshi
KXNYCCOUNCIL28,Who will win the NYC City Council election in District 28?,"If Latoya LeGrand wins the New York City Counil race for District 28 in 2025, then the market resolves to Yes.",Politics,2025-11-07T17:23:48.473198Z,no,,KXNYCCOUNCIL28,kalshi
KXDCUSATTORNEY,Who will be confirmed as DC US Attorney?,"If Ed Martin is the first person confirmed by the Senate to be DC US Attorney before Jan 1, 2026, then the market resolves to Yes.",Politics,2025-11-01T18:40:45.550878Z,no,,KXDCUSATTORNEY,kalshi
KXNEWAAPLVR,Will Apple release a New VR Headset to the public?,"If Apple releases a new New VR Headset to the public before Jan 1, 2026, then the market resolves to Yes.",Companies,2025-10-24T18:33:03.500181Z,yes,,KXNEWAAPLVR,kalshi
KXEARNINGSMENTIONAMC,What will  say during their next earnings call?,"If Ticket price is said by any AMC representative (including the operator of the call) during the next AMC earnings call (including the Q+A), then the market resolves to Yes.
Video of the AMC earnings call will be primarily used to resolve the market; if a consensus by Kalshi employees cannot be reached using video, transcripts of the AMC earnings call will be used according to the news publications listed in the contract. The exact phrase/word, or a plural or possessive form of the phrase/word, must be used. Grammatical/tense inflections are otherwise not included. Please see full rules for more details.",Companies,2025-08-15T00:20:12.783787Z,yes,,KXEARNINGSMENTIONAMC,kalshi
KXMAYORSEATTLE,Will Thaddeus Whelan win the election for the Mayor of Seattle in 2025?,"If Thaddeus Whelan wins the election for Mayor in Seattle in 2025, then the market resolves to Yes.",Elections,2025-11-16T10:04:13.847298Z,no,,KXMAYORSEATTLE,kalshi
KXEARNINGSMENTIONRKLB,What will Rocket Lab Corporation say during their next earnings call?,"If Tariff is said by any Rocket Lab Corporation representative (including the operator of the call) during the next Rocket Lab Corporation earnings call (including the Q+A), then the market resolves to Yes.
Video of the Rocket Lab Corporation earnings call will be primarily used to resolve the market; if a consensus by Kalshi employees cannot be reached using video, transcripts of the Rocket Lab Corporation earnings call will be used according to the news publications listed in the contract. The exact phrase/word, or a plural or possessive form of the phrase/word, must be used. Grammatical/tense inflections are otherwise not included. Please see full rules for more details.",Companies,2025-11-11T21:26:55.852755Z,no,,KXEARNINGSMENTIONRKLB,kalshi
KXMAYORCHAR,Will the Democratic party win the mayorship in Charlotte?,"If a representative of the Democratic party is inaugurated as the mayor of Charlotte pursuant to the 2025 election, then the market resolves to Yes.
This market is eligible for accelerated determination two days after a consensus of media organizations project the winner. See full rules for details.",Elections,2025-11-07T16:59:19.315265Z,yes,,KXMAYORCHAR,kalshi
KXEARNINGSMENTIONMCD,What will McDonald's Corporation say during their next earnings call?,"If Supply Chain is said by any McDonald's Corporation representative (including the operator of the call) during the next McDonald's Corporation earnings call (including the Q+A), then the market resolves to Yes.
Video of the McDonald's Corporation earnings call will be primarily used to resolve the market; if a consensus by Kalshi employees cannot be reached using video, transcripts of the McDonald's Corporation earnings call will be used according to the news publications listed in the contract. The exact phrase/word, or a plural or possessive form of the phrase/word, must be used. Grammatical/tense inflections are otherwise not included. Please see full rules for more details.",Companies,2025-11-06T17:01:26.487794Z,yes,,KXEARNINGSMENTIONMCD,kalshi
KXAUSCOALITION,Will Liberal-National majority make up the next government of Australia?,"If the Liberal-National majority make up the next elected government of Australia, then the market resolves to Yes.",Politics,2025-07-07T11:20:32.987886Z,no,,KXAUSCOALITION,kalshi
KXCANRESIGNCOUNT,How many Canadian party leaders will resign after the 2025 election?,"If 5 Canadian political party leaders announce their intent to resign their positions as party leader within a week of the election being called in 2025, then the market resolves to Yes.
This specifically and exclusively includes the leaders of the Liberal Party, Conservative Party, New Democratic Party, Bloc Québécois, Green Party, People’s Party. This market is specifically about the number of leaders who resign and not the number of parties that have leaders resign.",Politics,2025-05-13T16:12:20.558205Z,no,,KXCANRESIGNCOUNT,kalshi
KXBCHMAXY,How high will Bitcoin Cash get this year?,"If the price of Bitcoin Cash is above 549.999 starting Mar 28, 2025 and before Dec 31, 2025, then the market resolves to Yes.
The Contract is settled by taking an average of CF Benchmarks' Bitcoin Cash-Dollar Real-Time Index in any sixty second period. Data is used 24/7 to resolve the contract.",Crypto,2025-08-19T15:00:55.114251Z,yes,,KXBCHMAXY,kalshi
KXENDOWMENTRATE,How much will Republicans increase the university endowment tax in their reconciliation bill?,"If the first budget reconciliation bill to become law before Jan 1, 2027 sets the tax rate for net investment income for universities to at least 7%, then the market resolves to Yes.",Politics,2025-07-07T20:33:04.425308Z,yes,,KXENDOWMENTRATE,kalshi
KXNCAAFTOTAL,Wyoming at Fresno St.: Total Points,"If the teams in the Wyoming at Fresno St. college football game originally scheduled for Nov 15, 2025 collectively score more than 51.5 points, then the market resolves to Yes.
Kalshi is not affiliated,  associated,  authorized, endorsed by, or in any way officially connected with the NCAA. All trademarks, logos, and brand names are the property of their respective owners.",Sports,2025-11-16T08:29:33.607101Z,no,,KXNCAAFTOTAL,kalshi
KXKLEAGUEGAME,Ulsan HD FC vs Suwon FC Winner?,"If Tie wins the Ulsan HD FC vs Suwon FC professional Korea K League 1 soccer game originally scheduled for Nov 9, 2025 after 90 minutes plus stoppage time (does not include extra time or penalties), then the market resolves to Yes.
The following market refers to the Ulsan HD FC vs Suwon FC professional Korea K League 1 soccer game originally scheduled for Nov 9, 2025 after 90 minutes plus stoppage time (does not include extra time or penalties). If the game ends in a tie, the market called ""Tie"" resolves to Yes. If the game is cancelled or rescheduled to over two weeks away, the market will resolve to a fair price in accordance with the rules.",Sports,2025-11-09T09:39:49.865936Z,no,,KXKLEAGUEGAME,kalshi
KXNFLWINS-NO,Will the New Orleans pro football team win more than 16 times this season?,"If the New Orleans pro football team has more than 16 wins in the 2025-26 regular season, then the market resolves to Yes.
Ties do not count as wins.",Sports,2025-09-23T14:09:32.115021Z,no,,KXNFLWINS-NO,kalshi
KXMLBWSMVP,Who will win Championship MVP?,"If Tie/Co-Winners wins the 2025 Pro Baseball Championship MVP, then the market resolves to Yes.",Sports,2025-11-02T04:52:35.283927Z,no,,KXMLBWSMVP,kalshi
KXNORWAYLABOUR,Will the Labour Party (Ap) win fewer than 47 seats in the 2025 Norwegian general election?,"If the Labour Party (Ap) has won below 47 seats in the 2025 Norwegian general election, then the market resolves to Yes.
A seat is considered ""won"" when a candidate affiliated with the specified party has been declared elected by the relevant electoral authority and either the time for legal challenges has expired, challenges have been resolved, or the member has taken their seat. Party affiliation is determined by the party under whose banner the candidate was elected, regardless of subsequent changes. The count is determined when the new legislature takes their seats, even if some seats remain vacant or challenged. If the election is postponed beyond one year from the original date or cancelled entirely, the market resolves to the last fair market price. Only seats actually contested and filled are counted in partial elections. By-elections after the main election are included only if seated simultaneously with the rest of the legislature.",Elections,2025-09-22T03:35:11.104296Z,no,,KXNORWAYLABOUR,kalshi
KXVOTEHUBTRUMPUPDOWN,Will Trump's approval rating increase this week?,"If the VoteHub time-adjusted average for Donald Trump's approval rating is above 43.8% at 10:00 AM November 7, then the market resolves to Yes.
The market resolves based on the VoteHub time-adjusted average displayed at 10:00 AM ET on November 7. The value must match exactly as displayed on VoteHub's platform, including subject name formatting. Values are compared using one decimal place precision. If VoteHub doesn't display data for the specified date, the most recent prior time-adjusted average is used. Only the time-adjusted average counts, not raw polling averages.",Politics,2025-11-07T04:59:00Z,no,,KXVOTEHUBTRUMPUPDOWN,kalshi
KXRADIOHEAD,Will Radiohead announce a new tour this year?,"If Radiohead announces a new tour before Dec 31, 2025, then the market resolves to Yes.",Entertainment,2025-09-04T14:16:39.77229Z,yes,,KXRADIOHEAD,kalshi
KX60MINMENTION,What will Donald Trump say during next interview on 60 Minutes with Donald Trump?,"If Donald Trump says Soybean as part of next interview on 60 Minutes with Donald Trump, then the market resolves to Yes.
Video of the next interview on 60 Minutes with Donald Trump will be primarily used to resolve the market; if a consensus by Kalshi employees cannot be reached using video, transcripts of the next interview on 60 Minutes with Donald Trump will be used according to the news publications listed in the contract. The exact phrase/word, or a plural or possessive form of the phrase/word, must be used. Grammatical/tense inflections are otherwise not included. Please see full rules for more details. For the purpose of this market, the live broadcast or stream will be used to resolve this event. If an extended interview is released, additional content not included in the original broadcast or stream will not count. Previous recordings aired during this event will not count.",Mentions,2025-11-03T16:49:01.660189Z,no,,KX60MINMENTION,kalshi
KXRECNCSVOTE,between 56 to 56 members of the Senate vote for next budget reconciliation bill?,"If 56 to 56 members of the Senate vote Yea in favor of next budget reconciliation bill before Jan 1, 2026, then the market resolves to Yes.",Politics,2025-07-02T20:30:42.998157Z,no,,KXRECNCSVOTE,kalshi
KXELECTIONMOVIRELAND,Will Catherine Connolly win by between 5% and 9.99% of votes in the final round of the 2025 Irish presidential election?,"If the margin of victory for Catherine Connolly in the final round of the 2025 Irish presidential election in Ireland falls within between 5% and 9.99% percentage points, inclusive of both endpoints, then the market resolves to Yes.
The margin of victory is calculated based on the margin type specified. For percentage points: the difference between the candidate's vote share and their closest competitor's share. For raw votes: the difference in total vote counts. For electoral votes: the difference in electoral votes won. Positive margins indicate the candidate won, negative margins indicate they lost, and zero indicates a tie. For uncontested races, the margin is 100 percentage points or total votes cast. Write-in votes are aggregated as a single candidate if not individually reported. Only certified results are used for resolution. If the election is cancelled, postponed beyond expiration, or no certified results are available, all markets resolve to No. Recounts that change the certified margin before expiration use the most recent certified results.",Elections,2025-10-27T21:23:46.603655Z,no,,KXELECTIONMOVIRELAND,kalshi
KXDEDUCT,What will the standard deduction be in the Republican reconciliation bill?,"If the first budget reconciliation bill to become law before Jan 1, 2027 sets the standard deduction for married couples filing jointly to be at least $30 thousand, then the market resolves to Yes.",Politics,2025-07-07T20:39:53.107175Z,yes,,KXDEDUCT,kalshi
KXLINKMAXY,How high will Chainlink get this year?,"If the price of Chainlink is above 24.99999 starting Mar 28, 2025 and before Jan 1, 2026, then the market resolves to Yes.
The Contract is settled by taking an average of CF Benchmarks' Chainlink-Dollar Real-Time Index in any sixty second period. Data is used 24/7 to resolve the contract.",Crypto,2025-09-08T14:06:45.433174Z,yes,,KXLINKMAXY,kalshi
KXSEXYMAN,Who will be People's Sexiest Man Alive in 2025?,"If Austin Butler is People's Sexiest Man Alive in 2025, then the market resolves to Yes.",Entertainment,2025-11-04T15:24:30.298625Z,no,,KXSEXYMAN,kalshi
KXNORWAYCON,Will the Conservative Party (H) win more than 31 seats in the 2025 Norwegian general election?,"If the Conservative Party (H) has won above 31 seats in the 2025 Norwegian general election, then the market resolves to Yes.
A seat is considered ""won"" when a candidate affiliated with the specified party has been declared elected by the relevant electoral authority and either the time for legal challenges has expired, challenges have been resolved, or the member has taken their seat. Party affiliation is determined by the party under whose banner the candidate was elected, regardless of subsequent changes. The count is determined when the new legislature takes their seats, even if some seats remain vacant or challenged. If the election is postponed beyond one year from the original date or cancelled entirely, the market resolves to the last fair market price. Only seats actually contested and filled are counted in partial elections. By-elections after the main election are included only if seated simultaneously with the rest of the legislature.",Elections,2025-09-22T03:36:02.946645Z,no,,KXNORWAYCON,kalshi
KXNYCCOUNCIL14,Who will win the NYC City Council election in District 14?,"If Fernando Cabrera wins the New York City Counil race for District 14 in 2025, then the market resolves to Yes.",Politics,2025-11-07T17:14:34.228976Z,no,,KXNYCCOUNCIL14,kalshi
KXEARNINGSMENTIONDIS,What will The Walt Disney Company say during their next earnings call?,"If YouTube TV is said by any The Walt Disney Company representative (including the operator of the call) during the next The Walt Disney Company earnings call (including the Q+A), then the market resolves to Yes.
Video of the The Walt Disney Company earnings call will be primarily used to resolve the market; if a consensus by Kalshi employees cannot be reached using video, transcripts of the The Walt Disney Company earnings call will be used according to the news publications listed in the contract. The exact phrase/word, or a plural or possessive form of the phrase/word, must be used. Grammatical/tense inflections are otherwise not included. Please see full rules for more details.",Companies,2025-11-13T19:08:23.091645Z,no,,KXEARNINGSMENTIONDIS,kalshi
KXUCLBTTS,Bilbao at Newcastle: Both Teams to Score,"If Bilbao and Newcastle both score goals in the Bilbao at Newcastle UCL match originally scheduled for Nov 5, 2025, then the market resolves to Yes.",Sports,2025-11-05T22:11:14.125979Z,no,,KXUCLBTTS,kalshi
KXNYCCOUNCIL39,Who will win the NYC City Council election in District 39?,"If Shahana Hanif wins the New York City Counil race for District 39 in 2025, then the market resolves to Yes.",Politics,2025-11-07T17:21:31.28283Z,yes,,KXNYCCOUNCIL39,kalshi
KXHIGHCHI,"Will the high temp in Chicago be >71° on Nov 15, 2025?","If the highest temperature recorded at Chicago Midway, IL for November 15, 2025, is greater than 71° according to the National Weather Service's Climatological Report (Daily), then the market resolves to Yes.
Not all weather data is the same. While checking a source like AccuWeather or Google Weather may help guide your decision, the official and final value used to determine this market is the highest temperature as reported by the corresponding NWS Climatological Report (Daily) linked in the rules above. Preliminary NWS reporting and measurement methods may be subject to underlying rounding and conversion nuances. Traders should exercise caution when interpreting preliminary NWS data.",Climate and Weather,2025-11-16T05:59:00Z,no,,KXHIGHCHI,kalshi
KXTOPALBUMBYTAYLORSWIFT,Taylor Swift has a #1 album in 2025?,"If Taylor Swift has a #1 album on the Billboard 200 by Dec 27, 2025, then the market resolves to Yes.
**This market and these products have not been endorsed by Billboard. Any references to ""Billboard"", the ""Hot 100,"" or any other associated marks are descriptive only, and do not indicate an endorsement of this product or any affiliation between Billboard and Kalshi.** For the purposes of this market, the last Billboard chart that will be included is the one published for Dec 27, 2025.",Entertainment,2025-10-13T21:42:13.617008Z,yes,,KXTOPALBUMBYTAYLORSWIFT,kalshi
KXAMBMALAY,When will Trump's nominee for Ambassador of Malaysia be confirmed?,"If Nick Adams is the first person confirmed by the Senate to be Ambassador of Malaysia before Nov 1, 2025, then the market resolves to Yes.
If Nick Adams has a nomination that's withdrawn, then the market immediately resolves to No.",Politics,2025-11-01T14:00:00Z,no,,KXAMBMALAY,kalshi
KXTOPALBUMRECORDMWITP,How long will I'm The Problem be #1?,"If I'm The Problem has had the #1 spot on the Billboard 200 for more than 8 consecutive weeks, then the market resolves to Yes.",Entertainment,2025-07-22T14:50:32.489342Z,no,,KXTOPALBUMRECORDMWITP,kalshi
KXBALLONDORNATION,What will be the nationality of the 2025 Ballon d'Or winner?,"If the winner of the Ballon d'Or is Spanish, then the market resolves to Yes.",Sports,2025-09-22T21:37:27.589716Z,no,,KXBALLONDORNATION,kalshi
KXNEXTLDPLEADER,"Will Yoko Kamikawa become the next leader of Liberal Democratic Party (LDP) before Jan 1, 2026?","If Yoko Kamikawa is announced as the first new non-interim leader of Liberal Democratic Party (LDP) before Jan 1, 2026, then the market resolves to Yes.
The market resolves when the first new non-interim leader is officially announced by the party or credible sources. The person need not have taken office before the deadline date, only be announced as the incoming leader. Interim or acting leaders do not qualify unless they are subsequently announced as the permanent leader. If multiple persons are simultaneously announced as co-leaders, the market resolves proportionally. Leadership contests that extend beyond the deadline date without an announcement resolve to No. The announcement must come from official party channels or be confirmed by multiple credible news sources.",Politics,2025-10-05T17:49:34.162801Z,no,,KXNEXTLDPLEADER,kalshi
KXAIRDROPPUMPFUN,"Will PumpFun conduct an airdrop before Sep 1, 2025?","If PumpFun conducts an airdrop before Sep 1, 2025, then the market resolves to Yes.
An airdrop is defined as the distribution of fungible tokens to multiple wallet addresses where recipients receive tokens without paying the full market value. This includes free distributions requiring only gas fees, distributions requiring donations less than 10% of market value, retroactive rewards, task-based distributions, and phased distributions where initial tokens are received before the deadline. Token sales where recipients pay 10% or more of market value, ICOs, IDOs, employee compensation, liquidity mining rewards, staking rewards, NFTs, non-transferable tokens, and unconverted points do not constitute airdrops. The airdrop must be conducted (tokens actually distributed) before the deadline, not merely announced.",Crypto,2025-09-01T03:59:00Z,no,,KXAIRDROPPUMPFUN,kalshi
KXMOLDOVAPAS,Will Party of Action and Solidarity (PAS) win below 31 seats in 2025 Moldovan parliamentary election?,"If Party of Action and Solidarity (PAS) has won below 31 seats in the 2025 Moldovan parliamentary election, then the market resolves to Yes.
A seat is considered ""won"" when a candidate affiliated with the specified party has been declared elected by the relevant electoral authority and either the time for legal challenges has expired, challenges have been resolved, or the member has taken their seat. Party affiliation is determined by the party under whose banner the candidate was elected, regardless of subsequent changes. The count is determined when the new legislature takes their seats, even if some seats remain vacant or challenged. If the election is postponed beyond one year from the original date or cancelled entirely, the market resolves to the last fair market price. Only seats actually contested and filled are counted in partial elections. By-elections after the main election are included only if seated simultaneously with the rest of the legislature.",Elections,2025-10-18T03:20:25.737913Z,no,,KXMOLDOVAPAS,kalshi
KXUSAINTEL,Will the United States take a stake in Intel in 2025?,"If the United States take a stake in Intel before Jan 1, 2026, then the market resolves to Yes.",Politics,2025-08-30T16:47:24.740712Z,yes,,KXUSAINTEL,kalshi
KXSNLMENTION,What will Nikki Glaser say during Saturday Night Live starting on November 8th?,"If Nikki Glaser says Trump as part of Saturday Night Live starting on November 8th, then the market resolves to Yes.
Video of the Saturday Night Live starting on November 8th will be primarily used to resolve the market; if a consensus by Kalshi employees cannot be reached using video, transcripts of the Saturday Night Live starting on November 8th will be used according to the news publications listed in the contract. The exact phrase/word, or a plural or possessive form of the phrase/word, must be used. Grammatical/tense inflections are otherwise not included. Please see full rules for more details.",Mentions,2025-11-09T15:00:00Z,yes,,KXSNLMENTION,kalshi
KXCOMPTROLLER,Will Terrell Miller be elected to be NYC Comptroller in 2025?,"If Terrell Miller is elected to Comptroller in New York City in 2025, then the market resolves to Yes.",Elections,2025-07-23T22:18:20.458554Z,no,,KXCOMPTROLLER,kalshi
KXAAAGASMINCA,"Will average **gas prices** be above or below $4.50 by Dec 31, 2025?","If average regular gas prices for CA are strictly lower than $4.50 by Dec 31, 2025 according to AAA,  the market resolves to Yes.",Economics,2025-07-22T00:31:56.044876Z,yes,,KXAAAGASMINCA,kalshi
KXTRUMPUFC322,Will Donald Trump attend UFC 322?,"If Donald Trump attends UFC 322, then the market resolves to Yes.
Attendance is confirmed if the person is reported present at the event by any Source Agency, including social media posts by the person themselves. Virtual attendance counts as attendance unless the event is explicitly in-person only. Brief appearances or partial attendance count as attendance. The event must occur in the specified year. If the event is cancelled, postponed beyond the expiration date, or does not occur in the specified year, the market resolves to No.",Entertainment,2025-11-16T04:59:00Z,no,,KXTRUMPUFC322,kalshi
KXMAYORCHAR,Will the Republican party win the mayorship in Charlotte?,"If a representative of the Republican party is inaugurated as the mayor of Charlotte pursuant to the 2025 election, then the market resolves to Yes.
This market is eligible for accelerated determination two days after a consensus of media organizations project the winner. See full rules for details.",Elections,2025-11-07T16:59:19.315265Z,no,,KXMAYORCHAR,kalshi
KXGTA6,"WIll GTA6 be released by Sep 30, 2025?","If GTA 6 has been released on a major platform (PS5, Xbox Series X/S, Windows) by Sep 30, 2025, then the market resolves to Yes.",Entertainment,2025-10-01T03:59:00Z,no,,KXGTA6,kalshi
KXMRBEASTVIDEOLENGTH,How long will Mr. Beast's next YouTube video be?,"If Mr. Beast's next YouTube video is at least 50 minutes before Jan 1, 2026, then the market resolves to Yes.
If the length is 24 minutes and 45 seconds, for example, the market called ""20 to 24 minutes and 59 seconds"" will resolve to Yes. Only one market can resolve to Yes (at most).",Entertainment,2025-09-01T00:28:44.424313Z,no,,KXMRBEASTVIDEOLENGTH,kalshi
KXGRAMMYNOMCOUNTKL,Number of Grammy Nominations at the 68th Grammy Awards for Kendrick Lamar?,"If Kendrick Lamar receives at least 5 Grammy Nominations at the 68th Grammy Awards, then the market resolves to Yes.",Sports,2025-11-07T21:31:47.805677Z,yes,,KXGRAMMYNOMCOUNTKL,kalshi
KXCOACHELLA,Will Justin Bieber be part of the lineup for Coachella in 2026?,"If Justin Bieber is announced as part of the initial lineup of Coachella, then the market resolves to Yes.",Entertainment,2025-09-16T19:43:36.15986Z,yes,,KXCOACHELLA,kalshi
KXJONJONESRETIREMENT,Will Jon Jones come out of retirement in 2025?,"If Jon Jones announces they are coming out of retirement before Jan 1, 2026, then the market resolves to Yes.",Sports,2025-07-18T20:47:07.676464Z,yes,,KXJONJONESRETIREMENT,kalshi
KXNYCCOUNCIL1,Who will win the NYC City Council election in District 1?,"If Eric Yu wins the New York City Counil race for District 1 in 2025, then the market resolves to Yes.",Politics,2025-11-07T17:08:46.367339Z,no,,KXNYCCOUNCIL1,kalshi
KXMIRAGE,Will Brooklyn Mirage RE-open before 2025?,"If the Brooklyn Mirage has a public event before Sep 5, 2025, then the market resolves to Yes.",Entertainment,2025-09-05T03:59:00Z,no,,KXMIRAGE,kalshi
KXADMINNASA,When will Trump's nominee for Administrator of NASA be confirmed?,"If Jared Isaacman is the first person confirmed by the Senate to be Administrator of NASA before Jun 1, 2025, then the market resolves to Yes.",Politics,2025-06-01T14:00:00Z,no,,KXADMINNASA,kalshi
KXAIRDROPHYPE,"Will Hyperliquid conduct an airdrop before Oct 1, 2025?","If Hyperliquid conducts an airdrop before Oct 1, 2025, then the market resolves to Yes.
An airdrop is defined as the distribution of fungible tokens to multiple wallet addresses where recipients receive tokens without paying the full market value. This includes free distributions requiring only gas fees, distributions requiring donations less than 10% of market value, retroactive rewards, task-based distributions, and phased distributions where initial tokens are received before the deadline. Token sales where recipients pay 10% or more of market value, ICOs, IDOs, employee compensation, liquidity mining rewards, staking rewards, NFTs, non-transferable tokens, and unconverted points do not constitute airdrops. The airdrop must be conducted (tokens actually distributed) before the deadline, not merely announced.",Crypto,2025-10-01T03:59:00Z,no,,KXAIRDROPHYPE,kalshi
KXDUTCHGAIN,Will VVD gain seats in 2025 Dutch general election?,"If VVD experiences a gain of above 0 seats in the 2025 Dutch general election, then the market resolves to Yes.
Seat changes are measured relative to seats held immediately before the election. Gains mean more seats than before; losses mean fewer seats. Only certified election results count. Seats not contested in the election are excluded from calculations. If a party is newly formed, all seats won count as gains. Changes in total chamber size don't affect the net seat calculation - it's based on absolute seat count changes, not proportional representation.",Elections,2025-11-07T22:04:28.232787Z,no,,KXDUTCHGAIN,kalshi
KXNEXTJPNPM,Will Yuichiro Tamaki be the next Prime Minister of Japan?,"If the first new person to hold Prime Minister of Japan after Issuance is Yuichiro Tamaki, then the market resolves to Yes.
The market resolves based on who actually assumes the office of Prime Minister, not who is elected or nominated. Acting or interim appointments count as holding the position if they formally assume the office. The person must be different from whoever held the position at market issuance - if the same person continues in office through the expiration date, all markets resolve to No. For countries where the equivalent position has a different title (e.g., Chancellor in Germany), the specific title will be used. Resolution is based on official announcements from the country's legislature or government, with The New York Times as a secondary source for confirmation.",Politics,2025-10-22T18:44:43.941425Z,no,,KXNEXTJPNPM,kalshi
KXMISSUSA,Miss USA Winner?,"If Zoe Janae Ferraro wins the 2025 Miss USA National Competition, then the market resolves to Yes.",Entertainment,2025-10-25T15:58:38.458182Z,no,,KXMISSUSA,kalshi
KXNEXTCOINRH,What will the next coin added on Robinhood be?,"If $BSV is the next coin tradeable on Robinhood before Jan 1, 2026, then the market resolves to Yes.",Crypto,2025-05-27T22:03:30.596435Z,no,,KXNEXTCOINRH,kalshi
KXNEWSOMMENTION,What will Gavin Newsom say during Fireside chat at COP30 in Belem?,"If Gavin Newsom says Wind as part of Fireside chat at COP30 in Belem, then the market resolves to Yes.
Video of the Fireside chat at COP30 in Belem will be primarily used to resolve the market; if a consensus by Kalshi employees cannot be reached using video, transcripts of the Fireside chat at COP30 in Belem will be used according to the news publications listed in the contract. The exact phrase/word, or a plural or possessive form of the phrase/word, must be used. Grammatical/tense inflections are otherwise not included. Please see full rules for more details.",Mentions,2025-11-12T15:00:00Z,no,,KXNEWSOMMENTION,kalshi
KXUSAMBBAHAMAS,When will Trump's nominee for Ambassador to Bahamas be confirmed?,"If Herschel Walker is the first person confirmed by the Senate to be Ambassador to Bahamas before Oct 1, 2025, then the market resolves to Yes.",Politics,2025-10-01T14:00:00Z,no,,KXUSAMBBAHAMAS,kalshi
KXUFCFIGHT,"Will Jack Della Maddalena win the Maddalena vs Makhachev professional MMA fight scheduled for Nov 15, 2025?","If Jack Della Maddalena wins the Maddalena vs Makhachev professional MMA fight originally scheduled for Nov 15, 2025, then the market resolves to Yes.
The following market refers to the Maddalena vs Makhachev professional MMA fight originally scheduled for Nov 15, 2025. If this fight is postponed or delayed, the market will remain open and close after the rescheduled fight has finished (within two weeks). If the fight is declared a tie or no contest, the market will resolve to 50/50 for both fighters. If the fight is cancelled or rescheduled to over two weeks away, the market will resolve to a fair price in accordance with the rules.",Sports,2025-11-16T06:08:18.574951Z,no,,KXUFCFIGHT,kalshi
KXNFLWINS-BUF,Will the Buffalo pro football team win more than 5 times this season?,"If the Buffalo pro football team has more than 5 wins in the 2025-26 regular season, then the market resolves to Yes.
Ties do not count as wins.",Sports,2025-11-03T08:01:39.163877Z,yes,,KXNFLWINS-BUF,kalshi
KXBALLONDOR,Who will win the Ballon dOr in 2025?,"If Raphinha wins the Ballon dOr in 2025, then the market resolves to Yes.",Sports,2025-09-22T21:11:50.512648Z,no,,KXBALLONDOR,kalshi
KXELECTCONCEDE,"Will Curtis Sliwa concede defeat in the 2025 New York City mayoral election before Nov 5, 2025?","If Curtis Sliwa has made a statement conceding defeat in the 2025 New York City mayoral election before Nov 5, 2025, then the market resolves to Yes.
A concession requires Curtis Sliwa to explicitly acknowledge defeat, loss, or that their opponent has won 2025 New York City mayoral election. This may include statements using words such as ""concede,"" ""congratulate [opponent] on their victory,"" ""accept the results,"" ""will not be [office holder]"" or other unambiguous acknowledgments of defeat.",Elections,2025-11-05T04:59:00Z,yes,,KXELECTCONCEDE,kalshi
KXEARNINGSMENTIONAMD,What will  say during their next earnings call?,"If TSMC is said by any AMD representative (including the operator of the call) during the next AMD earnings call (including the Q+A), then the market resolves to Yes.
Video of the AMD earnings call will be primarily used to resolve the market; if a consensus by Kalshi employees cannot be reached using video, transcripts of the AMD earnings call will be used according to the news publications listed in the contract. The exact phrase/word, or a plural or possessive form of the phrase/word, must be used. Grammatical/tense inflections are otherwise not included. Please see full rules for more details.",Companies,2025-08-07T19:33:43.462461Z,no,,KXEARNINGSMENTIONAMD,kalshi
KXSAUDIPLGAME,Al-Ittihad Club vs Al Ahli Saudi FC Winner?,"If Tie wins the Al-Ittihad Club vs Al Ahli Saudi FC professional Saudi Pro League soccer game originally scheduled for Nov 8, 2025 after 90 minutes plus stoppage time (does not include extra time or penalties), then the market resolves to Yes.
The following market refers to the Al-Ittihad Club vs Al Ahli Saudi FC professional Saudi Pro League soccer game originally scheduled for Nov 8, 2025 after 90 minutes plus stoppage time (does not include extra time or penalties). If the game ends in a tie, the market called ""Tie"" resolves to Yes. If the game is cancelled or rescheduled to over two weeks away, the market will resolve to a fair price in accordance with the rules.",Sports,2025-11-08T19:35:26.427347Z,no,,KXSAUDIPLGAME,kalshi
KXBILLS,"Will  law before Jan 1, 2026?","If H.R. 5371 becomes law before Jan 1, 2026, then the market resolves to Yes.
|| Additional info ||",Politics,2025-11-13T03:38:11.277196Z,yes,,KXBILLS,kalshi
KXXRPD,"Ripple price at Nov 16, 2025 at 5pm EST?","If the simple average of the sixty seconds of CF Benchmarks' Ripple-Dollar Real Time Index (XRPUSD_RTI) before 5 PM EST is above 2.5799 at 5 PM EST on Nov 16, 2025, then the market resolves to Yes.
The market resolves based on a simple average of the CF Benchmarks index for the 60 seconds prior to the specified time. The price must meet the criterion at exactly the specified time on the target date. If no data is available or incomplete at the expiration time, affected strikes resolve to No. For cryptocurrencies with multiple versions, the Exchange will specify which version or ticker is being tracked. The CF Benchmarks Real-Time Index provides continuous pricing data for major cryptocurrencies.",Crypto,2025-11-16T22:00:00Z,no,,KXXRPD,kalshi
KXHURCTOT,Will there be more than 4  Atlantic hurricanes in 2025?,"If the NOAA's National Hurricane Center records more than 4 hurricanes of hurricane category 1 or above between January 1, 2025 and December 01, 2025, then the market resolves to Yes.
The market will expire at the sooner of the occurrence of the event, or one day after December 01, 2025.",Climate and Weather,2025-11-03T22:21:55.576425Z,yes,,KXHURCTOT,kalshi
KX60MINMENTION,What will Donald Trump say during next interview on 60 Minutes with Donald Trump?,"If Donald Trump says Maduro as part of next interview on 60 Minutes with Donald Trump, then the market resolves to Yes.
Video of the next interview on 60 Minutes with Donald Trump will be primarily used to resolve the market; if a consensus by Kalshi employees cannot be reached using video, transcripts of the next interview on 60 Minutes with Donald Trump will be used according to the news publications listed in the contract. The exact phrase/word, or a plural or possessive form of the phrase/word, must be used. Grammatical/tense inflections are otherwise not included. Please see full rules for more details. For the purpose of this market, the live broadcast or stream will be used to resolve this event. If an extended interview is released, additional content not included in the original broadcast or stream will not count. Previous recordings aired during this event will not count.",Mentions,2025-11-03T16:50:51.205808Z,no,,KX60MINMENTION,kalshi
KXSPOTIFYSONGSOPALITE,"Opalite streams by Nov 7, 2025?","If Opalite  by Taylor Swift  has above 265 million total streams on Spotify by Nov 7, 2025 at 10 AM ET, then the market resolves to Yes.
Total stream count will be determined using the Spotify desktop app at 10 AM ET, based on the exact number displayed at that time. Any updates or changes after 10 AM ET will NOT be considered.",Entertainment,2025-11-07T15:00:00Z,yes,,KXSPOTIFYSONGSOPALITE,kalshi
KXNFLWINS-DAL,Will the Dallas pro football team win more than 15 times this season?,"If the Dallas pro football team has more than 15 wins in the 2025-26 regular season, then the market resolves to Yes.
Ties do not count as wins.",Sports,2025-09-23T16:33:11.213315Z,no,,KXNFLWINS-DAL,kalshi
KXBILLBOARDRUNNERUPSONG,"Billboard Hot 100 #2 on Nov 15, 2025 chart?","If The Fate Of Ophelia is the #2 song on the Billboard 100 chart for November 15, 2025, then the market resolves to Yes.
**This market and these products have not been endorsed by Billboard. Any references to ""Billboard"", the ""Hot 100,"" or any other associated marks are descriptive only, and do not indicate an endorsement of this product or any affiliation between Billboard and Kalshi.**",Entertainment,2025-11-10T03:59:00Z,no,,KXBILLBOARDRUNNERUPSONG,kalshi
KXTRUMPMENTIONB,What will Donald Trump say during Dinner on November 12th?,"If Donald Trump says Epstein as part of Dinner on November 12th, then the market resolves to Yes.
Video of the Dinner on November 12th will be primarily used to resolve the market; if a consensus by Kalshi employees cannot be reached using video, transcripts of the Dinner on November 12th will be used according to the news publications listed in the contract. The exact phrase/word, or a plural or possessive form of the phrase/word, must be used. Grammatical/tense inflections are otherwise not included. Please see full rules for more details. If this event is not opened to the press for a live televised or streamed event this market will resolve to no.",Mentions,2025-11-13T15:00:00Z,no,,KXTRUMPMENTIONB,kalshi
KXEARNINGSMENTIONSNAP,What will Snap Inc. say during their next earnings call?,"If Tariff is said by any Snap Inc. representative (including the operator of the call) during the next Snap Inc. earnings call (including the Q+A), then the market resolves to Yes.
Video of the Snap Inc. earnings call will be primarily used to resolve the market; if a consensus by Kalshi employees cannot be reached using video, transcripts of the Snap Inc. earnings call will be used according to the news publications listed in the contract. The exact phrase/word, or a plural or possessive form of the phrase/word, must be used. Grammatical/tense inflections are otherwise not included. Please see full rules for more details.",Companies,2025-11-06T16:44:11.924648Z,no,,KXEARNINGSMENTIONSNAP,kalshi
KXWRECSS,Which countries will have recessions?,"If Germany has two consecutive quarters of negative real GDP growth between Jan 1, 2024 and Dec 31, 2026, then the market resolves to Yes.
The exact dataset for Germany is Gross Domestic Product, Real, Seasonally Adjusted, Domestic Currency from the IMF.",Economics,2025-11-03T18:12:29.373203Z,yes,,KXWRECSS,kalshi
KXAIRDROPMONAD,"Will Monad conduct an airdrop before Oct 1, 2025?","If Monad conducts an airdrop before Oct 1, 2025, then the market resolves to Yes.
An airdrop is defined as the distribution of fungible tokens to multiple wallet addresses where recipients receive tokens without paying the full market value. This includes free distributions requiring only gas fees, distributions requiring donations less than 10% of market value, retroactive rewards, task-based distributions, and phased distributions where initial tokens are received before the deadline. Token sales where recipients pay 10% or more of market value, ICOs, IDOs, employee compensation, liquidity mining rewards, staking rewards, NFTs, non-transferable tokens, and unconverted points do not constitute airdrops. The airdrop must be conducted (tokens actually distributed) before the deadline, not merely announced.",Crypto,2025-10-01T03:59:00Z,no,,KXAIRDROPMONAD,kalshi
KXGOVSHUTLENGTH,Will the federal government shut down for more than 54 days?,"If the ongoing federal government shutdown (starting October 1) lasts for Above 54 days (through 10:00 AM ET November 24), then the market resolves to Yes.
A shutdown is determined by notices on the U.S. Office of Personnel Management website indicating the federal government is at least partially shut down due to a lapse in appropriations. Days are counted based on notices checked at 10:00 AM ET each day. If there are multiple government shutdowns during the relevant period, this market only applies to the first shutdown, as the market will resolve after the end of the first shutdown. Notices of emergency furloughs or impacted government operations count toward the shutdown days. Office closures due to holidays or inclement weather do not count. If no shutdown occurs during the period, markets asking for counts above zero resolve to No, while markets asking for zero days resolve to Yes. Clarification (10/11/25): Days count toward the total when OPM's website indicates an ongoing shutdown due to lapsed appropriations, regardless of whether such days are also federal holidays. For example, if a shutdown notice remains on October 13, 2025 (Columbus Day), that day will count.",Politics,2025-11-13T15:00:00Z,no,,KXGOVSHUTLENGTH,kalshi
KXAWARDSCOUNTSEV,Severance  wins?,"If  Severance has won exactly 26 awards at the 2025 Emmy Awards, then the market resolves to Yes.",Entertainment,2025-09-15T14:56:05.501194Z,no,,KXAWARDSCOUNTSEV,kalshi
KXNFLTRADE,"Will Bradley Chubb be traded by Miami before Nov 5, 2025?","If Bradley Chubb is traded before Nov 5, 2025, then the market resolves to Yes.
The trade must be officially processed and approved by Pro Football before Nov 5, 2025 for market to resolve to Yes. If Bradley Chubb later fails their physical and/or the trade is rescinded for any reason after being officially processed, the market nonetheless resolves to Yes.",Sports,2025-11-04T23:55:12.459938Z,no,,KXNFLTRADE,kalshi
KXNLDFOURTH,Will Party for Freedom finish 4th in the 2025 Dutch general election?,"If Party for Freedom finishes in 4th place in the 2025 Dutch general election in the 2025 Dutch general election according to the certified results (number of seats), then the market resolves to Yes.
Ranking is determined by the specified counting method. For plurality voting: rank is based on vote count or percentage. For ranked choice voting: rank is determined by elimination order (runner-up is eliminated in final round for second place). For two-round systems: rank is based on final round results if it proceeds to second round, otherwise first-round totals. For proportional representation: rank follows the electoral authority's final seat allocation order. In case of exact ties, markets resolve proportionally (1/number of tied entities). Write-in candidates achieving the specified rank resolve all named candidate markets to No unless a specific ""Write-in"" or ""Other"" option exists. Candidates who withdraw or are disqualified after the filing deadline but remain on the ballot are ranked based on votes received. If the election is cancelled or postponed beyond expiration, all markets resolve to No.",Elections,2025-11-07T22:16:47.003454Z,no,,KXNLDFOURTH,kalshi
KXUSAMBTOUN,When will Trump's nominee for Ambassador to the United Nations be confirmed?,"If Elise Stefanik is the first person confirmed by the Senate to be Ambassador to the United Nations before Jun 1, 2025, then the market resolves to Yes.",Politics,2025-06-01T13:29:53.585067Z,no,,KXUSAMBTOUN,kalshi
KXUSAMBUNFOODAGRI,When will Trump's nominee for Ambassador to UN Food and Agriculture be confirmed?,"If Lynda Blanchard is the first person confirmed by the Senate to be Ambassador to UN Food and Agriculture before Nov 1, 2025, then the market resolves to Yes.",Politics,2025-10-09T03:26:34.314951Z,yes,,KXUSAMBUNFOODAGRI,kalshi
KXR6GAME,Will M80 win the Wildcard Gaming vs. M80 match?,"If M80 wins the Blast R6 Major Munich: Wildcard Gaming vs. M80 R6 match originally scheduled for Nov 15, 2025, then the market resolves to Yes.",Sports,2025-11-15T20:45:45.580958Z,yes,,KXR6GAME,kalshi
KXEPLGAME,Manchester City vs Liverpool Winner?,"If Manchester City wins the Manchester City vs Liverpool professional EPL soccer game originally scheduled for Nov 9, 2025 after 90 minutes plus stoppage time (does not include extra time or penalties), then the market resolves to Yes.
The following market refers to the Manchester City vs Liverpool professional EPL soccer game originally scheduled for Nov 9, 2025 after 90 minutes plus stoppage time (does not include extra time or penalties). If the game ends in a tie, the market called ""Tie"" resolves to Yes. If the game is cancelled or rescheduled to over two weeks away, the market will resolve to a fair price in accordance with the rules.",Sports,2025-11-09T18:34:31.24329Z,yes,,KXEPLGAME,kalshi
KXDEMINIMIS,Will Trump end the de minimis exception for all tariffs?,"If the de minimis threshold for goods imported to the United States ends (or is reduced to $0) before Jan 1, 2026, then the market resolves to Yes.
Reducing it for one or many countries, trade bloc, or sector is not encompassed by the Payout Criterion; it must be for all goods imported to the United States.",Politics,2025-07-07T19:56:22.36393Z,yes,,KXDEMINIMIS,kalshi
KXDEBTSHRINK,Will the national debt shrink at any point during the Trump Administration?,"If the U.S. federal debt below in any quarter from Q1 2025 to Q4 2028, then the market resolves to Yes.
Clarification 4/22/25 3:00 AM ET: The value for Q4 2024 is $36,218,605 (recorded in millions of dollars). To be clear, if the Federal Debt (Total Public Debt) is below this value ($36,218,605 million) in Q1, Q2, Q3, or Q4 of 2025, 2026, 2027, or 2028, then the market will resolve to Yes.",Politics,2025-06-04T18:57:44.353263Z,yes,,KXDEBTSHRINK,kalshi
GOVPARTYVA,Will Winsome Earle-Sears win the 2025 Virginia gubernatorial election?,"If a representative of the Republican party is inaugurated as the governor of Virginia pursuant to the 2025 election, then the market resolves to Yes.
This market will close early following the first person to be sworn in as governor pursuant to the 2025 gubernatorial election.

<p>Otherwise, this market closes by Nov 4, 2026 at 10:00am EST and will resolve to No for all candidates.</p>

<p>Note that this event is mutually exclusive, meaning at most one market can resolve to Yes.</p>",Politics,2025-11-07T01:01:16.341747Z,no,,GOVPARTYVA,kalshi
KXDIMONMENTION,What will Jamie Dimon say during America Business Forum?,"If Jamie Dimon says Zohran / Mamdani as part of America Business Forum, then the market resolves to Yes.
Video of the America Business Forum will be primarily used to resolve the market; if a consensus by Kalshi employees cannot be reached using video, transcripts of the America Business Forum will be used according to the news publications listed in the contract. The exact phrase/word, or a plural or possessive form of the phrase/word, must be used. Grammatical/tense inflections are otherwise not included. Please see full rules for more details. Previous clips or recordings aired during the event will not count. If this event is not opened for a live televised or streamed event this market will resolve to no.",Mentions,2025-11-06T20:41:27.660794Z,no,,KXDIMONMENTION,kalshi
KXNYCCOUNCIL38,Who will win the NYC City Council election in District 38?,"If Ling Ye wins the New York City Counil race for District 38 in 2025, then the market resolves to Yes.",Politics,2025-11-07T17:20:44.013306Z,no,,KXNYCCOUNCIL38,kalshi
KXADP,ADP employment change in Oct 2025?,"If the ADP Employment Change in Oct 2025 is above 50000, then the market resolves to Yes.",Economics,2025-11-05T13:14:00Z,no,,KXADP,kalshi
KXPRESTALKXI,When will Trump next talk with Xi Jinping?,"If the President and Xi Jinping speak before Sep 1, 2025, then the market resolves to Yes.",Politics,2025-06-05T20:45:46.692059Z,yes,,KXPRESTALKXI,kalshi
KXNCAAMBGAME,UMass Lowell at Wake Forest Winner?,"If UMass Lowell wins the UMass Lowell at Wake Forest men's college basketball game originally scheduled for Nov 16, 2025, then the market resolves to Yes.
The following market refers to the team who wins the UMass Lowell at Wake Forest men's college basketball game originally scheduled for Nov 16, 2025. If this game is postponed or delayed, the market will remain open and close after the rescheduled game has finished (within two weeks). If the cancelled game is not played or is rescheduled further than two weeks out, the market will resolve to a fair price for each team in accordance with the rules. Kalshi is not affiliated,  associated,  authorized, endorsed by, or in any way officially connected with the NCAA. All trademarks, logos, and brand names are the property of their respective owners.",Sports,2025-11-16T21:49:48.76161Z,no,,KXNCAAMBGAME,kalshi
KXAWARDSCOUNTWHI,The White Lotus  wins?,"If  The White Lotus has won exactly 22 awards at the 2025 Emmy Awards, then the market resolves to Yes.",Entertainment,2025-09-15T15:05:31.914469Z,no,,KXAWARDSCOUNTWHI,kalshi
KXHIGHCHI,"Will the high temp in Chicago be <64° on Nov 15, 2025?","If the highest temperature recorded at Chicago Midway, IL for November 15, 2025, is less than 64° according to the National Weather Service's Climatological Report (Daily), then the market resolves to Yes.
Not all weather data is the same. While checking a source like AccuWeather or Google Weather may help guide your decision, the official and final value used to determine this market is the highest temperature as reported by the corresponding NWS Climatological Report (Daily) linked in the rules above. Preliminary NWS reporting and measurement methods may be subject to underlying rounding and conversion nuances. Traders should exercise caution when interpreting preliminary NWS data.",Climate and Weather,2025-11-16T05:59:00Z,no,,KXHIGHCHI,kalshi
KXLALEADEROUT,Will Nicolás Maduro leave office next in this set?,"If President of Venezuela is the first leader among the above to leave office, then the market resolves to Yes.
An announcement that a leader will leave their position is not sufficient to resolve the Payout Criterion; the individual must actually leave and no longer hold the title. If any leader leaves solely because they have died, then all markets will resolve and the Exchange will determine the payouts to the holders of long and short positions based upon the last traded price (prior to the death) or another fair price.",Politics,2025-10-11T22:32:48.090389Z,no,,KXLALEADEROUT,kalshi
KXBILLS,"Will S.1582 - GENIUS Act law before Jan 1, 2026?","If S.1582 - GENIUS Act becomes law before Jan 1, 2026, then the market resolves to Yes.
This bill establishes a regulatory framework for payment stablecoins (digital assets which an issuer must redeem for a fixed value).",Politics,2025-07-21T18:13:29.180061Z,yes,,KXBILLS,kalshi
KXIRELANDPRES,Who will be elected President of Ireland in 2025?,"If Tommy Tiernan is elected President of Ireland in 2025, then the market resolves to Yes.",Politics,2025-10-26T04:03:50.703168Z,no,,KXIRELANDPRES,kalshi
KXTCJAPERMANENT,Will the Trump tax cut on the highest earners be extended before 2026?,"If a bill has become law before January 1, 2026 which extends the maximum individual tax rate of 37% past December 31, 2025, then the market resolves to Yes.",Politics,2025-07-07T19:53:01.347781Z,yes,,KXTCJAPERMANENT,kalshi
KXAPCALLNJGOV,Will the Associated Press (AP) call the 2025 New Jersey gubernatorial election before 9:30 PM ET?,"If the Associated Press (AP) makes its first definitive call of a winner for 2025 New Jersey gubernatorial election before 9:30 PM ET on Nov 4, 2025, then the market resolves to Yes.
The call must be an explicit declaration that a candidate, party, or option has won, will win, is projected to win, or equivalent clear language indicating the outlet has determined the winner. The call must appear on one of the outlet's primary platforms (main website, television broadcast, or official social media if that is their primary medium) and not be prefaced with qualifiers suggesting uncertainty such as ""appears to,"" ""likely to,"" ""probably,"" or ""may have."" The relevant time is when the call first becomes publicly visible on the outlet's platform, not when it may have been written, decided internally, or prepared for publication. If the call is later retracted, the market nonetheless resolves to Yes based on the initial call time. Preliminary exit polls, reporting of other outlets' calls, conditional statements, opinion pieces, and technical glitches do not qualify as definitive calls.",Elections,2025-11-05T03:40:58.074Z,yes,,KXAPCALLNJGOV,kalshi
KXCOACHOUTAUB,Which Auburn coachces will be out before 2026?,"If the head coach of Auburn football leaves, or announces they will leave, before Mar 1, 2026, then the market resolves to Yes.
Interim/temporary coaches are not included for purposes of this market.",Sports,2025-11-02T21:02:48.277287Z,yes,,KXCOACHOUTAUB,kalshi
KXODINVCTFINALS,Will all players purchase the Odin more than 3 times at VCT finals?,"If the Odin is purchased in total more than 3 times in VCT finals, then the market resolves to Yes.",Sports,2025-10-15T21:57:28.180811Z,yes,,KXODINVCTFINALS,kalshi
KXUCLTOTAL,Atalanta at Marseille: Totals,"If Atalanta and Marseille collectively score more than 3.5 total goals in the Atalanta at Marseille UCL soccer match originally scheduled for Nov 5, 2025, then the market resolves to Yes.",Sports,2025-11-05T22:11:16.661126Z,no,,KXUCLTOTAL,kalshi
KXNYCCOUNCIL21,Who will win the NYC City Council election in District 21?,"If Sandro Stefano Navarro wins the New York City Counil race for District 21 in 2025, then the market resolves to Yes.",Politics,2025-11-07T17:17:31.976378Z,no,,KXNYCCOUNCIL21,kalshi
KXEFLCHAMPIONSHIPGAME,Wrexham AFC vs Charlton Athletic Winner?,"If Wrexham AFC wins the Wrexham AFC vs Charlton Athletic professional EFL Championship soccer game originally scheduled for Nov 8, 2025 after 90 minutes plus stoppage time (does not include extra time or penalties), then the market resolves to Yes.
The following market refers to the Wrexham AFC vs Charlton Athletic professional EFL Championship soccer game originally scheduled for Nov 8, 2025 after 90 minutes plus stoppage time (does not include extra time or penalties). If the game ends in a tie, the market called ""Tie"" resolves to Yes. If the game is cancelled or rescheduled to over two weeks away, the market will resolve to a fair price in accordance with the rules.",Sports,2025-11-08T17:05:20.325267Z,yes,,KXEFLCHAMPIONSHIPGAME,kalshi
KXTOP10BILLBOARD,What artists will have a top 10 hit this year?,"If Kehlani has a top 10 song on the Billboard Hot 100 before Dec 27, 2025, then the market resolves to Yes.
**This market and these products have not been endorsed by Billboard. Any references to ""Billboard"", the ""Hot 100,"" or any other associated marks are descriptive only, and do not indicate an endorsement of this product or any affiliation between Billboard and Kalshi.** Features are encompassed by the Payout Criterion as long as they are credited by Billboard.",Entertainment,2025-11-03T19:34:37.044809Z,yes,,KXTOP10BILLBOARD,kalshi
KXAWARDSCOUNTLAS,The Last Of Us  wins?,"If  The Last Of Us has won exactly 9 awards at the 2025 Emmy Awards, then the market resolves to Yes.",Entertainment,2025-09-15T15:05:51.445931Z,no,,KXAWARDSCOUNTLAS,kalshi
KXKLARSTRIP,Will Klarna or Stripe IPO first?,"If Klarna confirms an IPO first, before Jan 1, 2040, then the market resolves to Yes.",Financials,2025-09-19T17:09:09.908601Z,yes,,KXKLARSTRIP,kalshi
KXGRAMMYNOMCOUNTKL,Number of Grammy Nominations at the 68th Grammy Awards for Kendrick Lamar?,"If Kendrick Lamar receives at least 8 Grammy Nominations at the 68th Grammy Awards, then the market resolves to Yes.",Sports,2025-11-07T21:32:04.535972Z,yes,,KXGRAMMYNOMCOUNTKL,kalshi
KXAPRPOTUS,Will the President's approval rating be above 44.3 according to RealClearPolitics?,"If the President's approval rating is above 44.3% at 11:00 AM ET on November 14, 2025 according to RealClearPolitics, then the market resolves to Yes.
The market will determine at 11:00 AM ET on November 14, 2025.",Politics,2025-11-14T16:00:00Z,no,,KXAPRPOTUS,kalshi
KXIPOSPACEX,When will SpaceX IPO?,"If SpaceX confirms an IPO before Sep 1, 2025, then the market resolves to Yes.
An IPO is confirmed if 1) the SEC declares the company's Form S-1 effective OR 2) the IPO is priced OR 3) a securities exchange has assigned a ticker to it. As long as any of those events occur, the market will immediately resolve to Yes, even if the company does not start trading until after Sep 1, 2025.",Economics,2025-09-01T03:59:00Z,no,,KXIPOSPACEX,kalshi
KXLTGOVVA,Will the Democratic party win the Lt. Gov race in Virginia?,"If a representative of the Democratic party is sworn in as the Lieutenant Governor of Virginia for the term beginning in 2026, then the market resolves to Yes.",Elections,2025-11-07T01:46:35.942843Z,yes,,KXLTGOVVA,kalshi
KXTOPSONGRECORDLUTHER,How long will luther (with sza) be #1?,"If luther (with sza) has had the #1 spot on the Billboard Hot 100 for more than 19 consecutive weeks, then the market resolves to Yes.
If this event occurs, or the streak ends, the market will close the following 10am ET. This market specifically encompasses the first streak luther (with sza) holds.",Entertainment,2025-05-27T19:35:05.655337Z,no,,KXTOPSONGRECORDLUTHER,kalshi
KXNEWPOPENAME,What will the next Pope's name be?,"If the next Pope's regnal name is Stephen, then the market resolves to Yes.",World,2025-05-08T17:27:50.357228Z,no,,KXNEWPOPENAME,kalshi
KXFUNDINGBILLS,"Will a bill containing two components: (1) A provision making temporary continuing appropriations to fund government agencies, and (2) a minibus making full-year appropriations for  Military Construction-VA, Legislative Branch, and Agriculture appropriations bills become law before Jan 1, 2026?","If a bill containing two components: (1) A provision making temporary continuing appropriations to fund government agencies, and (2) a minibus making full-year appropriations for  Military Construction-VA, Legislative Branch, and Agriculture appropriations bills has become law before Jan 1, 2026, then the market resolves to Yes.
The bill must pass the full chamber (not just committee) for House or Senate passage. For ""become law"" markets, the bill must be signed by the President or become law through veto override. Presidential pocket vetoes that expire resolve to No. Joint resolutions are treated as bills. Treaties require two-thirds Senate approval for passage. The market resolves based on the first occurrence of the specified milestone.",Politics,2025-11-13T03:38:53.707372Z,yes,,KXFUNDINGBILLS,kalshi
KXGRAMMYNOMROTY,2026 Grammy nominees for Record of the Year?,"If Parachute has been nominated for Record of the Year at the 68th Grammy Awards, then the market resolves to Yes.",Entertainment,2025-11-07T16:39:30.941913Z,no,,KXGRAMMYNOMROTY,kalshi
KXFEATURETAYLORSWIFT,Who will feature on The Life of a Showgirl?,"If Chappell Roan is featured on Taylor Swift's 'The Life of a Showgirl' before Jan 1, 2026, then the market resolves to Yes.",Entertainment,2025-10-03T19:36:30.465376Z,no,,KXFEATURETAYLORSWIFT,kalshi
KXCUOMOMENTION,What will Andrew Cuomo say during victory / concession speech?,"If Andrew Cuomo says Trump as part of victory / concession speech, then the market resolves to Yes.
Video of the victory / concession speech will be primarily used to resolve the market; if a consensus by Kalshi employees cannot be reached using video, transcripts of the victory / concession speech will be used according to the news publications listed in the contract. The exact phrase/word, or a plural or possessive form of the phrase/word, must be used. Grammatical/tense inflections are otherwise not included. Please see full rules for more details. For the purpose of this market, the event will count as both a victory or concession speech.",Mentions,2025-11-05T14:47:13.216419Z,no,,KXCUOMOMENTION,kalshi
KXGOLDENBACHELOR,Will Nicolle win The Golden Bachelor Season 2?,"If Nicolle is officially declared the winner of The Golden Bachelor Season 2 before May 31, 2026, then the market resolves to Yes.
The winner must be officially announced in the finale or via official channels immediately following. Multiple joint winners each resolve to Yes with split payouts ($1 divided by number of winners). If no winner is declared, all markets resolve to No. Winners who decline the award still count unless acceptance was a condition of victory. Disqualifications or withdrawals before the finale resolve to No. Later title stripping doesn't affect resolution - the original finale announcement governs. Fan favorite or other secondary awards don't count as winning. For couples/teams competitions, being part of the winning unit counts.",Entertainment,2025-11-13T16:56:12.879631Z,no,,KXGOLDENBACHELOR,kalshi
KXFLIGHTLAX,"Will there be more than 600 delays and cancellations at Los Angeles on November 13, 2025?","If FlightAware records that the total number of delays and cancellations at Los Angeles International Airport is above 600 on November 13, 2025, then the market resolves to Yes.
Please note that at the Source Agency link, the Underlying is the sum at the top, and not the values embedded in the table below.",Transportation,2025-11-14T04:59:00Z,no,,KXFLIGHTLAX,kalshi
KXIRISH1ROUND,Will anyone win 2025 Irish presidential election in the first round?,"If any candidate receives the required threshold of votes to be declared the winner after the first round of voting in 2025 Irish presidential election, eliminating the need for any subsequent rounds, runoffs, or instant-runoff tabulations, then the market resolves to Yes.
The market resolves to Yes if any candidate meets the legal threshold to avoid a second round. In two-round systems, this typically means receiving more than 50% of valid votes in the first round. In instant-runoff/ranked choice voting, this means a candidate received more than 50% of first-preference votes. Some elections use different thresholds (e.g., 40% with a 10-point lead, or 45%), in which case the applicable legal threshold applies. The determination is based solely on the first round/first count of votes, before any eliminations, transfers, or subsequent rounds. Blank votes, null votes, and invalid ballots are excluded unless electoral law specifically includes them. The market resolves once the relevant electoral body declares whether anyone won the first round.",Elections,2025-10-26T20:33:20.497336Z,yes,,KXIRISH1ROUND,kalshi
KXNFLWINS-NE,Will the New England pro football team win more than 15 times this season?,"If the New England pro football team has more than 15 wins in the 2025-26 regular season, then the market resolves to Yes.
Ties do not count as wins.",Sports,2025-09-23T14:28:20.961446Z,no,,KXNFLWINS-NE,kalshi
KXNFLWINS-LV,Will the Las Vegas pro football team win more than 16 times this season?,"If the Las Vegas pro football team has more than 16 wins in the 2025-26 regular season, then the market resolves to Yes.
Ties do not count as wins.",Sports,2025-09-23T16:16:02.527918Z,no,,KXNFLWINS-LV,kalshi
KXNASDAQ100,"Will the Nasdaq-100 be below 23700 at the end of Nov 14, 2025 at 4pm EST?","If the end-of-day Nasdaq 100 index value on November 14, 2025 is below 23700, then the market resolves to Yes.
The market will close on November 14, 2025. The market will expire at the sooner of the first release of the data, or one week after November 14, 2025.

Pursuant to the Kalshi Rulebook, the Exchange has modified the Source Agency and Underlying for indices markets. See the rules for more information.",Financials,2025-11-14T21:00:00Z,no,,KXNASDAQ100,kalshi
KXXAISUEAPPLE,Will xAI sue Apple before 2026?,"If X.AI Corp sues Apple Inc. before Jan 1, 2026, then the market resolves to Yes.
A lawsuit or some other formal adversarial legal process (such as pre-complaint discovery or an arbitration claim) is encompassed by the Payout Criterion.",Politics,2025-08-26T23:20:47.319192Z,yes,,KXXAISUEAPPLE,kalshi
KXBIDENNEBRASKA,"Will Joe Biden visit Nebraska before Nov 8, 2025?","If Joe Biden has physically travelled to and been present within the geographic boundaries of Nebraska before Nov 8, 2025, then the market resolves to Yes.
Physical presence within the geographic boundaries is required - flying over without landing, airport layovers where the person remains in the airplane or airport, virtual appearances, presence in international waters, or presence solely within embassy/consulate grounds do NOT count as visits. For cities, official municipal boundaries apply. For states/provinces, official boundaries apply. For countries, internationally recognized borders apply. International airports are considered within their host jurisdiction. Evidence must be reported by at least one Source Agency and may include official announcements, news reports with specific location details, verified photographs/videos at identifiable locations, flight records showing arrival, completed official schedules, or social media posts from official accounts. Visits that began before market issuance do not count. For multiple locations with OR logic, visiting any single location satisfies the criterion. For AND logic, all locations must be visited.",World,2025-11-08T05:21:11.489781Z,yes,,KXBIDENNEBRASKA,kalshi
KXETH,"Ethereum price at Nov 16, 2025 at 6pm EST?","If the simple average of the sixty seconds of CF Benchmarks' Ethereum Real-Time Index (ERTI) before 6 PM EST is below 2380 at 6 PM EST on Nov 16, 2025, then the market resolves to Yes.
Not all cryptocurrency price data is the same. While checking a source like Google or Coinbase may help guide your decision, the price used to determine this market is based on CF Benchmarks' corresponding Real Time Index (RTI). At the last minute before expiration, 60 RTI prices are collected. The official and final value is the average of these prices.",Crypto,2025-11-16T23:00:00Z,no,,KXETH,kalshi
KXNEXTCOMPANYSP500,Who will join the S&P 500 in the next batch?,"If The Trade Desk (TTD) joins the S&P 500 before Jan 1, 2026, then the market resolves to Yes.",Companies,2025-07-07T01:00:27.261343Z,no,,KXNEXTCOMPANYSP500,kalshi
KXOTEWALZ,Will Jeanne Shaheen vote for Mike Waltz?,"If Jeanne Shaheen votes Yea for Mike Waltz for U.S. Ambassador to the United Nations before Jan 1, 2026, then the market resolves to Yes.",Politics,2025-09-19T22:22:06.784209Z,yes,,KXOTEWALZ,kalshi
KXMUSKRECONCILIATION,When will Musk support the Republican spending bill?,"If Elon Musk supports the next Republican budget reconciliation bill before Jul 1, 2025, then the market resolves to Yes.",World,2025-07-01T03:59:00Z,no,,KXMUSKRECONCILIATION,kalshi
KXGRAMMYNOMSOTY,2026 Grammy nominees for Song of the Year?,"If True Believer has been nominated for Song of the Year at the 68th Grammy Awards, then the market resolves to Yes.",Entertainment,2025-11-07T17:06:19.071187Z,no,,KXGRAMMYNOMSOTY,kalshi
KXTOP202025,Artists hitting the Billboard top 20 this year?,"If Kehlani has a top 20 single on the Billboard Hot 100 by the Billboard issue for Dec 27, 2025, then the market resolves to Yes.
**This market and these products have not been endorsed by Billboard. Any references to ""Billboard"", the ""Hot 100,"" or any other associated marks are descriptive only, and do not indicate an endorsement of this product or any affiliation between Billboard and Kalshi.**",Entertainment,2025-10-08T18:56:24.081956Z,yes,,KXTOP202025,kalshi
KXNFLRECYDS,Tez Johnson records 60+ receiving yards,"If Tez Johnson records 60+ Receiving Yards in the Tampa Bay at Buffalo professional football game originally scheduled for Nov 16, 2025, then the market resolves to Yes.
The following market refers to a player in the Tampa Bay at Buffalo professional football game originally scheduled for Nov 16, 2025. If a player is active but never takes a snap, the market settles to the last fair market price before game start. Once a player takes at least one snap, even if nullified by penalty, the market settles based on Receiving Yards.",Sports,2025-11-16T21:49:53.056837Z,no,,KXNFLRECYDS,kalshi
KXHIGHLAX,"Will the **high temp in LA** be >67° on Nov 15, 2025?","If the highest temperature recorded in Los Angeles Airport, CA for November 15, 2025 as reported by the National Weather Service's Climatological Report (Daily), is greater than 67°, then the market resolves to Yes.
Not all weather data is the same. While checking a source like AccuWeather or Google Weather may help guide your decision, the official and final value used to determine this market is the highest temperature as reported by the corresponding NWS Climatological Report (Daily) linked in the rules above. Preliminary NWS reporting and measurement methods may be subject to underlying rounding and conversion nuances. Traders should exercise caution when interpreting preliminary NWS data.",Climate and Weather,2025-11-16T07:59:00Z,no,,KXHIGHLAX,kalshi
KXNFLWINS-PIT,Will the Pittsburgh pro football team win more than 15 times this season?,"If the Pittsburgh pro football team has more than 15 wins in the 2025-26 regular season, then the market resolves to Yes.
Ties do not count as wins.",Sports,2025-10-17T07:00:55.575117Z,no,,KXNFLWINS-PIT,kalshi
KXDWARKESH,"Will Andrej Karpathy go on the Dwarkesh Podcast before Jan 1, 2026?","If Andrej Karpathy goes on the Dwarkesh Podcast between Dec 7, 2024 and Jan 1, 2026, then the market resolves to Yes.",Entertainment,2025-10-20T14:05:16.767461Z,yes,,KXDWARKESH,kalshi
KXMASSIEDISCHARGE,Will Republican provide the 218 signature on Massie discharge petition on Epstein files?,"If a Republican has signed Discharge Petition No. 9 for H.Res. 581 (Massie discharge petition on Epstein files) as the 218th signature before Jan 1, 2026, then the market resolves to Yes.
A signature occurs when the Member's name appears on the official list maintained by the Clerk of the U.S. House of Representatives. The signature must be recorded and published in accordance with House rules. If a Member signs and then withdraws their signature before or after the petition reaches 218 signatures, this still satisfies the signing requirement. Non-voting Delegates and the Resident Commissioner cannot sign discharge petitions. Party affiliation is determined at the time of signing. If a Member dies or resigns after signing, their signature remains valid unless removed by their successor. For ordinal signature markets (e.g., ""Who will provide the 218th signature?""), the market resolves based on which party the Member providing that specific numbered signature belongs to.",Politics,2025-11-12T21:37:14.848053Z,no,,KXMASSIEDISCHARGE,kalshi
KXGROENSEATS,Will GroenLinks–PvdA win below 20 seats in 2025 Dutch general election?,"If GroenLinks–PvdA has won below 20 seats in 2025 Dutch general election, then the market resolves to Yes.
A seat is considered ""won"" when a candidate affiliated with the specified party has been declared elected by the relevant electoral authority and either the time for legal challenges has expired, challenges have been resolved, or the member has taken their seat. Party affiliation is determined by the party under whose banner the candidate was elected, regardless of subsequent changes. The count is determined when the new legislature takes their seats, even if some seats remain vacant or challenged. If the election is postponed beyond one year from the original date or cancelled entirely, the market resolves to the last fair market price. Only seats actually contested and filled are counted in partial elections. By-elections after the main election are included only if seated simultaneously with the rest of the legislature.",Elections,2025-11-07T22:19:40.318666Z,no,,KXGROENSEATS,kalshi
KXDOGEDONE,When will DOGE be killed or renamed?,"If the Department of Government Efficiency is re-named, dissolved, or terminated as an independent organization before Jul 1, 2025, then the market resolves to Yes.",Politics,2025-07-01T03:59:00Z,no,,KXDOGEDONE,kalshi
KXIPOKLARNA,When will Klarna IPO?,"If Klarna confirms an IPO before Mar 1, 2027, then the market resolves to Yes.
An IPO is confirmed if 1) the SEC declares the company's Form S-1 effective OR 2) the IPO is priced OR 3) a securities exchange has assigned a ticker to it. As long as any of those events occur, the market will immediately resolve to Yes, even if the company does not start trading until after Mar 1, 2027.",Economics,2025-09-02T16:02:09.828438Z,yes,,KXIPOKLARNA,kalshi
KXJAMAICANHOR,Who will win Jamaica House of Representatives?,"If the winner of Jamaica House of Representatives expected to be held in 2026 at the latest is JPP, then the market resolves to Yes.
For presidential elections, the relevant question is whether the person wins the election, regardless of their partisan affiliation. For legislative elections, the relevant question is whether the party or alliance wins more seats than any other party or alliance.",Elections,2025-09-22T03:07:31.97308Z,no,,KXJAMAICANHOR,kalshi
KXNYCCOUNCIL2,Who will win the NYC City Council election in District 2?,"If Sarah Batchu wins the New York City Counil race for District 2 in 2025, then the market resolves to Yes.",Politics,2025-11-07T17:09:07.991969Z,no,,KXNYCCOUNCIL2,kalshi
KXROMANIATOP,Will Nicolae Ciuca be 1st in the next Romanian presidential election first round?,"If Nicolae Ciuca receives more votes than any other candidate in the next first round of the Romanian presidential election, then the market resolves to Yes.",Elections,2025-05-08T16:45:12.786768Z,no,,KXROMANIATOP,kalshi
KXTARIFFPHARMA,Will the U.S. impose tariffs on pharmaceuticals from any country in Sep 2025-Sep 2026?,"If the President of the United States has imposed any new (or increased) tariffs in September 2025 on pharmaceuticals of any country, then the market resolves to Yes.
The tariffs must be imposed through executive actions including bills signed by the President or actions by the Department of Commerce. The tariffs must be in effect for at least some businesses during the specified period to qualify. Conditional tariffs (e.g., ""Tariffs will be imposed if..."") do not satisfy the criterion until they are actually imposed. The market resolves based on tariffs that are announced and take effect, not merely proposed or threatened. Increases to existing tariff rates count as new tariffs. Tariffs can be sector-specific or apply broadly. Trade blocs like the European Union can be specified as the country. ""Any country"" or ""any sector"" options resolve to Yes if tariffs are imposed on at least one country or sector respectively.",Politics,2025-10-01T14:25:44.086138Z,no,,KXTARIFFPHARMA,kalshi
KXMAYORMINN,Who will win Minneapolis Mayoral Election?,"If Jazz Hampton wins Minneapolis Mayoral Election in 2025, then the market resolves to Yes.",Elections,2025-11-07T21:56:02.235594Z,no,,KXMAYORMINN,kalshi
KXKOREABAN,Will Korean opposition leader Lee Jae-myung be banned again from running in the next presidential election?,"If Lee Jae-myung has been banned from running in the next presidential election before Jan 1, 2026, then the market resolves to Yes.",Politics,2025-06-20T19:55:02.796863Z,no,,KXKOREABAN,kalshi
KXCDASEATS,Will Christian Democratic Appeal (CDA) win between 25 and 29 seats in 2025 Dutch general election?,"If Christian Democratic Appeal (CDA) has won between 25 to 29 seats in 2025 Dutch general election, then the market resolves to Yes.
A seat is considered ""won"" when a candidate affiliated with the specified party has been declared elected by the relevant electoral authority and either the time for legal challenges has expired, challenges have been resolved, or the member has taken their seat. Party affiliation is determined by the party under whose banner the candidate was elected, regardless of subsequent changes. The count is determined when the new legislature takes their seats, even if some seats remain vacant or challenged. If the election is postponed beyond one year from the original date or cancelled entirely, the market resolves to the last fair market price. Only seats actually contested and filled are counted in partial elections. By-elections after the main election are included only if seated simultaneously with the rest of the legislature.",Elections,2025-11-07T22:18:57.744318Z,no,,KXCDASEATS,kalshi
KXTOPSONGRECORDMANCHILD,How long will Manchild be #1?,"If Manchild has had the #1 spot on the Billboard Hot 100 for more than 9 consecutive weeks, then the market resolves to Yes.
**This market and these products have not been endorsed by Billboard. Any references to ""Billboard"", the ""Hot 100,"" or any other associated marks are descriptive only, and do not indicate an endorsement of this product or any affiliation between Billboard and Kalshi.** If this event occurs, or the streak ends, the market will close the following 10am ET. This market specifically encompasses the first streak Manchild holds.",Entertainment,2025-06-24T17:15:13.025402Z,no,,KXTOPSONGRECORDMANCHILD,kalshi
KXFERT,How high will the price of fertilizer get this year?,"If the average price of Urea (46-0-0) fertilizer in dollars per ton according to the United States Department of Agriculture’s Illinois Production Cost Reports is above $550 before January 01, 2026, then the market resolves to Yes.",Economics,2025-07-02T16:54:39.691882Z,yes,,KXFERT,kalshi
KXEPLSPREAD,Manchester City wins by over 2.5 goals?,"If Manchester City wins by more than 2.5 goals in the Liverpool at Manchester City EPL soccer match originally scheduled for Nov 9, 2025, then the market resolves to Yes.",Sports,2025-11-09T18:29:47.737534Z,yes,,KXEPLSPREAD,kalshi
KXGPTFEES,"Will ChatGPT have transaction fees before Jan 1, 2026?","If ChatGPT has implemented transaction fees before Jan 1, 2026, then the market resolves to Yes.
The function must be live and processing user interactions, not labeled as beta/test/experimental, and officially acknowledged by the company through announcements or documentation. Implementation includes direct integration into the product's interface, automatic application to user accounts, user-initiated activation through official controls, API implementation, or policy changes that operationally enforce the function. Announcements without deployment, employee-only testing, technical documentation without implementation, and third-party additions without authorization do not qualify. The implementation must occur in the United States unless otherwise specified.",Science and Technology,2025-10-03T15:51:06.089892Z,yes,,KXGPTFEES,kalshi
KXTRUMPNOMMAX,Will Michael Kratsios get the most votes of any Trump Cabinet nominee?,"If Michael Kratsios has received the most votes of any of Trump's Cabinet nominees, then the market resolves to Yes.
If no vote count is recorded for a given nominee, then that will not be counted. Once each position has had someone confirmed/appointed to the position, then the market will Expire. If nominees tie, then the nominee who was confirmed first will resolve to Yes and the others will resolve to No. 

For purposes of this Contract, the Cabinet-level positions are the heads of the 15 government agencies in the Cabinet as of Issuance, as well the Administrator of the EPA, Director of National Intelligence, Director of OMB, Director of CIA, United States Trade Representative, Ambassador to the UN, Chair of the Council of Economic Advisers, Administrator of the SBA, and Director of OSTP.",Politics,2025-09-22T22:04:00.33685Z,no,,KXTRUMPNOMMAX,kalshi
KXFLIGHTLAX,"Will there be more than 800 delays and cancellations at Los Angeles on November 13, 2025?","If FlightAware records that the total number of delays and cancellations at Los Angeles International Airport is above 800 on November 13, 2025, then the market resolves to Yes.
Please note that at the Source Agency link, the Underlying is the sum at the top, and not the values embedded in the table below.",Transportation,2025-11-14T04:59:00Z,no,,KXFLIGHTLAX,kalshi
KXNEWVIDEODOBRIK,Will David Dobrik post a new video on YouTube this year?,"If David Dobrik publishes a new YouTube video before Jan 1, 2026, then the market resolves to Yes.
New re-uploads of old videos are not encompassed.",Social,2025-07-16T01:00:57.827421Z,yes,,KXNEWVIDEODOBRIK,kalshi
KXNFLWINS-JAC,Will the Jacksonville pro football team win more than 16 times this season?,"If the Jacksonville pro football team has more than 16 wins in the 2025-26 regular season, then the market resolves to Yes.
Ties do not count as wins.",Sports,2025-09-23T16:10:08.696164Z,no,,KXNFLWINS-JAC,kalshi
KXCSGOGAME,Will Vitality win the Team Falcons vs. Vitality match?,"If Vitality wins the BLAST Rivals 2025: Team Falcons vs. Vitality Counter Strike match originally scheduled for Nov 15, 2025, then the market resolves to Yes.",Sports,2025-11-15T14:40:53.968863Z,no,,KXCSGOGAME,kalshi
KXEPSTEINLIST,Who will be named in Epstein documents released in 2025?,"If Tom Hanks is named in any context in any documents held by the federal government directly regarding Jeffrey Epstein and/or his crimes released before Jan 1, 2026, then the market resolves to Yes.
The context in which the subject appears does not matter for resolution. The subject is considered to appear in the documents when either the exact term, phrase, or name specified appears in the content of the documents, or the subject is present by way of commonly used abbreviation, direct synonym, or unmistakable reference including in any official appendices, footnotes, or tables. The documents must be publicly released after Issuance and before the end date. The documents directly issued and officially published by the relevant institution or entity, leaks of the documents, and media coverage by Source Agencies count, unless otherwise specified by the Exchange. If the documents are revised after publication, all publicly released versions prior to Expiration will be used. If a correction or update nullifies the appearance of the subject, the market may still resolve to Yes based on original reporting. The release time of the documents is noted to be when the documents are made available to the public either directly or through third-party media reports. If a document is heavily redacted, only visible, legible, and unambiguous references count.",Politics,2025-11-14T00:35:18.680807Z,yes,,KXEPSTEINLIST,kalshi
KXNFLMENTION,What will Joe Buck and/or Troy Aikman say during Philadelphia at Green Bay pro football game commentary?,"If Joe Buck and/or Troy Aikman says Snow / Snowing as part of Philadelphia at Green Bay pro football game commentary, then the market resolves to Yes.
Video of the Philadelphia at Green Bay pro football game commentary will be primarily used to resolve the market; if a consensus by Kalshi employees cannot be reached using video, transcripts of the Philadelphia at Green Bay pro football game commentary will be used according to the news publications listed in the contract. The exact phrase/word, or a plural or possessive form of the phrase/word, must be used. Grammatical/tense inflections are otherwise not included. Please see full rules for more details. Commentary will count once kick off has occurred and end once the game has concluded. Should the game go into overtime, the commentary will continue to count until the game has ended.",Mentions,2025-11-11T15:00:00Z,no,,KXNFLMENTION,kalshi
KXCOMPANYACTIONYOUTUBE,"Will YouTube TV announce reinstated streaming contract with Disney before Nov 24, 2025?","If YouTube TV officially announces a reinstated streaming contract with Disney before Nov 24, 2025, then the market resolves to Yes.
The announcement must be made through official company channels including press releases, SEC filings (8-K, 10-K, 10-Q), earnings calls, investor presentations, verified social media accounts, or official statements to media subsequently confirmed by the company. CEO statements through official channels qualify. Rumors, speculation, unconfirmed reports, leaked information, third-party announcements without company confirmation, and preliminary discussions do not qualify. The announcement must occur after market issuance. Companies are tracked through rebranding and name changes representing the same business entity.",Companies,2025-11-15T03:58:40.389257Z,yes,,KXCOMPANYACTIONYOUTUBE,kalshi
KXRWAMCAPAVAX,"Will RWA market cap on Avalanche be above $600 on Jan 1, 2026?","If the total RWA market cap on Avalanche is above 600 at 10:00 AM ET on Jan 1, 2026, then the market resolves to Yes.
The market measures the total market capitalization in USD of all Real World Asset tokens on the specified blockchain, including all layers, subnets, parachains, or equivalent network divisions, as calculated by DeFiLlama at 10:00 AM ET on the measurement date. If DeFiLlama data is unavailable at the specified time, the last available value will be used. The blockchain must be actively tracked by DeFiLlama with RWA data available.",Crypto,2025-10-24T23:03:25.956978Z,yes,,KXRWAMCAPAVAX,kalshi
KXSPOTIFYALBUMRELEASEDATEKANYE,"Will Kanye West / Ye release BULLY before Nov 8, 2025?","If Kanye West / Ye releases an album titled 'BULLY' on Spotify before Nov 8, 2025, then the market resolves to Yes.",Entertainment,2025-11-08T15:00:00Z,no,,KXSPOTIFYALBUMRELEASEDATEKANYE,kalshi
KXSNLHOST,Who will host Saturday Night Live Season 51?,"If Glen Powell hosts an episode of Saturday Night Live Season 51, then the market resolves to Yes.",Entertainment,2025-10-27T01:40:18.321487Z,yes,,KXSNLHOST,kalshi
KXFERTILITYSK,Will South Korean fertility drop again in 2024?,"If the total fertility rate for South Korea in 2024 is lower than the previous year, then the market resolves to Yes.
The total fertility rate in South Korea in 2023 was 0.72.",World,2025-10-22T18:34:38.867309Z,no,,KXFERTILITYSK,kalshi
KXNEURALINKCOUNT,How many people will Neuralink have implanted in 2025?,"If at least 10 persons have received Neuralink brain-computer interface implants before Jan 1, 2026, then the market resolves to Yes.",Health,2025-10-01T16:02:55.358316Z,yes,,KXNEURALINKCOUNT,kalshi
KXTOPALBUMMORGANWALLEN,Morgan Wallen has a #1 album in 2025?,"If Morgan Wallen has a #1 album on the Billboard 200 by Dec 31, 2025, then the market resolves to Yes.",Entertainment,2025-05-28T17:09:04.127306Z,yes,,KXTOPALBUMMORGANWALLEN,kalshi
KXIEMCHEN,Will Vitality win IEM Chengdu 2025 Winner?,"If Vitality wins IEM Chengdu 2025, then the market resolves to Yes.",Sports,2025-11-10T16:07:06.800539Z,no,,KXIEMCHEN,kalshi
KXNGUARDCITY,What cities will Trump send the National Guard to in 2025?,"If the National Guard is deployed to Memphis before Jan 1, 2026, then the market resolves to Yes.",Politics,2025-10-10T22:53:51.860699Z,yes,,KXNGUARDCITY,kalshi
KXINDEXADD,What companies will be added to the S&P 500 in 2025?,"If AppLovin (APP) is added to the S&P 500 before Jan 1, 2026, then the market resolves to Yes.",World,2025-09-11T08:30:47.514869Z,yes,,KXINDEXADD,kalshi
KXSHIBA,"Shiba Inu price range  on Nov 16, 2025?","If the simple average of the 60 seconds of CF Benchmarks' Shiba Inu-Dollar Spot Rate (SHIBUSD_RTI) before 5 PM EST is below 0.000000500 at 5 PM EST on Nov 16, 2025, then the market resolves to Yes.
Not all cryptocurrency price data is the same. While checking a source like Google or Coinbase may help guide your decision, the price used to determine this market is based on CF Benchmarks' corresponding Real Time Index (RTI). At the last minute before expiration, 60 RTI prices are collected. The official and final value is the average of these prices.",Crypto,2025-11-16T22:00:00Z,no,,KXSHIBA,kalshi
KXTOPALBUMSTRAYKIDS,Stray Kids has a #1 album in 2025?,"If Stray Kids has a #1 album on the Billboard 200 by Dec 27, 2025, then the market resolves to Yes.
**This market and these products have not been endorsed by Billboard. Any references to ""Billboard"", the ""Hot 100,"" or any other associated marks are descriptive only, and do not indicate an endorsement of this product or any affiliation between Billboard and Kalshi.** For the purposes of this market, the last Billboard chart that will be included is the one published for Dec 27, 2025.",Entertainment,2025-09-03T14:51:32.801334Z,yes,,KXTOPALBUMSTRAYKIDS,kalshi
KXIRACUTS,"How much will the Republican reconcilliation bill cut the Inflation Reduction Act's Energy, Production, and Manufacturing Credits?","If the first budget reconciliation bill to become law before Jan 1, 2027 cuts at least $500 billion from the IRA's Subtitle D tax credits related to energy, production, and manufacturing, then the market resolves to Yes.",Politics,2025-07-07T22:31:12.831662Z,no,,KXIRACUTS,kalshi
KXNYCCOUNCIL4,Who will win the NYC City Council election in District 4?,"If Vanessa Aronson wins the New York City Counil race for District 4 in 2025, then the market resolves to Yes.",Politics,2025-11-07T17:12:49.335584Z,no,,KXNYCCOUNCIL4,kalshi
KXFOXONE,When will Fox Corporation release Fox One to the public?,"If Fox Corporation releases Fox One to the public before Sep 30, 2025, then the market resolves to Yes.",Companies,2025-08-21T15:00:31.633733Z,yes,,KXFOXONE,kalshi
KXCS2MAP,Will Spirit win BLAST Rivals 2025 Season 2: Spirit vs. Vitality?,"If Spirit wins BLAST Rivals 2025 Season 2: Spirit vs. Vitality Map 1, then the market resolves to Yes.",Sports,2025-11-14T16:41:12.738636Z,yes,,KXCS2MAP,kalshi
KXGRAMMYNOMCOUNTLG,Number of Grammy Nominations at the 68th Grammy Awards for Lady Gaga?,"If Lady Gaga receives at least 8 Grammy Nominations at the 68th Grammy Awards, then the market resolves to Yes.",Sports,2025-11-07T21:36:46.125264Z,no,,KXGRAMMYNOMCOUNTLG,kalshi
KXSECPRESSMENTION,Will the White House Press Secretary say Sanction at her next press briefing?,"If the White House Press Secretary says Sanction at the next Press Briefing by the White House Press Secretary (does not include gaggles), then the market resolves to Yes.
Video of the next Press Briefing by the White House Press Secretary (does not include gaggles) will be primarily used to resolve the market; if a consensus by Kalshi employees cannot be reached using video, transcripts of the next Press Briefing by the White House Press Secretary (does not include gaggles) will be used according to the news publications listed in the contract. The exact phrase/word, or a plural or possessive form of the phrase/word, must be used. Grammatical/tense inflections are otherwise not included. Please see full rules for more details.",Politics,2025-06-27T21:13:50.054309Z,no,,KXSECPRESSMENTION,kalshi
KXUNAMB,"Will Mike Waltz be confirmed as Ambassador to the United Nations by Dec 31, 2026?","If Mike Waltz is the first person confirmed by the Senate to be Ambassador to the United Nations between Issuance and December 31, 2026, then the market resolves to Yes.",Politics,2025-09-22T02:49:17.13466Z,yes,,KXUNAMB,kalshi
KXOTEWALZ,Will Rand Paul vote for Mike Waltz?,"If Rand Paul votes Yea for Mike Waltz for U.S. Ambassador to the United Nations before Jan 1, 2026, then the market resolves to Yes.",Politics,2025-09-19T22:22:53.910477Z,no,,KXOTEWALZ,kalshi
KXTOPALBUMTYLERTHECREATOR,"Tyler, The Creator has a #1 album in 2025?","If Tyler, The Creator has a #1 album on the Billboard 200 by Dec 27, 2025, then the market resolves to Yes.
**This market and these products have not been endorsed by Billboard. Any references to ""Billboard"", the ""Hot 100,"" or any other associated marks are descriptive only, and do not indicate an endorsement of this product or any affiliation between Billboard and Kalshi.** For the purposes of this market, the last Billboard chart that will be included is the one published for Dec 27, 2025.",Entertainment,2025-07-29T14:24:04.226832Z,yes,,KXTOPALBUMTYLERTHECREATOR,kalshi
KXUSDHVOTE,Will Multiple teams win the Hyperliquid validator vote for the USDH ticker?,"If Multiple teams is selected through the Hyperliquid validator vote to receive the USDH ticker designation before Jan 1, 2026, then the market resolves to Yes.
Resolution is based on which team receives the most stake-weighted validator votes during the official voting period. If Hyperliquid Foundation validators abstain and align with the non-Foundation majority, their stake counts toward the team with the most non-Foundation support. If no team receives votes or the vote is cancelled, all markets resolve to No unless ""None/No team selected"" is listed. Ties resolve to No unless Hyperliquid implements an official tiebreaker. Only the initial official announcement determines resolution; subsequent disputes or reversals after expiration do not affect the outcome.",Crypto,2025-09-26T16:32:57.008882Z,no,,KXUSDHVOTE,kalshi
KXCOMMISHCBP,When will Trump's nominee for U.S. Customs & Border Protection be confirmed?,"If Rodney Scott is the first person confirmed by the Senate to be the Commissioner of U.S. Customs & Border Protection before Oct 1, 2025, then the market resolves to Yes.",Politics,2025-06-25T17:30:32.602259Z,yes,,KXCOMMISHCBP,kalshi
KXSHIBAD,"Shiba Inu price  on Nov 16, 2025?","If the simple average of the 60 seconds of CF Benchmarks' Shiba Inu-Dollar Spot Rate (SHIBUSD_RTI) before 5 PM EST is above 0.000017999 at 5 PM EST on Nov 16, 2025, then the market resolves to Yes.
Not all cryptocurrency price data is the same. While checking a source like Google or Coinbase may help guide your decision, the price used to determine this market is based on CF Benchmarks' corresponding Real Time Index (RTI). At the last minute before expiration, 60 RTI prices are collected. The official and final value is the average of these prices.",Crypto,2025-11-16T22:00:00Z,no,,KXSHIBAD,kalshi
KXCOLLEGEDROP,Will Stanford drop in national university rankings?,"If Stanford drops in the rankings, then the market resolves to Yes.
All that matters is the rank associated with the college/university -- even if a single university goes from being alone in first place to being tied for first place, that is not a drop in ranking. The 2026 Best National University Rankings are expected to be released in September 2025.",Education,2025-09-23T23:41:58.243512Z,no,,KXCOLLEGEDROP,kalshi
KXNFLWINS-NO,Will the New Orleans pro football team win more than 9 times this season?,"If the New Orleans pro football team has more than 9 wins in the 2025-26 regular season, then the market resolves to Yes.
Ties do not count as wins.",Sports,2025-11-03T08:01:57.841393Z,no,,KXNFLWINS-NO,kalshi
KXEARNINGSMENTIONNBIS,What will Nebius Group N.V. say during their next earnings call?,"If TripleTen / Triple Ten is said by any Nebius Group N.V. representative (including the operator of the call) during the next Nebius Group N.V. earnings call (including the Q+A), then the market resolves to Yes.
Video of the Nebius Group N.V. earnings call will be primarily used to resolve the market; if a consensus by Kalshi employees cannot be reached using video, transcripts of the Nebius Group N.V. earnings call will be used according to the news publications listed in the contract. The exact phrase/word, or a plural or possessive form of the phrase/word, must be used. Grammatical/tense inflections are otherwise not included. Please see full rules for more details.",Companies,2025-11-11T21:13:15.640085Z,no,,KXEARNINGSMENTIONNBIS,kalshi
KXEARNINGSMENTIONPYPL,"What will PayPal Holdings, Inc. say during their next earnings call?","If Stablecoin / Stable Coin is said by any PayPal Holdings, Inc. representative (including the operator of the call) during the next PayPal Holdings, Inc. earnings call (including the Q+A), then the market resolves to Yes.
Video of the PayPal Holdings, Inc. earnings call will be primarily used to resolve the market; if a consensus by Kalshi employees cannot be reached using video, transcripts of the PayPal Holdings, Inc. earnings call will be used according to the news publications listed in the contract. The exact phrase/word, or a plural or possessive form of the phrase/word, must be used. Grammatical/tense inflections are otherwise not included. Please see full rules for more details.",Companies,2025-10-28T22:26:42.876999Z,yes,,KXEARNINGSMENTIONPYPL,kalshi
KXACQUIREPUMPFUN,Will pump.fun announces an acquisition of any company in 2025?,"If pump.fun announces an acquisition of any company  after issuance and before Jan 1, 2026, then the market resolves to Yes.
The deal need not close; it needs only be announced.",Financials,2025-11-06T20:48:02.477605Z,yes,,KXACQUIREPUMPFUN,kalshi
KXMAYORNYCPARTY,Will a representative of the Jim Walden party win the NYC Mayor race in 2025?,"If Jim Walden wins the NYC Mayoral election on Nov 4, 2025, then the market resolves to Yes.",Politics,2025-11-07T03:18:58.747249Z,no,,KXMAYORNYCPARTY,kalshi
KXELECTIONMOVIRELAND,Will Catherine Connolly win by between 30% and 100% of votes in the final round of the 2025 Irish presidential election?,"If the margin of victory for Catherine Connolly in the final round of the 2025 Irish presidential election in Ireland falls within between 30% and 100% percentage points, inclusive of both endpoints, then the market resolves to Yes.
The margin of victory is calculated based on the margin type specified. For percentage points: the difference between the candidate's vote share and their closest competitor's share. For raw votes: the difference in total vote counts. For electoral votes: the difference in electoral votes won. Positive margins indicate the candidate won, negative margins indicate they lost, and zero indicates a tie. For uncontested races, the margin is 100 percentage points or total votes cast. Write-in votes are aggregated as a single candidate if not individually reported. Only certified results are used for resolution. If the election is cancelled, postponed beyond expiration, or no certified results are available, all markets resolve to No. Recounts that change the certified margin before expiration use the most recent certified results.",Elections,2025-10-27T21:23:46.603655Z,yes,,KXELECTIONMOVIRELAND,kalshi
KXMLBSERIESEXACT,Will the series result in Toronto win 4-2 in the Los Angeles D vs Toronto Series (Starting Oct 24),"If the professional baseball Los Angeles D vs Toronto Series starting October 24, 2025 results in the following series record: Toronto win 4-2, then the market resolves to Yes.",Sports,2025-11-02T04:35:31.987862Z,no,,KXMLBSERIESEXACT,kalshi
KXEARNINGSMENTIONROKU,"What will Roku, Inc. say during their next earnings call?","If Tariff is said by any Roku, Inc. representative (including the operator of the call) during the next Roku, Inc. earnings call (including the Q+A), then the market resolves to Yes.
Video of the Roku, Inc. earnings call will be primarily used to resolve the market; if a consensus by Kalshi employees cannot be reached using video, transcripts of the Roku, Inc. earnings call will be used according to the news publications listed in the contract. The exact phrase/word, or a plural or possessive form of the phrase/word, must be used. Grammatical/tense inflections are otherwise not included. Please see full rules for more details.",Companies,2025-10-31T01:11:01.162244Z,no,,KXEARNINGSMENTIONROKU,kalshi
KXFEDGOVMENTION,What will Philip Jefferson say during speech at Euro20+?,"If Philip Jefferson says Robot / Robotic as part of speech at Euro20+, then the market resolves to Yes.
Video of the speech at Euro20+ will be primarily used to resolve the market; if a consensus by Kalshi employees cannot be reached using video, transcripts of the speech at Euro20+ will be used according to the news publications listed in the contract. The exact phrase/word, or a plural or possessive form of the phrase/word, must be used. Grammatical/tense inflections are otherwise not included. Please see full rules for more details. For the purpose of this market, Q&A will count.",Mentions,2025-11-07T21:15:48.791284Z,no,,KXFEDGOVMENTION,kalshi
KXIPO,Who will IPO in 2025?,"If Klarna Bank AB confirms an IPO before Jan 1, 2026, then the market resolves to Yes.
An IPO is confirmed if 1) the SEC declares the company's Form S-1 effective OR 2) the IPO is priced OR 3) a securities exchange has assigned a ticker to it. As long as any of those events occur, the market will immediately resolve to Yes, even if the company does not start trading until after Jan 1, 2026.",Companies,2025-09-02T15:46:19.812995Z,yes,,KXIPO,kalshi
KXMCMORTALKOMBAT,Mortal Kombat: Legacy Kollection Metacritic score?,"If the Metascore for Mortal Kombat: Legacy Kollection is above 89 seven days after release at 10:00AM ET, then the market resolves to Yes.
UPDATE 4/29/25: We have filed an amendment effective 5/12, that will extend the determination date to seven days after release, from three days out previously.",Entertainment,2025-11-06T14:00:00Z,no,,KXMCMORTALKOMBAT,kalshi
KXNFLRSHYDS,Rachaad White records 70+ rushing yards,"If Rachaad White records 70+ Rushing Yards in the Tampa Bay at Buffalo professional football game originally scheduled for Nov 16, 2025, then the market resolves to Yes.
The following market refers to a player in the Tampa Bay at Buffalo professional football game originally scheduled for Nov 16, 2025. If a player is active but never takes a snap, the market settles to the last fair market price before game start. Once a player takes at least one snap, even if nullified by penalty, the market settles based on Rushing Yards.",Sports,2025-11-16T21:39:55.913486Z,no,,KXNFLRSHYDS,kalshi
KXNCAAFGAME,Boise St. at San Diego St. Winner?,"If Boise St. wins the Boise St. at San Diego St. college football game originally scheduled for Nov 15, 2025, then the market resolves to Yes.
The following market refers to the team who is the winner (or participant awarded a tie) in the Boise St. at San Diego St. college football game originally scheduled for Nov 15, 2025. If this game is postponed or delayed, the market will remain open and close after the rescheduled game has finished (within two weeks). If the cancelled game is not played or is rescheduled further than two weeks out, the market will resolve to a fair price for each team in accordance with the rules. If the game is declared a tie, the market will resolve to 50/50 for both teams.",Sports,2025-11-16T06:39:33.204382Z,no,,KXNCAAFGAME,kalshi
KXNEXTCOACHOUTNBA,Who will be the next coach out in pro men's basketball?,"If the head coach of San Antonio leaves (or announces they will leave) before any other head coach before Jan 1, 2027, then the market resolves to Yes.
Interim/temporary coaches are not considered for the purposes of this market.",Sports,2025-11-15T16:23:34.210407Z,no,,KXNEXTCOACHOUTNBA,kalshi
KXMILSPEND,Will Trump propose reducing military spending?,"If the National Defense Topline budget in the first official budget proposal released by the White House Office of Management and Budget (OMB) for fiscal year 2026 is less than $895.2 billion, then the market resolves to Yes.
If no such budget is released before 2026, then the market resolves. toNo.",Politics,2025-08-19T19:58:44.978181Z,no,,KXMILSPEND,kalshi
KXMUSKTAGDJT,Will Elon Musk tag Donald Trump in a post on X in Nov 2025?,"If elonmusk tags realdonaldtrump in a post on X starting || open date || and before Dec 1, 2025, then the market resolves to Yes.",Social,2025-11-13T19:22:11.711285Z,yes,,KXMUSKTAGDJT,kalshi
KXAPRPOTUS,Will the President's approval rating be between 44.0 and 44.3 according to RealClearPolitics?,"If the President's approval rating is between 44.0 and 44.3% at 11:00 AM ET on November 14, 2025 according to RealClearPolitics, then the market resolves to Yes.
The market will determine at 11:00 AM ET on November 14, 2025.",Politics,2025-11-14T16:00:00Z,no,,KXAPRPOTUS,kalshi
KXFIFAGAME,Italy vs Norway Winner?,"If Norway wins the Italy vs Norway professional FIFA World Cup Qualifiers soccer game originally scheduled for Nov 16, 2025 after 90 minutes plus stoppage time (does not include extra time or penalties), then the market resolves to Yes.
The following market refers to the Italy vs Norway professional FIFA World Cup Qualifiers soccer game originally scheduled for Nov 16, 2025 after 90 minutes plus stoppage time (does not include extra time or penalties). If the game ends in a tie, the market called ""Tie"" resolves to Yes. If the game is cancelled or rescheduled to over two weeks away, the market will resolve to a fair price in accordance with the rules.",Sports,2025-11-16T21:44:54.12074Z,yes,,KXFIFAGAME,kalshi
KXCOMPTROLLER,Will Mark Levine be elected to be NYC Comptroller in 2025?,"If Mark Levine is elected to Comptroller in New York City in 2025, then the market resolves to Yes.",Elections,2025-07-23T22:18:20.458554Z,yes,,KXCOMPTROLLER,kalshi
KXTNOTED,"Will the yield of 10-year U.S. treasury notes be below 3.95 on Nov 13, 2025?","If the yield curve par rate for 10-year U.S. treasury notes is below 3.95 % on Nov 13, 2025, then the market resolves to Yes.
The market will expire at the sooner of the first 7:00 PM ET following the data release for Nov 13, 2025, or one week following Nov 13, 2025.",Financials,2025-11-13T20:25:00Z,no,,KXTNOTED,kalshi
KXADP,ADP employment change in Oct 2025?,"If the ADP Employment Change in Oct 2025 is above 75000, then the market resolves to Yes.",Economics,2025-11-05T13:14:00Z,no,,KXADP,kalshi
KXGRAMMYNOMCOUNTBB,Number of Grammy Nominations at the 68th Grammy Awards for Bad Bunny?,"If Bad Bunny receives at least 8 Grammy Nominations at the 68th Grammy Awards, then the market resolves to Yes.",Sports,2025-11-07T21:34:25.814465Z,no,,KXGRAMMYNOMCOUNTBB,kalshi
KXFBUSTER,Filibuster weakened before 2026,"If the U.S. Senate lowers the threshold for the filibuster by December 31, 2025, then the market resolves to Yes.
If the U.S. Senate changes its rules or precedent to lower the threshold for cloture for any legislative action whose threshold for cloture at time of Issuance is three-fifths of all Senators duly chosen and sworn, then the market resolves to Yes. Changes to reconciliation rules are not included.",Politics,2025-09-18T22:57:49.818808Z,yes,,KXFBUSTER,kalshi
KXATPFINALS,Will Lorenzo Musetti win the ATP Finals Men's Singles?,"If Lorenzo Musetti wins the ATP Finals Men's Singles, then the market resolves to Yes.",Sports,2025-11-16T19:31:12.657359Z,no,,KXATPFINALS,kalshi
KXNEWROLEVOGUE,Who will be the next Editor-in-Chief of Vogue?,"If Michael Sebastian is confirmed as the next Editor-in-Chief for Vogue before Jan 1, 2030, then the market resolves to Yes.",Companies,2025-09-02T19:49:12.682153Z,no,,KXNEWROLEVOGUE,kalshi
KXBRICS,Will BRICS invite a new member to join them at their next summit?,"If BRICS invites a new country to be a member at their next BRICS Summit before Jan 1, 2027, then the market resolves to Yes.",Politics,2025-07-08T21:49:33.787409Z,no,,KXBRICS,kalshi
KXNBATOTAL,Los Angeles L at Milwaukee: Total Points,"If Los Angeles L and Milwaukee collectively score over 244.5 total points in the Los Angeles L at Milwaukee professional basketball game originally scheduled for Nov 15, 2025, then the market resolves to Yes.",Sports,2025-11-16T04:14:30.141519Z,no,,KXNBATOTAL,kalshi
KXDWTSELIMINATION,Will Whitney Leavitt be eliminated from Dancing with the Stars Season 34 Episode 9?,"If Whitney Leavitt and their partner is officially eliminated from Dancing with the Stars Season 34 Episode 9, then the market resolves to Yes.
Elimination includes being voted off, evicted, knocked out, removed from further contention, voluntary withdrawal, disqualification, or producer removal. The declaration must be made through official program broadcast, website, verified social media, or press releases. Multiple simultaneous eliminations count. Initial elimination counts even if the contestant later returns. Eliminations immediately reversed in the same episode don't count. Temporary suspensions, medical holds, or being runner-up in the finale don't count as elimination. If the season is canceled without declaring eliminations, the market resolves to No.",Entertainment,2025-11-12T03:06:02.172677Z,no,,KXDWTSELIMINATION,kalshi
KXBTC,"Bitcoin price range  on Nov 16, 2025?","If the simple average of the sixty seconds of CF Benchmarks' Bitcoin Real-Time Index (BRTI) before 6 PM EST is below 86500 at 6 PM EST on Nov 16, 2025, then the market resolves to Yes.
Not all cryptocurrency price data is the same. While checking a source like Google or Coinbase may help guide your decision, the price used to determine this market is based on CF Benchmarks' corresponding Real Time Index (RTI). At the last minute before expiration, 60 RTI prices are collected. The official and final value is the average of these prices.",Crypto,2025-11-16T23:00:00Z,no,,KXBTC,kalshi
KXNFLWINS-SF,Will the San Francisco pro football team win more than 16 times this season?,"If the San Francisco pro football team has more than 16 wins in the 2025-26 regular season, then the market resolves to Yes.
Ties do not count as wins.",Sports,2025-09-30T14:22:35.344666Z,no,,KXNFLWINS-SF,kalshi
KXEARNINGSMENTIONORCL,What will  say during their next earnings call?,"If SaaS momentum is said by any Oracle representative (including the operator of the call) during the next Oracle earnings call (including the Q+A), then the market resolves to Yes.
Video of the Oracle earnings call will be primarily used to resolve the market; if a consensus by Kalshi employees cannot be reached using video, transcripts of the Oracle earnings call will be used according to the news publications listed in the contract. The exact phrase/word, or a plural or possessive form of the phrase/word, must be used. Grammatical/tense inflections are otherwise not included. Please see full rules for more details.",Companies,2025-09-12T21:40:13.802768Z,no,,KXEARNINGSMENTIONORCL,kalshi
KXOAIPROFIT,"Will OpenAI end its not-for-profit status before Jan 1, 2026?","If OpenAI has shifted away from its current non-profit and capped-profit structure to a for-profit model before Jan 1, 2026, then the market resolves to Yes.",Companies,2025-10-28T16:32:24.894838Z,yes,,KXOAIPROFIT,kalshi
KXFLIGHTORD,"Will there be more than 800 delays and cancellations at O'Hare on November 11, 2025?","If FlightAware records that the total number of delays and cancellations at O'Hare International Airport is above 800 on November 11, 2025, then the market resolves to Yes.
Please note that at the Source Agency link, the Underlying is the sum at the top, and not the values embedded in the table below.",World,2025-11-12T04:59:00Z,no,,KXFLIGHTORD,kalshi
KXFEATURETYLERTHECREATOR,Who will feature on DON'T TAP THE GLASS?,"If Steve Lacy is featured on Tyler, The Creator's album DON'T TAP THE GLASS before Jan 1, 2026, then the market resolves to Yes.",Entertainment,2025-07-22T20:36:54.054486Z,no,,KXFEATURETYLERTHECREATOR,kalshi
KXAMERICAPROFIT,Will America profit in any month of 2025?,"If the Monthly Treasury Statement (MTS) reports a surplus for any month in 2025, then the market resolves to Yes.
The month surplus can be found in the column labeled ""Current Month Deficit Surplus Amount"" in the the table ""Summary of Receipts, Outlays, and Surplus or Deficit” in the MTS (see: https://fiscaldata.treasury.gov/datasets/monthly-treasury-statement/summary-of-receipts-outlays-and-the-deficit-surplus-of-the-u-s-government).",Economics,2025-05-21T13:18:02.777381Z,yes,,KXAMERICAPROFIT,kalshi
KXDOGED,"Dogecoin price  on Nov 16, 2025?","If there is a 60 second average of CF Benchmarks' Dogecoin Real-Time Index (DOGEUSD_RTI) before 5 PM EST is above 0.2549999 at 5 PM EST on Nov 16, 2025, then the market resolves to Yes.
Not all cryptocurrency price data is the same. While checking a source like Google or Coinbase may help guide your decision, the price used to determine this market is based on CF Benchmarks' corresponding Real Time Index (RTI).",Crypto,2025-11-16T22:00:00Z,no,,KXDOGED,kalshi
KXOVERSIGHTRM,Will Ro Khanna be Ranking Member of House Oversight Committee?,"If Ro Khanna is the first Ranking Member for House Oversight Committee for the the 119th Congress of Congress, then the market resolves to Yes.",Politics,2025-06-29T01:37:47.0073Z,no,,KXOVERSIGHTRM,kalshi
KXSNFMENTION,What will Mike Tirico and/or Cris Collinsworth say during Pittsburgh at Los Angeles pro football game commentary?,"If Mike Tirico and/or Cris Collinsworth says What a catch as part of Pittsburgh at Los Angeles pro football game commentary, then the market resolves to Yes.
Video of the Pittsburgh at Los Angeles pro football game commentary will be primarily used to resolve the market; if a consensus by Kalshi employees cannot be reached using video, transcripts of the Pittsburgh at Los Angeles pro football game commentary will be used according to the news publications listed in the contract. The exact phrase/word, or a plural or possessive form of the phrase/word, must be used. Grammatical/tense inflections are otherwise not included. Please see full rules for more details. Commentary will count once kick off has occurred and end once the game has concluded. Should the game go into overtime, the commentary will continue to count until the game has ended.",Mentions,2025-11-10T15:00:00Z,no,,KXSNFMENTION,kalshi
KXWALLSPEND,How much will Republicans increase spending on a Mexican border wall in their reconcilliation bill?,"If the first budget reconciliation bill to become law before Jan 1, 2027 increases spending on a southern border wall by at least $50 billion, then the market resolves to Yes.",Politics,2025-07-16T15:19:44.731036Z,no,,KXWALLSPEND,kalshi
KXCOACHOUTNCAAFB,"Which College Football coaches will be out before Sep 1, 2026?","If the head coach of the Auburn College Football team leaves, or announces they will leave, before Sep 1, 2026, then the market resolves to Yes.
Interim/temporary coaches are not included for purposes of this market.",Sports,2025-11-02T21:03:58.553033Z,yes,,KXCOACHOUTNCAAFB,kalshi
KXRWAMCAPAVAX,"Will RWA market cap on Avalanche be above $700 on Jan 1, 2026?","If the total RWA market cap on Avalanche is above 700 at 10:00 AM ET on Jan 1, 2026, then the market resolves to Yes.
The market measures the total market capitalization in USD of all Real World Asset tokens on the specified blockchain, including all layers, subnets, parachains, or equivalent network divisions, as calculated by DeFiLlama at 10:00 AM ET on the measurement date. If DeFiLlama data is unavailable at the specified time, the last available value will be used. The blockchain must be actively tracked by DeFiLlama with RWA data available.",Crypto,2025-10-24T23:03:44.980276Z,yes,,KXRWAMCAPAVAX,kalshi
KXG7LEADEROUT,Will Shigeru Ishiba leave office next in this set?,"If Shigeru Ishiba is the first leader among the above to leave office, then the market resolves to Yes.
An announcement that a leader will leave their position is not sufficient to resolve the Payout Criterion; the individual must actually leave and no longer hold the title. If any leader leaves solely because they have died, then all markets will resolve and the Exchange will determine the payouts to the holders of long and short positions based upon the last traded price (prior to the death) or another fair price.",Politics,2025-10-22T18:43:14.578514Z,yes,,KXG7LEADEROUT,kalshi
KXRECBILL,Will Completely eliminate the IRA's EV tax credits be in the next reconcilliation bill?,"If the next budget reconciliation bill to become law includes Completely eliminate the IRA's EV tax credits before Jan 1, 2026, then the market resolves to Yes.",Politics,2025-07-08T21:39:39.626497Z,yes,,KXRECBILL,kalshi
KXNFLWINS-JAC,Will the Jacksonville pro football team win more than 15 times this season?,"If the Jacksonville pro football team has more than 15 wins in the 2025-26 regular season, then the market resolves to Yes.
Ties do not count as wins.",Sports,2025-10-13T14:55:47.447537Z,no,,KXNFLWINS-JAC,kalshi
KXMLSGAME,San Diego FC vs Portland Winner?,"If San Diego FC wins the San Diego FC vs Portland professional MLS soccer game originally scheduled for Nov 9, 2025 after 90 minutes plus stoppage time (does not include extra time or penalties), then the market resolves to Yes.
The following market refers to the San Diego FC vs Portland professional MLS soccer game originally scheduled for Nov 9, 2025 after 90 minutes plus stoppage time (does not include extra time or penalties). If the game ends in a tie, the market called ""Tie"" resolves to Yes. If the game is cancelled or rescheduled to over two weeks away, the market will resolve to a fair price in accordance with the rules.",Sports,2025-11-10T04:10:27.409637Z,yes,,KXMLSGAME,kalshi
KXUSAMBFRANCE,When will Trump's nominee for Ambassador to France be confirmed?,"If Charles Kushner is the first person confirmed by the Senate to be Ambassador to France before May 1, 2025, then the market resolves to Yes.",Politics,2025-05-01T14:00:00Z,no,,KXUSAMBFRANCE,kalshi
KXUSAMBCHINA,When will Trump's nominee for Ambassador to China be confirmed?,"If David Perdue is the first person confirmed by the Senate to be Ambassador to China before Jul 1, 2025, then the market resolves to Yes.",Politics,2025-05-01T15:54:03.508071Z,yes,,KXUSAMBCHINA,kalshi
KXLOUVRETHIEVESCHARGE,"Will any person be charged with a crime in relation to the October 19, 2025 theft of France's Crown Jewels from the Apollo Gallery in the Louvre Museum crime before Nov 1, 2025?","If any person has been formally charged with a crime in relation to the October 19, 2025 theft of France's Crown Jewels from the Apollo Gallery in the Louvre Museum in any jurisdiction after Issuance and before Nov 1, 2025, then the market resolves to Yes.
Formal charges require the filing of a criminal complaint, information, or indictment with an appropriate court. Arrests without charges, being named as a target of investigation, civil lawsuits, and administrative actions do not constitute charges. Traffic violations that don't require court appearances and sealed charges that remain sealed through the deadline also don't count. If charges are filed and then dismissed before the deadline, the market still resolves to Yes. Pre-trial diversion agreements involving formal charges count as charges. For groups of individuals, charges against any member of the specified group trigger the criterion.",Politics,2025-10-30T00:14:38.895428Z,yes,,KXLOUVRETHIEVESCHARGE,kalshi
KXBIDENMENTION,What will Joe Biden say during Ben Nelson Gala on November 7th?,"If Joe Biden says King as part of Ben Nelson Gala on November 7th, then the market resolves to Yes.
Video of the Ben Nelson Gala on November 7th will be primarily used to resolve the market; if a consensus by Kalshi employees cannot be reached using video, transcripts of the Ben Nelson Gala on November 7th will be used according to the news publications listed in the contract. The exact phrase/word, or a plural or possessive form of the phrase/word, must be used. Grammatical/tense inflections are otherwise not included. Please see full rules for more details. If this event is not opened to the press for a live televised or streamed event this market will resolve to no.",Mentions,2025-11-08T15:00:00Z,yes,,KXBIDENMENTION,kalshi
KXLATINGRAMMYBNA,Best New Artist winner at the Latin Grammy Awards?,"If Tie wins Best New Artist at the 2025 Latin Grammy Awards, then the market resolves to Yes.",Entertainment,2025-11-14T15:43:23.393751Z,no,,KXLATINGRAMMYBNA,kalshi
KXBESTPLAY,Will Purpose win Best Play at the Tonys?,"If Purpose has won Best Play at the 78th Academy Awards, then the market resolves to Yes.
The 78th Tony Awards are expected to be held on June 8th, 2025.",Entertainment,2025-06-09T04:15:46.40094Z,yes,,KXBESTPLAY,kalshi
KXTOPALBUMBYSABRINA,Sabrina Carpenter has a #1 album in 2025?,"If Sabrina Carpenter has a #1 album on the Billboard 200 by Dec 27, 2025, then the market resolves to Yes.
**This market and these products have not been endorsed by Billboard. Any references to ""Billboard"", the ""Hot 100,"" or any other associated marks are descriptive only, and do not indicate an endorsement of this product or any affiliation between Billboard and Kalshi.** For the purposes of this market, the last Billboard chart that will be included is the one published for Dec 27, 2025.",Entertainment,2025-09-08T21:07:37.886282Z,yes,,KXTOPALBUMBYSABRINA,kalshi
KXBRASILEIROGAME,Santos FC SP vs SE Palmeiras SP Winner?,"If Santos FC SP wins the Santos FC SP vs SE Palmeiras SP professional Brasileiro Serie A soccer game originally scheduled for Nov 15, 2025 after 90 minutes plus stoppage time (does not include extra time or penalties), then the market resolves to Yes.
The following market refers to the Santos FC SP vs SE Palmeiras SP professional Brasileiro Serie A soccer game originally scheduled for Nov 15, 2025 after 90 minutes plus stoppage time (does not include extra time or penalties). If the game ends in a tie, the market called ""Tie"" resolves to Yes. If the game is cancelled or rescheduled to over two weeks away, the market will resolve to a fair price in accordance with the rules.",Sports,2025-11-16T02:09:53.879826Z,yes,,KXBRASILEIROGAME,kalshi
KXEARNINGSMENTIONGOOGL,What will Alphabet Inc. say during their next earnings call?,"If Shutdown / Shut Down is said by any Alphabet Inc. representative (including the operator of the call) during the next Alphabet Inc. earnings call (including the Q+A), then the market resolves to Yes.
Video of the Alphabet Inc. earnings call will be primarily used to resolve the market; if a consensus by Kalshi employees cannot be reached using video, transcripts of the Alphabet Inc. earnings call will be used according to the news publications listed in the contract. The exact phrase/word, or a plural or possessive form of the phrase/word, must be used. Grammatical/tense inflections are otherwise not included. Please see full rules for more details.",Companies,2025-10-30T00:55:22.241691Z,no,,KXEARNINGSMENTIONGOOGL,kalshi
KXFEATUREMETROBOOMIN,Who will feature on A FUTURISTIC SUMMA?,"If Young Thug is featured on Metro Boomin's A FUTURISTIC SUMMA before Dec 31, 2025, then the market resolves to Yes.
If Metro Boomin does not release an album titled A Futuristic Summa that is available on Spotify, this market will resolve to NO.",Entertainment,2025-08-04T13:39:07.736779Z,yes,,KXFEATUREMETROBOOMIN,kalshi
KXUCLGAME,Marseille vs Atalanta Winner?,"If Marseille wins the Marseille vs Atalanta professional UCL soccer game originally scheduled for Nov 5, 2025 after 90 minutes plus stoppage time (does not include extra time or penalties), then the market resolves to Yes.
The following market refers to the Marseille vs Atalanta professional UCL soccer game originally scheduled for Nov 5, 2025 after 90 minutes plus stoppage time (does not include extra time or penalties). If the game ends in a tie, the market called ""Tie"" resolves to Yes. If the game is cancelled or rescheduled to over two weeks away, the market will resolve to a fair price in accordance with the rules.",Sports,2025-11-05T22:07:44.473051Z,no,,KXUCLGAME,kalshi
KXEPSTEINLIST,Who will be named in Epstein documents released in 2025?,"If Jimmy Kimmel is named in any context in any documents held by the federal government directly regarding Jeffrey Epstein and/or his crimes released before Jan 1, 2026, then the market resolves to Yes.
The context in which the subject appears does not matter for resolution. The subject is considered to appear in the documents when either the exact term, phrase, or name specified appears in the content of the documents, or the subject is present by way of commonly used abbreviation, direct synonym, or unmistakable reference including in any official appendices, footnotes, or tables. The documents must be publicly released after Issuance and before the end date. The documents directly issued and officially published by the relevant institution or entity, leaks of the documents, and media coverage by Source Agencies count, unless otherwise specified by the Exchange. If the documents are revised after publication, all publicly released versions prior to Expiration will be used. If a correction or update nullifies the appearance of the subject, the market may still resolve to Yes based on original reporting. The release time of the documents is noted to be when the documents are made available to the public either directly or through third-party media reports. If a document is heavily redacted, only visible, legible, and unambiguous references count.",Politics,2025-11-14T23:36:32.735244Z,yes,,KXEPSTEINLIST,kalshi
KXMOSTWINSEMMYS,Most awards at the 2025 Emmy Awards?,"If Shrinking wins the most awards at the 2025 Emmy Awards, the market resolves to Yes.
If two nominees tie for most awards, the market will resolve to 50/50.",Entertainment,2025-09-15T14:57:22.985379Z,no,,KXMOSTWINSEMMYS,kalshi
KXFLIGHTJFK,"Will there be more than 600 delays and cancellations at JFK on November 13, 2025?","If FlightAware records that the total number of delays and cancellations at JFK International Airport is above 600 on November 13, 2025, then the market resolves to Yes.
Please note that at the Source Agency link, the Underlying is the sum at the top, and not the values embedded in the table below.",World,2025-11-14T04:59:00Z,no,,KXFLIGHTJFK,kalshi
KXTURKEYAMB,Who will be confirmed as Ambassador to Turkey?,"If Tom Barrack is the first person confirmed by the Senate to be Ambassador to Turkey before Jan 1, 2026, then the market resolves to Yes.",Politics,2025-05-03T14:44:10.848217Z,yes,,KXTURKEYAMB,kalshi
KXEVENTTIMES,How many pro football games will Taylor Swift attend this season?,"If Taylor Swift attends at least 4 regular season pro football games in the 2025-26 pro men's football season, then the market resolves to Yes.
This market does not encompass playoff games in the 2025-26 pro men's football season.",Sports,2025-10-14T18:48:56.09953Z,yes,,KXEVENTTIMES,kalshi
KXEDUCUTS,How much will the Republican reconcilliation bill cut education spending?,"If the first budget reconciliation bill to become law before Jan 1, 2027 cuts at least $15 billion from education spending, then the market resolves to Yes.",Politics,2025-07-08T19:41:36.138307Z,yes,,KXEDUCUTS,kalshi
KXSEXYMAN,Who will be People's Sexiest Man Alive in 2025?,"If Bad Bunny is People's Sexiest Man Alive in 2025, then the market resolves to Yes.",Entertainment,2025-11-04T15:24:30.298625Z,no,,KXSEXYMAN,kalshi
KXTOPSONGRECORDGOLDEN,How long will Golden be #1?,"If Golden  by HUNTR/X: EJAE, Audrey Nuna & REI AMI has had the #1 spot on the Billboard Hot 100 for more than 7 consecutive weeks, then the market resolves to Yes.
**This market and these products have not been endorsed by Billboard. Any references to ""Billboard"", the ""Hot 100,"" or any other associated marks are descriptive only, and do not indicate an endorsement of this product or any affiliation between Billboard and Kalshi.** If this event occurs, or the streak ends, the market will close the following 10am ET. This market specifically encompasses the first streak Golden holds.",Entertainment,2025-08-19T15:41:46.591463Z,no,,KXTOPSONGRECORDGOLDEN,kalshi
KXFDVMET,What will MET FDV be 1 day after launch?,"If Meteora (MET)'s fully diluted valuation (FDV) as displayed on CoinGecko is above 8999999999.99 at exactly 10:00 AM on 1 day after launch, then the market resolves to Yes.
The FDV must be the value shown in the ""FDV"" field on the coin's main CoinGecko page, not calculated from other metrics. If no data is available at the specified time, the last FDV value shown before that time on the date will be used. If the coin is delisted from CoinGecko before the measurement date, the last recorded FDV will be used and the market will resolve immediately. Token migrations to new smart contract addresses are tracked continuously. If CoinGecko changes its FDV calculation methodology, the value displayed at the measurement time under the FDV label will be used regardless. Post-redenomination FDV values (after splits/reverse splits) will be used. All values are in USD as shown on CoinGecko. Values can be expressed in millions (M), billions (B), or trillions (T) format.",Crypto,2025-10-27T17:20:51.986394Z,no,,KXFDVMET,kalshi
KXCS2MAP,Will Vitality win BLAST Rivals 2025 Season 2: Spirit vs. Vitality?,"If Vitality wins BLAST Rivals 2025 Season 2: Spirit vs. Vitality Map 1, then the market resolves to Yes.",Sports,2025-11-14T16:41:12.738636Z,no,,KXCS2MAP,kalshi
KXSUPERLIGGAME,Samsunspor vs Eyupspor Winner?,"If Samsunspor wins the Samsunspor vs Eyupspor professional Super Lig soccer game originally scheduled for Nov 9, 2025 after 90 minutes plus stoppage time (does not include extra time or penalties), then the market resolves to Yes.
The following market refers to the Samsunspor vs Eyupspor professional Super Lig soccer game originally scheduled for Nov 9, 2025 after 90 minutes plus stoppage time (does not include extra time or penalties). If the game ends in a tie, the market called ""Tie"" resolves to Yes. If the game is cancelled or rescheduled to over two weeks away, the market will resolve to a fair price in accordance with the rules.",Sports,2025-11-09T19:05:15.633787Z,yes,,KXSUPERLIGGAME,kalshi
KXBLSCOMMISSIONER,When will Trump's nominee for BLS Commissioner be confirmed?,"If EJ Antoni is the first person confirmed by the Senate to be BLS Commissioner before Jan 1, 2026, then the market resolves to Yes.
If EJ Antoni has a nomination that's withdrawn, then the market immediately resolves to No.",Politics,2025-10-01T14:22:21.028713Z,no,,KXBLSCOMMISSIONER,kalshi
KXEDUCUTS,How much will the Republican reconcilliation bill cut education spending?,"If the first budget reconciliation bill to become law before Jan 1, 2027 cuts at least $5 billion from education spending, then the market resolves to Yes.",Politics,2025-07-08T19:41:36.138307Z,yes,,KXEDUCUTS,kalshi
KXEUROLEAGUEGAME,FC Barcelona vs Virtus Bologna Winner?,"If FC Barcelona wins the FC Barcelona vs Virtus Bologna professional Euroleague basketball game originally scheduled for Nov 14, 2025, then the market resolves to Yes.",Sports,2025-11-14T21:34:46.088428Z,yes,,KXEUROLEAGUEGAME,kalshi
KXRECBASELINE,Will the Republican reconcilliation bill be scored relative to a current policy baseline?,"If the Congressional Budget Office scoring documents evaluate the next reconciliation bill that becomes law relative to a current policy, rather than current law, baseline, then the market resolves to Yes.",Politics,2025-07-08T17:46:35.231001Z,yes,,KXRECBASELINE,kalshi
KXGAMERELEASE,Will Hollow Knight: Silksong release this year?,"If Hollow Knight: Silksong is fully released before Jan 1, 2026 on any platform in the United States, then the market resolves to Yes.",Entertainment,2025-09-04T19:16:18.483233Z,yes,,KXGAMERELEASE,kalshi
KXKLEAGUEGAME,Ulsan HD FC vs Suwon FC Winner?,"If Ulsan HD FC wins the Ulsan HD FC vs Suwon FC professional Korea K League 1 soccer game originally scheduled for Nov 9, 2025 after 90 minutes plus stoppage time (does not include extra time or penalties), then the market resolves to Yes.
The following market refers to the Ulsan HD FC vs Suwon FC professional Korea K League 1 soccer game originally scheduled for Nov 9, 2025 after 90 minutes plus stoppage time (does not include extra time or penalties). If the game ends in a tie, the market called ""Tie"" resolves to Yes. If the game is cancelled or rescheduled to over two weeks away, the market will resolve to a fair price in accordance with the rules.",Sports,2025-11-09T09:39:49.865936Z,yes,,KXKLEAGUEGAME,kalshi
KXNCAAMBSPREAD,Houston wins by over 9.5 Points?,"If Houston wins by more than 9.5 points in the Houston at Auburn men's college basketball game originally scheduled for Nov 16, 2025, then the market resolves to Yes.
Kalshi is not affiliated,  associated,  authorized, endorsed by, or in any way officially connected with the NCAA. All trademarks, logos, and brand names are the property of their respective owners.",Sports,2025-11-16T22:44:43.836516Z,no,,KXNCAAMBSPREAD,kalshi
KXBALLONDOR,Who will win the Ballon dOr in 2025?,"If Pedri wins the Ballon dOr in 2025, then the market resolves to Yes.",Sports,2025-09-22T21:11:50.512648Z,no,,KXBALLONDOR,kalshi
KXLALIGAGAME,Celta Vigo vs Barcelona Winner?,"If Celta Vigo wins the Celta Vigo vs Barcelona professional La Liga soccer game originally scheduled for Nov 9, 2025 after 90 minutes plus stoppage time (does not include extra time or penalties), then the market resolves to Yes.
The following market refers to the Celta Vigo vs Barcelona professional La Liga soccer game originally scheduled for Nov 9, 2025 after 90 minutes plus stoppage time (does not include extra time or penalties). If the game ends in a tie, the market called ""Tie"" resolves to Yes. If the game is cancelled or rescheduled to over two weeks away, the market will resolve to a fair price in accordance with the rules.",Sports,2025-11-09T22:10:33.01693Z,no,,KXLALIGAGAME,kalshi
KXHIGHAUS,"Will the **high temp in Austin** be <83° on Nov 15, 2025?","If the highest temperature recorded in Austin Bergstrom for November 15, 2025 as reported by the National Weather Service's Climatological Report (Daily), is less than 83°, then the market resolves to Yes.
Not all weather data is the same. While checking a source like AccuWeather or Google Weather may help guide your decision, the official and final value used to determine this market is the highest temperature as reported by the corresponding NWS Climatological Report (Daily) linked in the rules above. Preliminary NWS reporting and measurement methods may be subject to underlying rounding and conversion nuances. Traders should exercise caution when interpreting preliminary NWS data.",Climate and Weather,2025-11-16T05:59:00Z,no,,KXHIGHAUS,kalshi
KXCOMPANYBOARDOPENDOOR,Will Keith Rabois join the board of Opendoor before 2026?,"If Keith Rabois joins the board of Opendoor before Jan 1, 2026, then the market resolves to Yes.",Companies,2025-09-11T21:15:50.586634Z,yes,,KXCOMPANYBOARDOPENDOOR,kalshi
KXJUULFLAVOR,When will JUUL release Café Latte to the public?,"If JUUL releases Café Latte to the public before Jan 1, 2027, then the market resolves to Yes.",Companies,2025-07-19T18:32:41.147583Z,no,,KXJUULFLAVOR,kalshi
KXNCAAMBTOTAL,Houston at Auburn: Total Points,"If Houston and Auburn collectively score over 155.5 total points in the Houston at Auburn men's college basketball game originally scheduled for Nov 16, 2025, then the market resolves to Yes.
Kalshi is not affiliated,  associated,  authorized, endorsed by, or in any way officially connected with the NCAA. All trademarks, logos, and brand names are the property of their respective owners.",Sports,2025-11-16T22:44:43.805095Z,no,,KXNCAAMBTOTAL,kalshi
KXEARNINGSMENTIONRKLB,What will Rocket Lab Corporation say during their next earnings call?,"If Shutdown / Shut Down is said by any Rocket Lab Corporation representative (including the operator of the call) during the next Rocket Lab Corporation earnings call (including the Q+A), then the market resolves to Yes.
Video of the Rocket Lab Corporation earnings call will be primarily used to resolve the market; if a consensus by Kalshi employees cannot be reached using video, transcripts of the Rocket Lab Corporation earnings call will be used according to the news publications listed in the contract. The exact phrase/word, or a plural or possessive form of the phrase/word, must be used. Grammatical/tense inflections are otherwise not included. Please see full rules for more details.",Companies,2025-11-11T21:26:40.400915Z,yes,,KXEARNINGSMENTIONRKLB,kalshi
KXROLLINGLOUD,Will Yo Yo Honey Singh be part of the lineup for Rolling Loud India in 2027?,"If Yo Yo Honey Singh is announced as part of the initial lineup of Rolling Loud India, then the market resolves to Yes.",Entertainment,2025-09-08T17:04:40.336441Z,no,,KXROLLINGLOUD,kalshi
KXPARTYWINNL,Who will win the election in the Netherlands?,"If Volt wins a plurality of seats in the next general election in the Netherlands in 2025, then the market resolves to Yes.",Elections,2025-11-10T04:38:35.432025Z,no,,KXPARTYWINNL,kalshi
KXROMANIABAN,Will Călin Georgescu be banned from the Romanian presidential election?,"If Călin Georgescu is banned from competing in the Romanian presidential election on the day of the next first round, then the market resolves to Yes.",Politics,2025-05-04T20:55:44.417723Z,yes,,KXROMANIABAN,kalshi
KXDOGEDONE,When will DOGE be killed or renamed?,"If the Department of Government Efficiency is re-named, dissolved, or terminated as an independent organization before Sep 1, 2025, then the market resolves to Yes.",Politics,2025-09-01T03:59:00Z,no,,KXDOGEDONE,kalshi
KXEURUSDH,"Will the EUR/USD open price be above 1.17719 at Nov 14, 2025 at 4pm EST?","If the open price of the Euro/Dollar for November 14, 2025 is above 1.17719 at 4 PM EST, then the market resolves to Yes.",Financials,2025-11-14T21:00:00Z,no,,KXEURUSDH,kalshi
KXNFLWINS-TB,Will the Tampa Bay pro football team win more than 16 times this season?,"If the Tampa Bay pro football team has more than 16 wins in the 2025-26 regular season, then the market resolves to Yes.
Ties do not count as wins.",Sports,2025-09-30T14:22:35.258809Z,no,,KXNFLWINS-TB,kalshi
KXOPENSOURCEOAI,"What will OpenAI announce during its ""12 Days of Shipmas""?","If OpenAI announces an open-source language model before Jan 1, 2026, then the market resolves to Yes.",Science and Technology,2025-08-09T22:46:58.775955Z,yes,,KXOPENSOURCEOAI,kalshi
KXREPSWORNIN,"Will Adelita Grijalva be first member of Congress serving Arizona's 7th congressional district sworn in after Issuance on Nov 13, 2025?","If Adelita Grijalva officially holds the position of first member of Congress serving Arizona's 7th congressional district sworn in after Issuance on Nov 13, 2025 at 10:00 AM ET, then the market resolves to Yes.",Politics,2025-11-12T21:17:58.154513Z,yes,,KXREPSWORNIN,kalshi
KXSPOTIFY4BILLION,Will Someone You Loved hit 4 billion Spotify streams in 2025?,"If Someone You Loved has above 4 billion total streams on Spotify by Dec 31, 2025 at 10 AM ET, then the market resolves to Yes.
Total stream count will be determined using the Spotify desktop app at 10 AM ET, based on the exact number displayed at that time. Any updates or changes after 10 AM ET will NOT be considered. The song can be found here: https://open.spotify.com/track/7qEHsqek33rTcFNT9PFqLf?si=a8a5a046351c4f80",Entertainment,2025-09-18T23:43:55.166728Z,yes,,KXSPOTIFY4BILLION,kalshi
KXNFLWINS-NYG,Will the New York G pro football team win more than 16 times this season?,"If the New York G pro football team has more than 16 wins in the 2025-26 regular season, then the market resolves to Yes.
Ties do not count as wins.",Sports,2025-09-23T16:30:30.108822Z,no,,KXNFLWINS-NYG,kalshi
KXUECLGAME,Shkendija Tetovo vs Jagiellonia Bialystok Winner?,"If Shkendija Tetovo wins the Shkendija Tetovo vs Jagiellonia Bialystok professional Conference League soccer game originally scheduled for Nov 6, 2025 after 90 minutes plus stoppage time (does not include extra time or penalties), then the market resolves to Yes.
The following market refers to the Shkendija Tetovo vs Jagiellonia Bialystok professional Conference League soccer game originally scheduled for Nov 6, 2025 after 90 minutes plus stoppage time (does not include extra time or penalties). If the game ends in a tie, the market called ""Tie"" resolves to Yes. If the game is cancelled or rescheduled to over two weeks away, the market will resolve to a fair price in accordance with the rules.",Sports,2025-11-06T22:11:21.457909Z,no,,KXUECLGAME,kalshi
KXPERFORMVMA,Who will perform at the MTV Video Music Awards?,"If JENNIE performs at the 42nd MTV Video Music Awards before Dec 31, 2025, then the market resolves to Yes.",Entertainment,2025-09-08T17:14:17.541858Z,no,,KXPERFORMVMA,kalshi
KXIPOOPENAI,When will OpenAI IPO?,"If OpenAI confirms an IPO before Sep 1, 2025, then the market resolves to Yes.
An IPO is confirmed if 1) the SEC declares the company's Form S-1 effective OR 2) the IPO is priced OR 3) a securities exchange has assigned a ticker to it. As long as any of those events occur, the market will immediately resolve to Yes, even if the company does not start trading until after Sep 1, 2025.",Economics,2025-09-01T03:59:00Z,no,,KXIPOOPENAI,kalshi
KXNEWCOINCHAIN,What chain will Kanye launch his token on?,"If Kanye West launches a digital asset on No asset before ||nDate ||, then the market resolves to Yes.",Crypto,2025-10-14T00:40:29.018949Z,no,,KXNEWCOINCHAIN,kalshi
KXJUULFLAVOR,When will JUUL release Watermelon to the public?,"If JUUL releases Watermelon to the public before Jan 1, 2027, then the market resolves to Yes.",Companies,2025-07-19T18:32:25.606853Z,no,,KXJUULFLAVOR,kalshi
KXDIMONMENTION,What will Jamie Dimon say during America Business Forum?,"If Jamie Dimon says Unemployment as part of America Business Forum, then the market resolves to Yes.
Video of the America Business Forum will be primarily used to resolve the market; if a consensus by Kalshi employees cannot be reached using video, transcripts of the America Business Forum will be used according to the news publications listed in the contract. The exact phrase/word, or a plural or possessive form of the phrase/word, must be used. Grammatical/tense inflections are otherwise not included. Please see full rules for more details. Previous clips or recordings aired during the event will not count. If this event is not opened for a live televised or streamed event this market will resolve to no.",Mentions,2025-11-06T20:44:56.021738Z,no,,KXDIMONMENTION,kalshi
KXFOMCVOTE,Will anyone dissent at the next Fed meeting?,"If there is a dissenting vote at the next Federal Reserve Open Market Committee monetary policy meeting, then the market resolves to Yes.
The next meeting is scheduled for Jun 18, 2025.",Politics,2025-06-18T17:59:00Z,no,,KXFOMCVOTE,kalshi
KXRECOGPALESTINE,Who will recognize Palestine?,"If United Kingdom recognizes Palestine before Dec 31, 2025, then the market resolves to Yes.",Politics,2025-09-21T15:52:37.129889Z,yes,,KXRECOGPALESTINE,kalshi
KXSPOTIFYBILLIONS,Will Love Galore (feat. Travis Scott)) hit 1 Billion Spotify streams in 2025?,"If Love Galore (feat. Travis Scott)) has above 1 Billion total streams on Spotify by Dec 31, 2025 at 10 AM ET, then the market resolves to Yes.
Total stream count will be determined using the Spotify desktop app at 10 AM ET, based on the exact number displayed at that time. Any updates or changes after 10 AM ET will NOT be considered. The song can be found here: https://open.spotify.com/track/0q75NwOoFiARAVp4EXU4Bs?si=a04fe4b692ed4636&nd=1&dlsi=881da74c7d314f4d",Entertainment,2025-10-29T15:43:33.93347Z,yes,,KXSPOTIFYBILLIONS,kalshi
KXBTCMINY,How low will Bitcoin get this year?,"If the price of Bitcoin is below $110,000 after Jul 30, 2025 but before Dec 31, 2025 at 11:59 PM ET, then the market resolves to Yes.
The Contract is settled by taking an average of CF Benchmarks' Bitcoin Real-Time Index (BRTI) in any sixty second period, excluding the top 20% and bottom 20% of values. Data is used 24/7 to resolve the contract.",Crypto,2025-08-25T20:51:25.704593Z,yes,,KXBTCMINY,kalshi
KXEPLBTTS,Leeds United at Nottingham: Both Teams to Score,"If Leeds United and Nottingham both score goals in the Leeds United at Nottingham EPL match originally scheduled for Nov 9, 2025, then the market resolves to Yes.",Sports,2025-11-09T15:59:53.641053Z,yes,,KXEPLBTTS,kalshi
KXNFLWINS-LA,Will the Los Angeles R pro football team win more than 15 times this season?,"If the Los Angeles R pro football team has more than 15 wins in the 2025-26 regular season, then the market resolves to Yes.
Ties do not count as wins.",Sports,2025-10-03T16:18:22.827334Z,no,,KXNFLWINS-LA,kalshi
KXPUBLICADV,Will Calvin Sun be elected to be NYC Public Advocate in 2025?,"If Calvin Sun is elected to Public Advocate in New York City in 2025, then the market resolves to Yes.",Elections,2025-07-23T22:23:15.402955Z,no,,KXPUBLICADV,kalshi
KXEUROVISION,Eurovision Winner 2025,"If United Kingdom wins the Eurovision Song Contest, then the market resolves to Yes.",Entertainment,2025-05-17T23:23:15.714828Z,no,,KXEUROVISION,kalshi
KXAUSSEATSLABOR,between 80 to 84 Labor seats won?,"If the Labor win between 80 to 84 seats in the next Australian election for the House of Representatives, then the market resolves to Yes.",Politics,2025-06-19T20:29:21.837616Z,no,,KXAUSSEATSLABOR,kalshi
KXMARATHON,Will Yemane Haileselassie win the New York City Marathon?,"If Yemane Haileselassie wins the 2025 TCS New York City Marathon Men's Division, then the market resolves to Yes.",Sports,2025-11-02T16:45:04.676335Z,no,,KXMARATHON,kalshi
KXNFLWINS-SEA,Will the Seattle pro football team win more than 6 times this season?,"If the Seattle pro football team has more than 6 wins in the 2025-26 regular season, then the market resolves to Yes.
Ties do not count as wins.",Sports,2025-11-10T08:01:17.505782Z,yes,,KXNFLWINS-SEA,kalshi
KXPGATOUR,Will William Mouw win the Butterfield Bermuda Championship?,"If William Mouw wins the Butterfield Bermuda Championship, then the market resolves to Yes.",Sports,2025-11-16T19:21:21.846931Z,no,,KXPGATOUR,kalshi
KXPRESVISIT,Will Trump visit Egypt in the first year?,"If President Trump visits Egypt after Issuance and before Jan 1, 2026, then the market resolves to Yes.
Layovers are not included.",Politics,2025-10-14T03:03:37.608466Z,yes,,KXPRESVISIT,kalshi
KXDUTCHSECOND,Will Party for Freedom finish 2nd in the Netherlands?,"If Party for Freedom finishes in 2nd place in 2025 Dutch general election in the Netherlands according to the certified results, then the market resolves to Yes.
Ranking is determined by the specified counting method. For plurality voting: rank is based on vote count or percentage. For ranked choice voting: rank is determined by elimination order (runner-up is eliminated in final round for second place). For two-round systems: rank is based on final round results if it proceeds to second round, otherwise first-round totals. For proportional representation: rank follows the electoral authority's final seat allocation order. In case of exact ties, markets resolve proportionally (1/number of tied entities). Write-in candidates achieving the specified rank resolve all named candidate markets to No unless a specific ""Write-in"" or ""Other"" option exists. Candidates who withdraw or are disqualified after the filing deadline but remain on the ballot are ranked based on votes received. If the election is cancelled or postponed beyond expiration, all markets resolve to No.",Elections,2025-11-08T23:37:18.032327Z,no,,KXDUTCHSECOND,kalshi
KXETHMINY,How low will Ethereum get this year?,"If the price of Ethereum is || Above/below || 3500 by Dec 31, 2025 at 10:00 AM ET, then the market resolves to Yes.
The Contract is settled by taking an average of CF Benchmarks' Ethereum Real-Time Index (ERTI) in any sixty second period, excluding the top 20% and bottom 20% of values. Data is used 24/7 to resolve the contract.",Crypto,2025-08-01T23:42:45.08245Z,yes,,KXETHMINY,kalshi
KXGRAMMYNOMCOUNTSC,Number of Grammy Nominations at the 68th Grammy Awards for Sabrina Carpenter?,"If Sabrina Carpenter receives at least 5 Grammy Nominations at the 68th Grammy Awards, then the market resolves to Yes.",Sports,2025-11-07T21:33:03.924427Z,yes,,KXGRAMMYNOMCOUNTSC,kalshi
KXSALTX,"Will the SALT tax deduction cap be raised or eliminated before Jan 1, 2026?","If a bill becomes law before Jan 1, 2026 that increases the current limitation in Internal Revenue Code section 164(b) on the amount allowed as a deduction for state and local taxes in Internal Revenue Code section 164(a) for at least some class of taxpayer, then the market resolves to Yes.",Politics,2025-07-25T15:00:00Z,yes,,KXSALTX,kalshi
KXAPCALLSNYC,Will the Associated Press (AP) call the 2025 New York City mayoral election before 9:30 PM ET?,"If the Associated Press (AP) makes its first definitive call of a winner for 2025 New York City mayoral election before 9:30 PM ET on Nov 4, 2025, then the market resolves to Yes.
The call must be an explicit declaration that a candidate, party, or option has won, will win, is projected to win, or equivalent clear language indicating the outlet has determined the winner. The call must appear on one of the outlet's primary platforms (main website, television broadcast, or official social media if that is their primary medium) and not be prefaced with qualifiers suggesting uncertainty such as ""appears to,"" ""likely to,"" ""probably,"" or ""may have."" The relevant time is when the call first becomes publicly visible on the outlet's platform, not when it may have been written, decided internally, or prepared for publication. If the call is later retracted, the market nonetheless resolves to Yes based on the initial call time. Preliminary exit polls, reporting of other outlets' calls, conditional statements, opinion pieces, and technical glitches do not qualify as definitive calls.",Elections,2025-11-05T04:52:00.496708Z,no,,KXAPCALLSNYC,kalshi
KXNFLRECYDS,Tez Johnson records 50+ receiving yards,"If Tez Johnson records 50+ Receiving Yards in the Tampa Bay at Buffalo professional football game originally scheduled for Nov 16, 2025, then the market resolves to Yes.
The following market refers to a player in the Tampa Bay at Buffalo professional football game originally scheduled for Nov 16, 2025. If a player is active but never takes a snap, the market settles to the last fair market price before game start. Once a player takes at least one snap, even if nullified by penalty, the market settles based on Receiving Yards.",Sports,2025-11-16T21:49:52.963364Z,no,,KXNFLRECYDS,kalshi
KXSURVIVORELIMINATION,Will Steven Ramm be eliminated from Survivor Season 49 Episode 8?,"If Steven Ramm is officially eliminated from Survivor Season 49 Episode 8, then the market resolves to Yes.
Elimination includes being voted off, evicted, knocked out, removed from further contention, voluntary withdrawal, disqualification, or producer removal. The declaration must be made through official program broadcast, website, verified social media, or press releases. Multiple simultaneous eliminations count. Initial elimination counts even if the contestant later returns. Eliminations immediately reversed in the same episode don't count. Temporary suspensions, medical holds, or being runner-up in the finale don't count as elimination. If the season is canceled without declaring eliminations, the market resolves to No.",Sports,2025-11-13T15:38:51.661701Z,no,,KXSURVIVORELIMINATION,kalshi
KXQBIDEDUCT,What will the qualified business income (QBI) deduction be in the Republican reconciliation bill?,"If the first budget reconciliation bill to become law before Jan 1, 2027 sets the qualified business income (QBI) deudction to be at least 5%, then the market resolves to Yes.",Politics,2025-07-16T15:27:57.866212Z,yes,,KXQBIDEDUCT,kalshi
KXEULEADEROUT,Will Micheál Martin leave office next in this set?,"If the Taoiseach is the first leader among the above to leave office, then the market resolves to Yes.
An announcement that a leader will leave their position is not sufficient to resolve the Payout Criterion; the individual must actually leave and no longer hold the title. If any leader leaves solely because they have died, then all markets will resolve and the Exchange will determine the payouts to the holders of long and short positions based upon the last traded price (prior to the death) or another fair price.",Politics,2025-05-06T23:09:54.892075Z,no,,KXEULEADEROUT,kalshi
KXSPOTIFYSONGSTFOO,"The Fate of Ophelia streams by Nov 7, 2025?","If The Fate of Ophelia  by Taylor Swift  has above 395 million million total streams on Spotify by Nov 7, 2025 at 10 AM ET, then the market resolves to Yes.
Total stream count will be determined using the Spotify desktop app at 10 AM ET, based on the exact number displayed at that time. Any updates or changes after 10 AM ET will NOT be considered.",Entertainment,2025-11-07T15:00:00Z,yes,,KXSPOTIFYSONGSTFOO,kalshi
KXNEWALBUMBIEBER,"Will Justin Bieber release a new album by Dec 31, 2025?","If Justin Bieber releases a new album by Dec 31, 2025, then the market resolves to Yes.",Entertainment,2025-07-11T11:57:21.290448Z,yes,,KXNEWALBUMBIEBER,kalshi
KXSPOTIFYSONG,Will Charli xcx release a song this yearE?,"If Charli xcx releases a song on Spotify after Issuance (March 20, 2025) and before Dec 31, 2025, then the market resolves to Yes.",Entertainment,2025-11-12T03:31:19.542442Z,yes,,KXSPOTIFYSONG,kalshi
KXMANTISFREETHROWS,How long will it take for Young Mantis to hit 100 free throws in a row?,"If it takes Young Mantis 345 or above hours to make 100 consecutive free throws, then the market resolves to Yes.
If it takes 12 hours and 59 minutes, for example, the market called ""7 to 12 hours"" will resolve to Yes. Only one market can resolve to Yes (at most).",Sports,2025-08-05T02:02:55.963188Z,no,,KXMANTISFREETHROWS,kalshi
KXQBIDEDUCT,What will the qualified business income (QBI) deduction be in the Republican reconciliation bill?,"If the first budget reconciliation bill to become law before Jan 1, 2027 sets the qualified business income (QBI) deudction to be at least 25%, then the market resolves to Yes.",Politics,2025-07-16T15:27:57.866212Z,no,,KXQBIDEDUCT,kalshi
KXACQUIRECOINBASE,Will Coinbase announces an acquisition of any company in 2025?,"If Coinbase announces an acquisition of any company  after issuance and before Jan 1, 2026, then the market resolves to Yes.
The deal need not close; it needs only be announced.",Financials,2025-10-28T14:13:28.565713Z,yes,,KXACQUIRECOINBASE,kalshi
KXMAYORNOLA,Who will win New Orleans Mayoral Election?,"If Royce Duplessis wins New Orleans Mayoral Election in 2025, then the market resolves to Yes.",Elections,2025-10-27T22:25:15.80861Z,no,,KXMAYORNOLA,kalshi
KXCPBFUNDING,Will PBS and NPR be defunded?,"If the Corporation for Public Broadcasting has its funding eliminated before Jan 1, 2026, then the market resolves to Yes.",Politics,2025-07-29T18:30:17.930962Z,yes,,KXCPBFUNDING,kalshi
KXNFLTOTAL,Tampa Bay at Buffalo: Total Points,"If the teams in the Tampa Bay at Buffalo professional football game originally scheduled for Nov 16, 2025 collectively score more than 61.5 points, then the market resolves to Yes.",Sports,2025-11-16T21:39:55.506741Z,yes,,KXNFLTOTAL,kalshi
KXZIWEMENTION,What will Eric Adams say during interview with Ziwe Fumudoh?,"If Eric Adams says Zohran / Mamdani as part of interview with Ziwe Fumudoh, then the market resolves to Yes.
Video of the interview with Ziwe Fumudoh will be primarily used to resolve the market; if a consensus by Kalshi employees cannot be reached using video, transcripts of the interview with Ziwe Fumudoh will be used according to the news publications listed in the contract. The exact phrase/word, or a plural or possessive form of the phrase/word, must be used. Grammatical/tense inflections are otherwise not included. Please see full rules for more details. For the purpose of this market, additional clips or recordings not included in the original release of the interview will not count.",Mentions,2025-11-07T15:00:00Z,no,,KXZIWEMENTION,kalshi
KXTRUMPFOOTBALL,Will Donald Trump attend any pro or college football game?,"If Donald Trump attends any pro or college football game before Jan 1, 2026, then the market resolves to Yes.
Attendance is confirmed if the person is reported present at the event by any Source Agency, including social media posts by the person themselves. Virtual attendance counts as attendance unless the event is explicitly in-person only. Brief appearances or partial attendance count as attendance. The event must occur in the specified year. If the event is cancelled, postponed beyond the expiration date, or does not occur in the specified year, the market resolves to No.",Entertainment,2025-11-09T23:58:08.622456Z,yes,,KXTRUMPFOOTBALL,kalshi
KXHIGHPHIL,"Will the **high temp in Philadelphia** be >61° on Nov 15, 2025?","If the highest temperature recorded at Philadelphia International Airport for November 15, 2025 as reported by the National Weather Service's Climatological Report (Daily), is greater than 61°, then the market resolves to Yes.
Not all weather data is the same. While checking a source like AccuWeather or Google Weather may help guide your decision, the official and final value used to determine this market is the highest temperature as reported by the corresponding NWS Climatological Report (Daily) linked in the rules above. Preliminary NWS reporting and measurement methods may be subject to underlying rounding and conversion nuances. Traders should exercise caution when interpreting preliminary NWS data.",Climate and Weather,2025-11-16T04:59:00Z,no,,KXHIGHPHIL,kalshi
KXNFLWINS-NYJ,Will the New York J pro football team win more than 16 times this season?,"If the New York J pro football team has more than 16 wins in the 2025-26 regular season, then the market resolves to Yes.
Ties do not count as wins.",Sports,2025-09-23T14:28:50.660306Z,no,,KXNFLWINS-NYJ,kalshi
KXSOLETHRATIO,"Will the SOL/ETH ratio be above .05 before Jan 1, 2026?","If the SOL/ETH ratio is above .05 at 10:00 AM ET on Jan 1, 2026, then the market resolves to Yes.
The SOL/ETH ratio is calculated as the SOL price in USD divided by the ETH price in USD at the specified time. The ratio check occurs once at the specified time on the target date. If the primary source (CoinGecko) is unavailable at the specified time, the most recent available data point within the 1 hour prior will be used. If no data is available within 1 hour prior, fallback sources will be consulted in hierarchical order: CoinMarketCap, CryptoCompare, and Binance. For the ""above"" operator, the ratio must be strictly greater than the threshold value. For the ""below"" operator, the ratio must be strictly less than the threshold value. If either SOL or ETH experiences a chain halt lasting more than 6 hours that includes the check time, the last available price before the halt will be used.",Crypto,2025-09-12T21:36:00.905817Z,yes,,KXSOLETHRATIO,kalshi
KXNFLWINS-CAR,Will the Carolina pro football team win more than 4 times this season?,"If the Carolina pro football team has more than 4 wins in the 2025-26 regular season, then the market resolves to Yes.
Ties do not count as wins.",Sports,2025-11-03T08:01:43.904431Z,yes,,KXNFLWINS-CAR,kalshi
KXRANKLISTAPPREALSPORTS,"Will 'Real Sports' be a top 10 sports app before Nov 15th, 2025?","If Real Sports is in the Top 10 on the  Top Free iPhone Sports apps on the App Store - Apple before Nov 15, 2025, then the market resolves to Yes.",Sports,2025-11-15T15:00:00Z,no,,KXRANKLISTAPPREALSPORTS,kalshi
KXMUSKDOGE,"Will Elon Musk leave the DOGE before May 1, 2025?","If Elon Musk has left the Department of Government Efficiency before May 1, 2025, then the market resolves to Yes.
If Elon Musk continues to work for the Department of Government Efficiency on May 1, 2025 this respective market will resolve No. It is our determination that the payout criterion for this market has not been met. As a result, all markets within the event will remain open until the payout criterion has been met or the expiration date passes.

The rules state that ""If DOGE is renamed, restructured, or absorbed into another entity, then that does not trigger the Payout Criterion. Musk leaving his role for a successor role in a changed or absorbed version of DOGE would not be encompassed within the Payout Criterion.""

Elon Musk led DOGE until Jan 20, 2025, when DOGE became a government agency as the result of an executive order. When DOGE became a government agency it was not clear what Elon Musk's role was at DOGE. Since then, the New York Times has reported that Elon Musk has left his role as a leader of DOGE for a successor role in a changed or absorbed version of DOGE.

The New York Times wrote on Feb 25th, ""Amy Gleason, a former health care investment executive, is serving as the acting administrator of the Department of Government Efficiency, the government-overhaul task force imposing dramatic changes across the federal bureaucracy under the direction of Elon Musk, a White House official said on Tuesday."" 

The following change in role is not encompassed within the Payout Criterion because Elon Musk has left his role as a leader of DOGE for a successor role in a changed or absorbed version of DOGE.

If Mr. Musk leaves this role for one that is not related to DOGE,  the market will then resolve to Yes. If Elon Musk stays in this role or leaves his current role for a different role within DOGE and stays in that one through the expiration date for a given market, the market will resolve to No on its expiration date.",Politics,2025-05-01T14:00:00Z,no,,KXMUSKDOGE,kalshi
KXBLASTRIVALS2,Will paiN win BLAST Rivals 2025 Season 2?,"If paiN wins BLAST Rivals 2025 Season 2, then the market resolves to Yes.",Sports,2025-11-16T18:46:50.536573Z,no,,KXBLASTRIVALS2,kalshi
KXBTCATH,"Will Bitcoin be above $124457.12 by Dec 31, 2025 at 11:59PM ET?","If the Bitcoin spot price according to the CF Bitcoin Real-Time Index is above $124457.12 starting 10/01/2025 10:00 AM ET and before Dec 31, 2025 at 11:59PM ET, then the market resolves to Yes.
The market resolves based on the CF Bitcoin Real-Time Index (BRTI) using a trimmed mean calculation. The resolution value is calculated by taking all BRTI values for each minute from market issuance until the specified time on the target date, removing the top 20% and bottom 20% of values, then averaging the remaining 60% of values. If the BRTI crosses the threshold at any point during the measurement period (triggering early expiration), the market immediately resolves. If no data is available at the expiration time, the market resolves to No. The market can resolve early if Bitcoin definitively crosses the threshold before the target date and time.",Crypto,2025-10-05T05:16:51.023237Z,yes,,KXBTCATH,kalshi
KXBESTACTORTONYAWARDS,Will Louis McCartney win Best Performance by an Actor in a Leading Role in a Play at the Tonys?,"If Louis McCartney has won Best Performance by an Actor in a Leading Role in a Play at the 78th Academy Awards, then the market resolves to Yes.
The 78th Tony Awards are expected to be held on June 8th, 2025.",Entertainment,2025-06-09T04:16:54.185272Z,no,,KXBESTACTORTONYAWARDS,kalshi
KXLEAVITTMENTIONDURATION,How long will Karoline Leavitt speak for at next Press Briefing?,"If Karoline Leavitt speaks for 65 or above minutes at the next Press Briefing before Jan 2, 2026, then the market resolves to Yes.
Speaking will be measured from first word audibly said by Karoline Leavitt to the last word audibly said by Karoline Leavitt. Pauses in speech will be included in the speech time if they are between those two points. *If additional speaker(s) participate in the Press Briefing and become the primary speaker, the length of Karoline Leavitt's Press Briefing speech will include the other speaker(s) if Karoline Leavitt regains the primary speaker position. *",Mentions,2025-10-23T19:32:39.92128Z,no,,KXLEAVITTMENTIONDURATION,kalshi
KXNEWPOPEROUNDS,How many rounds will it take to elect the new Pope?,"If the next Pope is elected after exactly 9 to 10 rounds of voting, then the market resolves to Yes.",World,2025-05-08T17:25:57.216706Z,no,,KXNEWPOPEROUNDS,kalshi
KXSNAPDELAY,"Will the U.S. Department of Agriculture (USDA) or the Office of Management and Budget (OMB) announce an ongoing nationwide delay, suspension, reduction, or non-issuance of November 2025 SNAP benefits to recipients on their scheduled payment dates due to a lapse in appropriations in 2025?","If the U.S. Department of Agriculture (USDA) or the Office of Management and Budget (OMB) announces an ongoing nationwide delay, suspension, reduction, or non-issuance of November 2025 SNAP benefits (food stamps) to recipients on their scheduled payment dates due to a lapse in appropriations before Dec 1, 2025, then the market resolves to Yes.",Politics,2025-11-06T19:40:49.676832Z,yes,,KXSNAPDELAY,kalshi
KXRANKLISTSONGTHRILLER,"Will Thriller by Michael Jackson be in the Top 10 on Billboard Hot 100 Chart for the week of November 8, 2025?","If Thriller by Michael Jackson is in the Top 10 on the Billboard Hot 100 Chart for the week of November 8, 2025, then the market resolves to Yes.",Sports,2025-11-03T19:32:52.539322Z,no,,KXRANKLISTSONGTHRILLER,kalshi
KXUCLSPREAD,Marseille wins by over 1.5 goals?,"If Marseille wins by more than 1.5 goals in the Atalanta at Marseille UCL soccer match originally scheduled for Nov 5, 2025, then the market resolves to Yes.",Sports,2025-11-05T22:16:52.553277Z,no,,KXUCLSPREAD,kalshi
KXEULEADEROUT,Will Ulf Kristersson leave office next in this set?,"If the Prime Minister of Sweden is the first leader among the above to leave office, then the market resolves to Yes.
An announcement that a leader will leave their position is not sufficient to resolve the Payout Criterion; the individual must actually leave and no longer hold the title. If any leader leaves solely because they have died, then all markets will resolve and the Exchange will determine the payouts to the holders of long and short positions based upon the last traded price (prior to the death) or another fair price.",Politics,2025-05-06T23:09:54.892075Z,no,,KXEULEADEROUT,kalshi
KXEUROVISIONJURY,Who will win the Jury Vote in Eurovision 2025?,"If Malta wins Jury Vote in Eurovision 2025, then the market resolves to Yes.",Entertainment,2025-05-17T23:22:44.835468Z,no,,KXEUROVISIONJURY,kalshi
KXSPOTIFYGLOBALD,"Top Global Song on Spotify on Nov 15, 2025?","If The Fate of Ophelia is #1 on the Daily Top Songs Global chart on the chart dated Nov 15, 2025, then the market resolves to Yes.",Entertainment,2025-11-16T04:59:00Z,yes,,KXSPOTIFYGLOBALD,kalshi
KXUSELECTIONARIZONA7,"Who will win Arizona's 7th Congressional District special election, 2025?","If the Democratic Party wins Arizona's 7th Congressional District special election in 2025, then the market resolves to Yes.",Elections,2025-10-14T17:51:06.931371Z,yes,,KXUSELECTIONARIZONA7,kalshi
KXSURGEON,Who will be confirmed as Surgeon General?,"If Janette Nesheiwat is the first person confirmed by the Senate to be Surgeon General before Jan 1, 2026, then the market resolves to Yes.",Politics,2025-11-01T18:43:45.451196Z,no,,KXSURGEON,kalshi
KXFDAAPPROVAL,Will the FDA approve TNX-102 SL this year?,"If the FDA approves TNX-102 SL for marketing before Dec 31, 2025, then the market resolves to Yes.",World,2025-08-21T17:31:51.180642Z,yes,,KXFDAAPPROVAL,kalshi
KXEWCDOTA2,Will Team Yandex win the Dota 2 at 2025 Esports World Cup?,"If Team Yandex wins Dota 2 at 2025 Esports World Cup, then the market resolves to Yes.",Sports,2025-07-20T17:12:28.40446Z,no,,KXEWCDOTA2,kalshi
KXCDASEATS,Will Christian Democratic Appeal (CDA) win at least 30 seats in 2025 Dutch general election?,"If Christian Democratic Appeal (CDA) has won at_least 30 seats in 2025 Dutch general election, then the market resolves to Yes.
A seat is considered ""won"" when a candidate affiliated with the specified party has been declared elected by the relevant electoral authority and either the time for legal challenges has expired, challenges have been resolved, or the member has taken their seat. Party affiliation is determined by the party under whose banner the candidate was elected, regardless of subsequent changes. The count is determined when the new legislature takes their seats, even if some seats remain vacant or challenged. If the election is postponed beyond one year from the original date or cancelled entirely, the market resolves to the last fair market price. Only seats actually contested and filled are counted in partial elections. By-elections after the main election are included only if seated simultaneously with the rest of the legislature.",Elections,2025-11-07T22:18:57.744318Z,no,,KXCDASEATS,kalshi
KXNFLMENTION,What will Joe Buck and/or Troy Aikman say during Philadelphia at Green Bay pro football game commentary?,"If Joe Buck and/or Troy Aikman says Wild as part of Philadelphia at Green Bay pro football game commentary, then the market resolves to Yes.
Video of the Philadelphia at Green Bay pro football game commentary will be primarily used to resolve the market; if a consensus by Kalshi employees cannot be reached using video, transcripts of the Philadelphia at Green Bay pro football game commentary will be used according to the news publications listed in the contract. The exact phrase/word, or a plural or possessive form of the phrase/word, must be used. Grammatical/tense inflections are otherwise not included. Please see full rules for more details. Commentary will count once kick off has occurred and end once the game has concluded. Should the game go into overtime, the commentary will continue to count until the game has ended.",Mentions,2025-11-11T15:00:00Z,no,,KXNFLMENTION,kalshi
KXSERIEAGAME,Inter vs Lazio Winner?,"If Lazio wins the Inter vs Lazio professional Serie A soccer game originally scheduled for Nov 9, 2025 after 90 minutes plus stoppage time (does not include extra time or penalties), then the market resolves to Yes.
The following market refers to the Inter vs Lazio professional Serie A soccer game originally scheduled for Nov 9, 2025 after 90 minutes plus stoppage time (does not include extra time or penalties). If the game ends in a tie, the market called ""Tie"" resolves to Yes. If the game is cancelled or rescheduled to over two weeks away, the market will resolve to a fair price in accordance with the rules.",Sports,2025-11-09T21:49:47.31123Z,no,,KXSERIEAGAME,kalshi
KXEUROVISIONHOST,Which city will host Eurovision 2026?,"If Vienna hosts Eurovision 2026, then the market resolves to Yes.",Entertainment,2025-09-08T17:06:15.747679Z,yes,,KXEUROVISIONHOST,kalshi
KXTOPALBUMRECORDMBF,How many straight weeks will Man's Best Friend be #1?,"If Man's Best Friend has had the #1 spot on the Billboard 200 for more than 7 consecutive weeks, then the market resolves to Yes.
**This market and these products have not been endorsed by Billboard. Any references to ""Billboard"", the ""Hot 100,"" or any other associated marks are descriptive only, and do not indicate an endorsement of this product or any affiliation between Billboard and Kalshi.** If this event occurs, or the streak ends, the market will close the following 10am ET. This market specifically encompasses the first streak Man's Best Friend holds.",Entertainment,2025-09-16T16:04:37.755223Z,no,,KXTOPALBUMRECORDMBF,kalshi
KXUSELECTIONARIZONA7,Which party will win Arizona's 7th Congressional District special election?,"If the Republican Party wins Arizona's 7th Congressional District special election in 2025, then the market resolves to Yes.",Elections,2025-10-14T17:51:06.931371Z,no,,KXUSELECTIONARIZONA7,kalshi
KXNORWAYSECOND,Will H finish 2nd in Norway?,"If H finishes in 2nd place in the 2025 Norwegian parliamentary election in Norway according to the certified results, then the market resolves to Yes.
Ranking is determined by the specified counting method. For proportional representation: rank follows the electoral authority's final seat allocation order. In case of exact ties, markets resolve proportionally (1/number of tied entities). If the election is cancelled or postponed beyond expiration, all markets resolve to No.",Elections,2025-09-22T03:19:28.773189Z,no,,KXNORWAYSECOND,kalshi
KXNFLWINS-DET,Will the Detroit pro football team win more than 16 times this season?,"If the Detroit pro football team has more than 16 wins in the 2025-26 regular season, then the market resolves to Yes.
Ties do not count as wins.",Sports,2025-09-23T16:27:23.427623Z,no,,KXNFLWINS-DET,kalshi
KXNFLWINS-CHI,Will the Chicago pro football team win more than 16 times this season?,"If the Chicago pro football team has more than 16 wins in the 2025-26 regular season, then the market resolves to Yes.
Ties do not count as wins.",Sports,2025-09-23T15:45:59.637257Z,no,,KXNFLWINS-CHI,kalshi
KXNEXTTEAMWESTBROOK,What will be Russell Westbrook's next team?,"If Russell Westbrook's next team is Sacramento before Dec 31, 2025, then the market resolves to Yes.",Sports,2025-10-17T14:50:06.336301Z,yes,,KXNEXTTEAMWESTBROOK,kalshi
KXEARNINGSMENTIONABNB,"What will Airbnb, Inc. say during their next earnings call?","If Take Rate is said by any Airbnb, Inc. representative (including the operator of the call) during the next Airbnb, Inc. earnings call (including the Q+A), then the market resolves to Yes.
Video of the Airbnb, Inc. earnings call will be primarily used to resolve the market; if a consensus by Kalshi employees cannot be reached using video, transcripts of the Airbnb, Inc. earnings call will be used according to the news publications listed in the contract. The exact phrase/word, or a plural or possessive form of the phrase/word, must be used. Grammatical/tense inflections are otherwise not included. Please see full rules for more details.",Companies,2025-11-07T18:13:28.98364Z,no,,KXEARNINGSMENTIONABNB,kalshi
KXAUSSEATSGREENS,above 4 or above Greens seats won?,"If the Greens win 4 or above seats in the next Australian election for the House of Representatives, then the market resolves to Yes.",Politics,2025-06-19T20:29:03.409774Z,no,,KXAUSSEATSGREENS,kalshi
KXTRUMPSETTLECBS,Will Trump settle his lawsuit with CBS before 2026?,"If Donald Trump settles his lawsuit regarding 60 Minutes' interview with Kamala Harris with CBS before Jan 1, 2026, then the market resolves to Yes.",Politics,2025-07-03T15:20:12.023572Z,yes,,KXTRUMPSETTLECBS,kalshi
KXEARNINGSMENTIONCRWV,"What will CoreWeave, Inc. say during their next earnings call?","If Storage is said by any CoreWeave, Inc. representative (including the operator of the call) during the next CoreWeave, Inc. earnings call (including the Q+A), then the market resolves to Yes.
Video of the CoreWeave, Inc. earnings call will be primarily used to resolve the market; if a consensus by Kalshi employees cannot be reached using video, transcripts of the CoreWeave, Inc. earnings call will be used according to the news publications listed in the contract. The exact phrase/word, or a plural or possessive form of the phrase/word, must be used. Grammatical/tense inflections are otherwise not included. Please see full rules for more details.",Companies,2025-11-11T21:21:55.742815Z,yes,,KXEARNINGSMENTIONCRWV,kalshi
KXCANRESIGNCOUNT,How many Canadian party leaders will resign after the 2025 election?,"If 6 Canadian political party leaders announce their intent to resign their positions as party leader within a week of the election being called in 2025, then the market resolves to Yes.
This specifically and exclusively includes the leaders of the Liberal Party, Conservative Party, New Democratic Party, Bloc Québécois, Green Party, People’s Party. This market is specifically about the number of leaders who resign and not the number of parties that have leaders resign.",Politics,2025-05-13T16:12:20.558205Z,no,,KXCANRESIGNCOUNT,kalshi
KXMAYORDETROIT,Will Shri Thanedar win the election for the Mayor of Detroit in 2025?,"If Shri Thanedar wins the election for Mayor in Detroit in 2025, then the market resolves to Yes.",Elections,2025-11-07T17:00:57.909591Z,no,,KXMAYORDETROIT,kalshi
KXEOWEEK,"Will the President sign  Executive Orders between Nov 2, 2025 and Nov 8, 2025?","If the President signs any Executive Orders during Nov 2, 2025 to Nov 8, 2025, then the market resolves to Yes.
An Executive Order must be formally titled ""Executive Order"" followed by a number, signed by the President, and published in the Federal Register. Presidential Memoranda, Proclamations, Determinations, and other executive actions that are not formally numbered Executive Orders do not count. The signing date as recorded in the Federal Register determines which period an Executive Order belongs to, using ET timezone. Classified Executive Orders count if acknowledged by number. Executive Orders that are later revoked still count for the period they were signed. The Federal Register is the primary source; alternative sources are used only if the Federal Register explicitly states data is incomplete.",Politics,2025-11-07T17:08:16.555669Z,yes,,KXEOWEEK,kalshi
KXCREDITRATING,"Will the U.S. credit rating be downgraded by December 31, 2025?","If U.S. credit is downgraded by any of the three major credit ratings agencies by December 31, 2025, then the market resolves to Yes.",Politics,2025-05-20T19:30:33.348052Z,yes,,KXCREDITRATING,kalshi
KXENDOWMENT,"Will taxes on university endowments go up before Jan 1, 2026?","If taxes on university endowments or endowment income are raised before Jan 1, 2026, then the market resolves to Yes.",Politics,2025-07-07T20:38:44.83Z,yes,,KXENDOWMENT,kalshi
KXLIGAMXGAME,Club Santos Laguna vs CF Pachuca Winner?,"If Club Santos Laguna wins the Club Santos Laguna vs CF Pachuca professional Liga MX soccer game originally scheduled for Nov 9, 2025 after 90 minutes plus stoppage time (does not include extra time or penalties), then the market resolves to Yes.
The following market refers to the Club Santos Laguna vs CF Pachuca professional Liga MX soccer game originally scheduled for Nov 9, 2025 after 90 minutes plus stoppage time (does not include extra time or penalties). If the game ends in a tie, the market called ""Tie"" resolves to Yes. If the game is cancelled or rescheduled to over two weeks away, the market will resolve to a fair price in accordance with the rules.",Sports,2025-11-10T01:04:43.54406Z,yes,,KXLIGAMXGAME,kalshi
KXMEDICAIDCUTS,How much will the Republican reconcilliation bill cut Medicaid?,"If the first budget reconciliation bill to become law before Jan 1, 2027 cuts at least $800 billion from the Medicaid, then the market resolves to Yes.",Politics,2025-07-08T21:44:19.08942Z,yes,,KXMEDICAIDCUTS,kalshi
KXDEDUCT,What will the standard deduction be in the Republican reconciliation bill?,"If the first budget reconciliation bill to become law before Jan 1, 2027 sets the standard deduction for married couples filing jointly to be at least $25 thousand, then the market resolves to Yes.",Politics,2025-07-07T20:39:53.107175Z,yes,,KXDEDUCT,kalshi
KXIRELANDPRES,Who will be elected President of Ireland in 2025?,"If Jim Gavin is elected President of Ireland in 2025, then the market resolves to Yes.",Politics,2025-10-26T04:03:50.703168Z,no,,KXIRELANDPRES,kalshi
KXNBASPREAD,Milwaukee wins by over 5.5 Points?,"If Milwaukee wins by more than 5.5 points in the Los Angeles L at Milwaukee professional basketball game originally scheduled for Nov 15, 2025, then the market resolves to Yes.",Sports,2025-11-16T04:14:32.059686Z,no,,KXNBASPREAD,kalshi
KXMIRANMENTION,What will Stephen Miran say during speech at the BCVC Summit 2025?,"If Stephen Miran says Token / Tokenization as part of speech at the BCVC Summit 2025, then the market resolves to Yes.
Video of the speech at the BCVC Summit 2025 will be primarily used to resolve the market; if a consensus by Kalshi employees cannot be reached using video, transcripts of the speech at the BCVC Summit 2025 will be used according to the news publications listed in the contract. The exact phrase/word, or a plural or possessive form of the phrase/word, must be used. Grammatical/tense inflections are otherwise not included. Please see full rules for more details. For the purpose of this market, Q&A will count.",Mentions,2025-11-07T21:19:34.742104Z,no,,KXMIRANMENTION,kalshi
KXIPODISCORD,When will Discord IPO?,"If Discord confirms an IPO before Sep 1, 2025, then the market resolves to Yes.
An IPO is confirmed if 1) the SEC declares the company's Form S-1 effective OR 2) the IPO is priced OR 3) a securities exchange has assigned a ticker to it. As long as any of those events occur, the market will immediately resolve to Yes, even if the company does not start trading until after Sep 1, 2025.",Economics,2025-09-01T03:59:00Z,no,,KXIPODISCORD,kalshi
KXG7LEADEROUT,Will Mark Carney leave office next in this set?,"If Mark Carney is the first leader among the above to leave office, then the market resolves to Yes.
An announcement that a leader will leave their position is not sufficient to resolve the Payout Criterion; the individual must actually leave and no longer hold the title. If any leader leaves solely because they have died, then all markets will resolve and the Exchange will determine the payouts to the holders of long and short positions based upon the last traded price (prior to the death) or another fair price.",Politics,2025-10-22T18:43:14.578514Z,no,,KXG7LEADEROUT,kalshi
KXVOTESHUTDOWNH,"Will Greg Steube vote for the next omnibus spending bill, minibus, or government-wide continuing resolution (CR)?","If Greg Steube votes for the next omnibus spending bill, minibus, or government-wide continuing resolution (CR) in the House before Jan 1, 2026, then the market resolves to Yes.",Politics,2025-11-13T03:36:10.632501Z,no,,KXVOTESHUTDOWNH,kalshi
KXUSAMBSWISS,When will Trump's nominee for Ambassador to Switzerland be confirmed?,"If Callista Gingrich is the first person confirmed by the Senate to be Ambassador to Switzerland before Nov 1, 2025, then the market resolves to Yes.",Politics,2025-09-19T20:11:51.837392Z,yes,,KXUSAMBSWISS,kalshi
KXDUTCHSECOND,Will People's Party for Freedom and Democracy finish 2nd in the Netherlands?,"If People's Party for Freedom and Democracy finishes in 2nd place in 2025 Dutch general election in the Netherlands according to the certified results, then the market resolves to Yes.
Ranking is determined by the specified counting method. For plurality voting: rank is based on vote count or percentage. For ranked choice voting: rank is determined by elimination order (runner-up is eliminated in final round for second place). For two-round systems: rank is based on final round results if it proceeds to second round, otherwise first-round totals. For proportional representation: rank follows the electoral authority's final seat allocation order. In case of exact ties, markets resolve proportionally (1/number of tied entities). Write-in candidates achieving the specified rank resolve all named candidate markets to No unless a specific ""Write-in"" or ""Other"" option exists. Candidates who withdraw or are disqualified after the filing deadline but remain on the ballot are ranked based on votes received. If the election is cancelled or postponed beyond expiration, all markets resolve to No.",Elections,2025-11-08T23:36:55.431985Z,no,,KXDUTCHSECOND,kalshi
KXMARIOKART9,Who will be playable in Mario Kart 9 at launch?,"If Captain Falcon is playable on the release date of the US version of Mario Kart 9, then the market resolves to Yes.",Entertainment,2025-06-05T22:14:02.105725Z,no,,KXMARIOKART9,kalshi
KXNFLWINS-KC,Will the Kansas City pro football team win more than 4 times this season?,"If the Kansas City pro football team has more than 4 wins in the 2025-26 regular season, then the market resolves to Yes.
Ties do not count as wins.",Sports,2025-10-28T07:01:46.08373Z,yes,,KXNFLWINS-KC,kalshi
KXNORWAYPF,Will Patient Focus (PF) party win at least 1 seat in the 2025 Norwegian parliamentary election?,"If Patient Focus (PF) party has won at least 1 seat in the 2025 Norwegian parliamentary election, then the market resolves to Yes.
A seat is considered ""won"" when a candidate affiliated with the specified party has been declared elected by the relevant electoral authority and either the time for legal challenges has expired, challenges have been resolved, or the member has taken their seat. Party affiliation is determined by the party under whose banner the candidate was elected, regardless of subsequent changes. The count is determined when the new legislature takes their seats, even if some seats remain vacant or challenged. If the election is postponed beyond one year from the original date or cancelled entirely, the market resolves to the last fair market price. Only seats actually contested and filled are counted in partial elections. By-elections after the main election are included only if seated simultaneously with the rest of the legislature.",Elections,2025-09-22T03:30:21.690967Z,no,,KXNORWAYPF,kalshi
KXTOPALBUMRECORDMBF,How many straight weeks will Man's Best Friend be #1?,"If Man's Best Friend has had the #1 spot on the Billboard 200 for more than 8 consecutive weeks, then the market resolves to Yes.
**This market and these products have not been endorsed by Billboard. Any references to ""Billboard"", the ""Hot 100,"" or any other associated marks are descriptive only, and do not indicate an endorsement of this product or any affiliation between Billboard and Kalshi.** If this event occurs, or the streak ends, the market will close the following 10am ET. This market specifically encompasses the first streak Man's Best Friend holds.",Entertainment,2025-09-16T16:04:48.215049Z,no,,KXTOPALBUMRECORDMBF,kalshi
KXMRBEAST100M,Will any MrBeast video get more than 100 Million views a week after upload?,"If MrBeast uploads a video that receives more than 100 Million views seven days after the upload date at 10:00 AM ET, before Jan 1, 2026, then the market resolves to Yes.
This market will count the number of views on the seventh day AFTER the upload date. For example, if a video is uploaded on June 15th, then the view count will be checked at 10:00 AM ET seven days AFTER that date, on June 23rd.",Entertainment,2025-07-24T13:29:37.710343Z,yes,,KXMRBEAST100M,kalshi
KXVSFANTASYBRA,Will Suni Lee wear a bra designated by Victoria’s Secret as the “Fantasy Bra” during Victoria's Secret Fashion Show 2025?,"If Suni Lee is documented wearing a bra designated by Victoria’s Secret as the “Fantasy Bra” during Victoria's Secret Fashion Show 2025, then the market resolves to Yes.
The person must be photographed or video recorded with the article of clothing visibly worn on their body as intended (e.g., a jacket on the torso, not carried or draped). Valid documentation includes official event photography, live television coverage, professional photography from Source Agencies, or video footage from Source Agencies. The person must be clearly identifiable. Carrying, holding, or draping the item without properly wearing it does not qualify. Similar but not identical items do not satisfy the criterion. Documentation where the person cannot be clearly identified does not count toward resolution. Each year, Victoria’s Secret typically designates one bra as the “Fantasy Bra” for its annual Fashion Show. The bra may also be given a unique name (e.g., “Royal Fantasy Bra,” “Champagne Nights Fantasy Bra”) in press releases or media coverage. For the purposes of this market, “Fantasy Bra” refers only to a bra that Victoria’s Secret explicitly refers to as the “Fantasy Bra,” regardless of its specific title. If no bra is designated as the Fantasy Bra for that year, all outcomes resolve to “No.” If more than one Fantasy Bra is designated, each wearer will be treated as a separate valid outcome. The Victoria's Secret Fashion Show is scheduled to take place on Wednesday, October 15, 2025.",Social,2025-10-16T14:07:03.82311Z,no,,KXVSFANTASYBRA,kalshi
KXBESTACTORMUS,Will Tom Francis win Best Performance by an Actor in a Leading Role in a Musical at the Tonys?,"If Tom Francis has won Best Performance by an Actor in a Leading Role in a Musical at the 78th Academy Awards, then the market resolves to Yes.
The 78th Tony Awards are expected to be held on June 8th, 2025.",Entertainment,2025-06-09T04:17:30.592286Z,no,,KXBESTACTORMUS,kalshi
KXNEWVIDEOOUTDOORBOYS,Will @OutdoorBoys post a new video on YouTube this year?,"If @OutdoorBoys publishes a new YouTube video before Jan 1, 2026, then the market resolves to Yes.
New re-uploads of old videos are not encompassed.",Social,2025-11-12T18:10:28.331485Z,yes,,KXNEWVIDEOOUTDOORBOYS,kalshi
KXSWIFTMENTION,What will Taylor Swift say during New Heights Show?,"If Taylor Swift says Next Year as part of New Heights Show, then the market resolves to Yes.
Video of the New Heights Show will be primarily used to resolve the market; if a consensus by Kalshi employees cannot be reached using video, transcripts of the New Heights Show will be used according to the news publications listed in the contract. The exact phrase/word, or a plural or possessive form of the phrase/word, must be used. Grammatical/tense inflections are otherwise not included. Please see full rules for more details.",Politics,2025-08-14T16:40:40.025248Z,no,,KXSWIFTMENTION,kalshi
KXSHIBAD,"Shiba Inu price  on Nov 16, 2025?","If the simple average of the 60 seconds of CF Benchmarks' Shiba Inu-Dollar Spot Rate (SHIBUSD_RTI) before 5 PM EST is above 0.000018499 at 5 PM EST on Nov 16, 2025, then the market resolves to Yes.
Not all cryptocurrency price data is the same. While checking a source like Google or Coinbase may help guide your decision, the price used to determine this market is based on CF Benchmarks' corresponding Real Time Index (RTI). At the last minute before expiration, 60 RTI prices are collected. The official and final value is the average of these prices.",Crypto,2025-11-16T22:00:00Z,no,,KXSHIBAD,kalshi
KXSPOTIFYSONGSTFOO,"The Fate of Ophelia streams by Nov 7, 2025?","If The Fate of Ophelia  by Taylor Swift  has above 400 million million total streams on Spotify by Nov 7, 2025 at 10 AM ET, then the market resolves to Yes.
Total stream count will be determined using the Spotify desktop app at 10 AM ET, based on the exact number displayed at that time. Any updates or changes after 10 AM ET will NOT be considered.",Entertainment,2025-11-07T15:00:00Z,yes,,KXSPOTIFYSONGSTFOO,kalshi
KXVOTEHUBTRUMPUPDOWN,Will Trump's approval rating increase this week?,"If the VoteHub time-adjusted average for Donald Trump's approval rating is above 43.0% at 10:00 AM November 14, then the market resolves to Yes.
The market resolves based on the VoteHub time-adjusted average displayed at 10:00 AM ET on November 14. The value must match exactly as displayed on VoteHub's platform, including subject name formatting. Values are compared using one decimal place precision. If VoteHub doesn't display data for the specified date, the most recent prior time-adjusted average is used. Only the time-adjusted average counts, not raw polling averages.",Politics,2025-11-14T04:59:00Z,no,,KXVOTEHUBTRUMPUPDOWN,kalshi
KXBIGGESTQUAKE,What will the biggest earthquake be this year?,"If the highest magnitude earthquake in the world in 2025 Is at least 8.5  Mw, then the market resolves to Yes.",Climate and Weather,2025-07-30T14:27:11.742246Z,yes,,KXBIGGESTQUAKE,kalshi
KXCHANCELLOR,Will  win the German Chancellorship?,"If the first Chancellor for the next session of Parliament is a member of Greens, then the market resolves to Yes.",Elections,2025-05-07T01:24:33.682578Z,no,,KXCHANCELLOR,kalshi
KXRTWITCHERS4,The Witcher: Season 4 Rotten Tomatoes score?,"If The Witcher: Season 4 has a Tomatometer score of above 70 on Dec 31, 2025 at 10:00AM ET, then the market resolves to Yes.
This market will resolve the day after the premiere, which has been reported as of September 13, 2025, to be October 30, 2025. Strikes will be determined at October 31, 2025 at 10:00 AM ET.",Entertainment,2025-10-31T14:24:35.586266Z,no,,KXRTWITCHERS4,kalshi
KXJAMESBOND,Will Edgar Wright direct James Bond?,If Edgar Wright is chosen to be the director of the 26th  James Bond movie the market resolves to Yes.,Entertainment,2025-06-26T01:56:15.519407Z,no,,KXJAMESBOND,kalshi
KXBTCD,"Bitcoin price  on Nov 16, 2025?","If the simple average of the sixty seconds of CF Benchmarks' Bitcoin Real-Time Index (BRTI) before 6 PM EST is above 99999.99 at 6 PM EST on Nov 16, 2025, then the market resolves to Yes.
Not all cryptocurrency price data is the same. While checking a source like Google or Coinbase may help guide your decision, the price used to determine this market is based on CF Benchmarks' corresponding Real Time Index (RTI). At the last minute before expiration, 60 RTI prices are collected. The official and final value is the average of these prices.",Crypto,2025-11-16T23:00:00Z,no,,KXBTCD,kalshi
KXRECOGPALESTINE,Who will recognize Palestine?,"If Canada recognizes Palestine before Dec 31, 2025, then the market resolves to Yes.",Politics,2025-09-21T15:53:20.612695Z,yes,,KXRECOGPALESTINE,kalshi
KXVSFANTASYBRA,Will Barbie Ferreira wear a bra designated by Victoria’s Secret as the “Fantasy Bra” during Victoria's Secret Fashion Show 2025?,"If Barbie Ferreira is documented wearing a bra designated by Victoria’s Secret as the “Fantasy Bra” during Victoria's Secret Fashion Show 2025, then the market resolves to Yes.
The person must be photographed or video recorded with the article of clothing visibly worn on their body as intended (e.g., a jacket on the torso, not carried or draped). Valid documentation includes official event photography, live television coverage, professional photography from Source Agencies, or video footage from Source Agencies. The person must be clearly identifiable. Carrying, holding, or draping the item without properly wearing it does not qualify. Similar but not identical items do not satisfy the criterion. Documentation where the person cannot be clearly identified does not count toward resolution. Each year, Victoria’s Secret typically designates one bra as the “Fantasy Bra” for its annual Fashion Show. The bra may also be given a unique name (e.g., “Royal Fantasy Bra,” “Champagne Nights Fantasy Bra”) in press releases or media coverage. For the purposes of this market, “Fantasy Bra” refers only to a bra that Victoria’s Secret explicitly refers to as the “Fantasy Bra,” regardless of its specific title. If no bra is designated as the Fantasy Bra for that year, all outcomes resolve to “No.” If more than one Fantasy Bra is designated, each wearer will be treated as a separate valid outcome. The Victoria's Secret Fashion Show is scheduled to take place on Wednesday, October 15, 2025.",Social,2025-10-16T23:56:35.529216Z,no,,KXVSFANTASYBRA,kalshi
KXCHANCELLOR,Will  win the German Chancellorship?,"If the first Chancellor for the next session of Parliament is a member of Left, then the market resolves to Yes.",Elections,2025-05-07T01:24:33.682578Z,no,,KXCHANCELLOR,kalshi
KXNYCCOUNCIL4,Who will win the NYC City Council election in District 4?,"If Rachel Storch wins the New York City Counil race for District 4 in 2025, then the market resolves to Yes.",Politics,2025-11-07T17:12:49.335584Z,no,,KXNYCCOUNCIL4,kalshi
KXALEAGUEGAME,Brisbane Roar FC vs Newcastle United Jets Winner?,"If Newcastle United Jets wins the Brisbane Roar FC vs Newcastle United Jets professional Australia A League soccer game originally scheduled for Nov 9, 2025 after 90 minutes plus stoppage time (does not include extra time or penalties), then the market resolves to Yes.
The following market refers to the Brisbane Roar FC vs Newcastle United Jets professional Australia A League soccer game originally scheduled for Nov 9, 2025 after 90 minutes plus stoppage time (does not include extra time or penalties). If the game ends in a tie, the market called ""Tie"" resolves to Yes. If the game is cancelled or rescheduled to over two weeks away, the market will resolve to a fair price in accordance with the rules.",Sports,2025-11-09T08:00:07.685293Z,no,,KXALEAGUEGAME,kalshi
KXIPOKLARNA,When will Klarna IPO?,"If Klarna confirms an IPO before May 1, 2027, then the market resolves to Yes.
An IPO is confirmed if 1) the SEC declares the company's Form S-1 effective OR 2) the IPO is priced OR 3) a securities exchange has assigned a ticker to it. As long as any of those events occur, the market will immediately resolve to Yes, even if the company does not start trading until after May 1, 2027.",Economics,2025-09-02T16:02:30.65813Z,yes,,KXIPOKLARNA,kalshi
KXGOVREOPEN2025,Will the federal government shut down for fewer than 92 days?,"If the ongoing federal government shutdown (starting October 1) lasts for less than 92 days (ends before 10:00 AM ET January 1, 2026), then the market resolves to Yes.
A shutdown is determined by notices on the U.S. Office of Personnel Management website indicating the federal government is at least partially shut down due to a lapse in appropriations. Days are counted based on notices checked at 10:00 AM ET each day. If there are multiple government shutdowns during the relevant period, this market only applies to the first shutdown, as the market will resolve after the end of the first shutdown. Notices of emergency furloughs or impacted government operations count toward the shutdown days. Office closures due to holidays or inclement weather do not count. If no shutdown occurs during the period, markets asking for counts above zero resolve to No, while markets asking for zero days resolve to Yes. Days count toward the total when OPM's website indicates an ongoing shutdown due to lapsed appropriations, regardless of whether such days are also federal holidays. For example, if a shutdown notice remains on October 13, 2025 (Columbus Day), that day will count.",Politics,2025-11-13T15:41:25.922519Z,yes,,KXGOVREOPEN2025,kalshi
KXSUBWAY,"Will NYC subway ridership reach 85% of the pre-Covid average before Jan 1, 2026?","If NYC subway ridership reaches a seven-day average of at least 3.95 million riders before Jan 1, 2026, then the market resolves to Yes.
The subway had an average daily ridership of 4.65 million persons in 2019.",Companies,2025-11-06T17:36:19.978106Z,yes,,KXSUBWAY,kalshi
KXNHLTOTAL,Nashville vs Pittsburgh: Total Points,"If Nashville and Pittsburgh collectively score over 7.5 total goals in the Nashville at Pittsburgh professional hockey game originally scheduled for Nov 16, 2025, then the market resolves to Yes.",Sports,2025-11-16T17:19:43.228965Z,no,,KXNHLTOTAL,kalshi
KXTAYLORSWIFT,Will Taylor Swift release another album this year?,"If Taylor Swift releases another album on Spotify before Jan 1, 2026, then the market resolves to Yes.
**For the purposes of this market, The Life of a Showgirl (scheduled for release on October 3, 2025) does not count toward resolution. Resolution depends on whether Taylor Swift releases another album before the Expiration Date.

To qualify, the release must appear as a separate album entry under Taylor Swift’s “Albums” section on Spotify. Deluxe editions, extended versions, or bonus-track albums qualify only if they are released as distinct albums, not merely updates to an existing album entry. Singles, previews, EPs, compilations, and live albums do not qualify.**",Entertainment,2025-10-03T04:04:55.89373Z,yes,,KXTAYLORSWIFT,kalshi
KXSPOTIFYD,"Top USA Song on Spotify on Nov 15, 2025?","If The Fate of Ophelia is #1 on the Daily Top Songs USA chart on the chart dated Nov 15, 2025, then the market resolves to Yes.",Entertainment,2025-11-16T04:59:00Z,yes,,KXSPOTIFYD,kalshi
KXCHOPINCOMPETITION,19th International Fryderyk Chopin Piano Competition 2025 Winner?,"If Zitong Wang wins the 19th International Fryderyk Chopin Piano Competition 2025, then the market resolves to Yes.",Entertainment,2025-10-23T18:00:58.594172Z,no,,KXCHOPINCOMPETITION,kalshi
KXTNFMENTION,What will Al Michaels and/or Kirk Herbstreit say during New York at New England pro football game commentary?,"If Al Michaels and/or Kirk Herbstreit says Robert Kraft as part of New York at New England pro football game commentary, then the market resolves to Yes.
Video of the New York at New England pro football game commentary will be primarily used to resolve the market; if a consensus by Kalshi employees cannot be reached using video, transcripts of the New York at New England pro football game commentary will be used according to the news publications listed in the contract. The exact phrase/word, or a plural or possessive form of the phrase/word, must be used. Grammatical/tense inflections are otherwise not included. Please see full rules for more details. Commentary will count once kick off has occurred and end once the game has concluded. Should the game go into overtime, the commentary will continue to count until the game has ended.",Mentions,2025-11-14T15:00:00Z,no,,KXTNFMENTION,kalshi
KXEUROVISIONTELEV,Who will win the Televote in Eurovision 2025?,"If Switzerland wins Televote in Eurovision 2025, then the market resolves to Yes.",Entertainment,2025-05-17T23:28:55.467037Z,no,,KXEUROVISIONTELEV,kalshi
KXFIDECANDIDATES,Who will qualify for the FIDE Candidates tournament?,"If Anish Giri qualifying for the 2026 World Chess Championship Candidates Tournament, then the market resolves to Yes.
This will be determined by whether or not they qualify; if they qualify but do not end up competing, the market will still resolve to Yes.",Sports,2025-09-16T15:24:06.414041Z,yes,,KXFIDECANDIDATES,kalshi
KXLATINGRAMMYAOTY,Album of the Year winner at the Latin Grammy Awards?,"If ¿Y Ahora Qué? wins Album of the Year at the 2025 Latin Grammy Awards, then the market resolves to Yes.",Entertainment,2025-11-14T15:44:53.167978Z,no,,KXLATINGRAMMYAOTY,kalshi
KXSWIFTMENTION,What will Taylor Swift say during New Heights Show?,"If Taylor Swift says This Week as part of New Heights Show, then the market resolves to Yes.
Video of the New Heights Show will be primarily used to resolve the market; if a consensus by Kalshi employees cannot be reached using video, transcripts of the New Heights Show will be used according to the news publications listed in the contract. The exact phrase/word, or a plural or possessive form of the phrase/word, must be used. Grammatical/tense inflections are otherwise not included. Please see full rules for more details.",Politics,2025-08-14T16:40:56.665322Z,yes,,KXSWIFTMENTION,kalshi
KXF1RACE,Sao Paulo Grand Prix Winner?,"If Max Verstappen wins the Sao Paulo Grand Prix, then the market resolves to Yes.",Sports,2025-11-09T21:59:40.217383Z,no,,KXF1RACE,kalshi
KXNEWCOINCHAIN,What chain will Kanye launch his token on?,"If Kanye West launches a digital asset on Solana before ||nDate ||, then the market resolves to Yes.",Crypto,2025-09-26T12:00:12.720754Z,yes,,KXNEWCOINCHAIN,kalshi
KX1SONGTAYLORSWIFT,"Will Taylor Swift have a #1 hit by Dec 27, 2025?","If Taylor Swift has a #1 song on the Billboard Hot 100 (including features), by the Billboard issue for the week of Dec 27, 2025, then the market resolves to Yes.
**This market and these products have not been endorsed by Billboard. Any references to ""Billboard"", the ""Hot 100,"" or any other associated marks are descriptive only, and do not indicate an endorsement of this product or any affiliation between Billboard and Kalshi.** For the purposes of this market, the last Billboard chart that will be included is the one published for Dec 27, 2025.",Entertainment,2025-10-13T19:09:12.695163Z,yes,,KX1SONGTAYLORSWIFT,kalshi
KXNCAAFSPREAD,Wyoming wins by over 9.5 points?,"If Wyoming wins the Wyoming at Fresno St. college football game originally scheduled for Nov 15, 2025 by more than 9.5 points, then the market resolves to Yes.
Kalshi is not affiliated,  associated,  authorized, endorsed by, or in any way officially connected with the NCAA. All trademarks, logos, and brand names are the property of their respective owners.",Sports,2025-11-16T08:29:33.536085Z,no,,KXNCAAFSPREAD,kalshi
KXNASDAQ100U,"Will the Nasdaq-100 be above 28399.99 at the end of Nov 14, 2025 at 4pm EST?","If the end-of-day Nasdaq 100 index value on November 14, 2025 is above 28399.99, then the market resolves to Yes.
The market will close on November 14, 2025. The market will expire at the sooner of the first release of the data, or one week after November 14, 2025.

Pursuant to the Kalshi Rulebook, the Exchange has modified the Source Agency and Underlying for indices markets. See the rules for more information.",Financials,2025-11-14T21:00:00Z,no,,KXNASDAQ100U,kalshi
KXSENATERUN,Will Roy Cooper run for US Senate?,"If Roy Cooper runs for US Senate before Sep 1, 2026, then the market resolves to Yes.
Note: FEC filings alone do not resolve this market to Yes.",Politics,2025-09-16T17:38:54.70673Z,yes,,KXSENATERUN,kalshi
KXEARNINGSMENTIONBLK,What will  say during their next earnings call?,"If Regulatory reform is said by any BlackRock representative (including the operator of the call) during the next BlackRock earnings call (including the Q+A), then the market resolves to Yes.
Video of the BlackRock earnings call will be primarily used to resolve the market; if a consensus by Kalshi employees cannot be reached using video, transcripts of the BlackRock earnings call will be used according to the news publications listed in the contract. The exact phrase/word, or a plural or possessive form of the phrase/word, must be used. Grammatical/tense inflections are otherwise not included. Please see full rules for more details.",Companies,2025-10-15T13:52:34.712754Z,no,,KXEARNINGSMENTIONBLK,kalshi
KXNGASMAX,"Will the price of natural gas get above $4 per million BTU by December 29, 2025?","If the spot price of Henry Hub natural gas hits above $4 per million BTU on any day between January 07, 2025 and December 29, 2025 as reported by the EIA, then the market resolves to Yes.",Economics,2025-11-04T15:22:55.984098Z,yes,,KXNGASMAX,kalshi
KXEVCREDITS,"Will Trump end the electric vehicle tax credit before Jan 20, 2029?","If the electric vehicle tax credit has been eliminated before Jan 20, 2029, then the market resolves to Yes.",Politics,2025-07-07T19:52:47.944217Z,yes,,KXEVCREDITS,kalshi
KXEARNINGSMENTIONUAL,"What will United Airlines Holdings, Inc. say during their next earnings call?","If Weather is said by any United Airlines Holdings, Inc. representative (including the operator of the call) during the next United Airlines Holdings, Inc. earnings call (including the Q+A), then the market resolves to Yes.
Video of the United Airlines Holdings, Inc. earnings call will be primarily used to resolve the market; if a consensus by Kalshi employees cannot be reached using video, transcripts of the United Airlines Holdings, Inc. earnings call will be used according to the news publications listed in the contract. The exact phrase/word, or a plural or possessive form of the phrase/word, must be used. Grammatical/tense inflections are otherwise not included. Please see full rules for more details.",Companies,2025-10-16T20:56:50.383803Z,yes,,KXEARNINGSMENTIONUAL,kalshi
KXTOPSONGRECORDGOLDEN,How long will Golden be #1?,"If Golden  by HUNTR/X: EJAE, Audrey Nuna & REI AMI has had the #1 spot on the Billboard Hot 100 for more than 6 consecutive weeks, then the market resolves to Yes.
**This market and these products have not been endorsed by Billboard. Any references to ""Billboard"", the ""Hot 100,"" or any other associated marks are descriptive only, and do not indicate an endorsement of this product or any affiliation between Billboard and Kalshi.** If this event occurs, or the streak ends, the market will close the following 10am ET. This market specifically encompasses the first streak Golden holds.",Entertainment,2025-08-19T15:41:37.214366Z,no,,KXTOPSONGRECORDGOLDEN,kalshi
KXWHVISIT,"Will Volodymyr Zelenskyy visit the White House before Jan 1, 2026?","If Volodymyr Zelenskyy visits the White House after May 2, 2025 and before Jan 1, 2026, then the market resolves to Yes.
This means a physical visit to any of: The Executive Residence, the West Wing, the East Wing, the Eisenhower Executive Office Building, and all gardens, lawns, and outdoor spaces within the secured perimeter of the White House, including the Rose Garden and the South Lawn. The announcement must occur after Issuance and before Jan 1, 2026 and so must the actual visit.",Politics,2025-08-23T18:38:52.146315Z,yes,,KXWHVISIT,kalshi
KXNGUARDCITY,What cities will Trump send the National Guard to in 2025?,"If the National Guard is deployed to Portland before Jan 1, 2026, then the market resolves to Yes.",Politics,2025-10-30T19:27:40.941135Z,yes,,KXNGUARDCITY,kalshi
KXUSDJPY,"Will the USD/JPY open price be below 153.000 at Nov 14, 2025 at 10am EST?","If the open price of the Dollar/Yen for November 14, 2025 is below 153.000 at 10 AM EST, then the market resolves to Yes.",Financials,2025-11-14T15:00:00Z,no,,KXUSDJPY,kalshi
KXTRUMPMENTION,What will Trump say during Meeting at the White House With South Korean President Lee Jae Myung?,"If Trump says Tariff as part of Meeting at the White House With South Korean President Lee Jae Myung, then the market resolves to Yes.
Video of the Meeting at the White House With South Korean President Lee Jae Myung will be primarily used to resolve the market; if a consensus by Kalshi employees cannot be reached using video, transcripts of the Meeting at the White House With South Korean President Lee Jae Myung will be used according to the news publications listed in the contract. The exact phrase/word, or a plural or possessive form of the phrase/word, must be used. Grammatical/tense inflections are otherwise not included. Please see full rules for more details.",Politics,2025-08-27T03:02:01.00395Z,yes,,KXTRUMPMENTION,kalshi
KXEURUSD,"Will the EUR/USD open price be below 1.14800 at Nov 14, 2025 at 10am EST?","If the open price of the Euro/Dollar for November 14, 2025 is below 1.14800 at 10 AM EST, then the market resolves to Yes.",Financials,2025-11-14T15:00:00Z,no,,KXEURUSD,kalshi
KXNFLWINS-IND,Will the Indianapolis pro football team win more than 15 times this season?,"If the Indianapolis pro football team has more than 15 wins in the 2025-26 regular season, then the market resolves to Yes.
Ties do not count as wins.",Sports,2025-11-03T17:25:13.316307Z,no,,KXNFLWINS-IND,kalshi
KXUECLGAME,Shkendija Tetovo vs Jagiellonia Bialystok Winner?,"If Tie wins the Shkendija Tetovo vs Jagiellonia Bialystok professional Conference League soccer game originally scheduled for Nov 6, 2025 after 90 minutes plus stoppage time (does not include extra time or penalties), then the market resolves to Yes.
The following market refers to the Shkendija Tetovo vs Jagiellonia Bialystok professional Conference League soccer game originally scheduled for Nov 6, 2025 after 90 minutes plus stoppage time (does not include extra time or penalties). If the game ends in a tie, the market called ""Tie"" resolves to Yes. If the game is cancelled or rescheduled to over two weeks away, the market will resolve to a fair price in accordance with the rules.",Sports,2025-11-06T22:11:21.457909Z,yes,,KXUECLGAME,kalshi
KXBESTACTRMUS,Will Nicole Scherzinger win Best Performance by an Actress in a Leading Role in a Musical at the Tonys?,"If Nicole Scherzinger has won Best Performance by an Actress in a Leading Role in a Musical at the 78th Academy Awards, then the market resolves to Yes.
The 78th Tony Awards are expected to be held on June 8th, 2025.",Entertainment,2025-06-09T04:17:48.538579Z,yes,,KXBESTACTRMUS,kalshi
KXCOLLEGEDROP,Will Yale drop in national university rankings?,"If Yale drops in the rankings, then the market resolves to Yes.
All that matters is the rank associated with the college/university -- even if a single university goes from being alone in first place to being tied for first place, that is not a drop in ranking. The 2026 Best National University Rankings are expected to be released in September 2025.",Education,2025-09-23T23:42:09.95871Z,no,,KXCOLLEGEDROP,kalshi
KXRESCISSIONBILL,Will Congress approve a budget rescission request by Trump?,"If a budget rescission request from the President is approved by both houses of Congress before Jan 1, 2026, then the market resolves to Yes.",Politics,2025-07-23T21:08:06.718729Z,yes,,KXRESCISSIONBILL,kalshi
KXBUNDESLIGAGAME,Frankfurt vs Mainz Winner?,"If Tie wins the Frankfurt vs Mainz professional Bundesliga soccer game originally scheduled for Nov 9, 2025 after 90 minutes plus stoppage time (does not include extra time or penalties), then the market resolves to Yes.
The following market refers to the Frankfurt vs Mainz professional Bundesliga soccer game originally scheduled for Nov 9, 2025 after 90 minutes plus stoppage time (does not include extra time or penalties). If the game ends in a tie, the market called ""Tie"" resolves to Yes. If the game is cancelled or rescheduled to over two weeks away, the market will resolve to a fair price in accordance with the rules.",Sports,2025-11-09T20:29:30.389932Z,no,,KXBUNDESLIGAGAME,kalshi
KXHULKHOGANATTEND,Who will attend Hulk Hogan's funeral?,"If Ric Flair attends Hulk Hogan's funeral, then the market resolves to Yes.",Entertainment,2025-08-06T15:57:02.062712Z,yes,,KXHULKHOGANATTEND,kalshi
KXBILATERALMENTION,What will Trump say during Next Bilateral Meeting with a Foreign Leader in the Oval Office?,"If Trump says Withdraw / Withdrawal as part of the Next Bilateral Meeting with a Foreign Leader in the Oval Office, then the market resolves to Yes.
Video of the Next Bilateral Meeting with a Foreign Leader in the Oval Office will be primarily used to resolve the market; if a consensus by Kalshi employees cannot be reached using video, transcripts of the Next Bilateral Meeting with a Foreign Leader in the Oval Office will be used according to the news publications listed in the contract. The exact phrase/word, or a plural or possessive form of the phrase/word, must be used. Grammatical/tense inflections are otherwise not included. Please see full rules for more details. If the event does not occur before Jan 29, 2026, then a strike for the event not occurring will resolve to Yes and all other strikes will resolve to No.",Politics,2025-08-19T19:33:49.525585Z,no,,KXBILATERALMENTION,kalshi
KXEARNINGSMENTIONDKNG,What will DraftKings Inc. say during their next earnings call?,"If Retention is said by any DraftKings Inc. representative (including the operator of the call) during the next DraftKings Inc. earnings call (including the Q+A), then the market resolves to Yes.
Video of the DraftKings Inc. earnings call will be primarily used to resolve the market; if a consensus by Kalshi employees cannot be reached using video, transcripts of the DraftKings Inc. earnings call will be used according to the news publications listed in the contract. The exact phrase/word, or a plural or possessive form of the phrase/word, must be used. Grammatical/tense inflections are otherwise not included. Please see full rules for more details.",Companies,2025-11-07T17:35:11.953662Z,yes,,KXEARNINGSMENTIONDKNG,kalshi
